{"type":"FeatureCollection","source":"USGS Gazetteer of Planetary Nomenclature","features":[{"type":"Feature","geometry":{"type":"Point","coordinates":[-36.897,-27.2282]},"properties":{"name":"Blunck","type":"Crater","diameter_km":66.485001,"link":"https://planetarynames.wr.usgs.gov/Feature/15149"}},{"type":"Feature","geometry":{"type":"Point","coordinates":[-36.4134,-30.3621]},"properties":{"name":"Martynov","type":"Crater","diameter_km":61.130001,"link":"https://planetarynames.wr.usgs.gov/Feature/15152"}},{"type":"Feature","geometry":{"type":"Point","coordinates":[32.5298,87.7297]},"properties":{"name":"Vastitas Borealis","type":"Vastitas","diameter_km":2002.908,"link":"https://planetarynames.wr.usgs.gov/Feature/6333"}},{"type":"Feature","geometry":{"type":"Point","coordinates":[114.9028,23.5385]},"properties":{"name":"Hephaestus Rupes","type":"Rupes","diameter_km":1707.4449,"link":"https://planetarynames.wr.usgs.gov/Feature/2459"}},{"type":"Feature","geometry":{"type":"Point","coordinates":[1.3883,84.7639]},"properties":{"name":"Tenuis Cavus","type":"Cavus","diameter_km":51.525242,"link":"https://planetarynames.wr.usgs.gov/Feature/6963"}},{"type":"Feature","geometry":{"type":"Point","coordinates":[-2.75999999999999,-86.876]},"properties":{"name":"Australe Mensa","type":"Mensa","diameter_km":172.0,"link":"https://planetarynames.wr.usgs.gov/Feature/485"}},{"type":"Feature","geometry":{"type":"Point","coordinates":[130.9844,-34.804]},"properties":{"name":"Artik","type":"Crater","diameter_km":5.3590002,"link":"https://planetarynames.wr.usgs.gov/Feature/15166"}},{"type":"Feature","geometry":{"type":"Point","coordinates":[77.0034,22.9271]},"properties":{"name":"Koshoba","type":"Crater","diameter_km":10.334,"link":"https://planetarynames.wr.usgs.gov/Feature/15167"}},{"type":"Feature","geometry":{"type":"Point","coordinates":[157.7,-83.35]},"properties":{"name":"Planum Australe","type":"Planum","diameter_km":1429.87,"link":"https://planetarynames.wr.usgs.gov/Feature/4753"}},{"type":"Feature","geometry":{"type":"Point","coordinates":[-65.0,-9.885]},"properties":{"name":"Ophir","type":"Albedo Feature","diameter_km":0.0,"link":"https://planetarynames.wr.usgs.gov/Feature/4473"}},{"type":"Feature","geometry":{"type":"Point","coordinates":[40.0,19.7836]},"properties":{"name":"Phison","type":"Albedo Feature","diameter_km":0.0,"link":"https://planetarynames.wr.usgs.gov/Feature/4696"}},{"type":"Feature","geometry":{"type":"Point","coordinates":[-157.7103,-45.0735]},"properties":{"name":"Reutov","type":"Crater","diameter_km":18.02,"link":"https://planetarynames.wr.usgs.gov/Feature/15157"}},{"type":"Feature","geometry":{"type":"Point","coordinates":[-158.01,-45.02]},"properties":{"name":"Belyov","type":"Crater","diameter_km":0.2,"link":"https://planetarynames.wr.usgs.gov/Feature/15158"}},{"type":"Feature","geometry":{"type":"Point","coordinates":[-157.96,-45.04]},"properties":{"name":"Tyuratam","type":"Crater","diameter_km":0.3,"link":"https://planetarynames.wr.usgs.gov/Feature/15159"}},{"type":"Feature","geometry":{"type":"Point","coordinates":[152.7278,-45.669]},"properties":{"name":"Electris Mons","type":"Mons","diameter_km":104.474,"link":"https://planetarynames.wr.usgs.gov/Feature/15160"}},{"type":"Feature","geometry":{"type":"Point","coordinates":[137.8649,-57.0205]},"properties":{"name":"Eridania Mons","type":"Mons","diameter_km":143.289,"link":"https://planetarynames.wr.usgs.gov/Feature/15161"}},{"type":"Feature","geometry":{"type":"Point","coordinates":[-147.8491,-38.215]},"properties":{"name":"Sirenum Mons","type":"Mons","diameter_km":122.857,"link":"https://planetarynames.wr.usgs.gov/Feature/15162"}},{"type":"Feature","geometry":{"type":"Point","coordinates":[-144.7865,-34.6441]},"properties":{"name":"Sirenum Tholus","type":"Tholus","diameter_km":53.895,"link":"https://planetarynames.wr.usgs.gov/Feature/15163"}},{"type":"Feature","geometry":{"type":"Point","coordinates":[-85.0,-34.6828]},"properties":{"name":"Thaumasia","type":"Albedo Feature","diameter_km":0.0,"link":"https://planetarynames.wr.usgs.gov/Feature/5952"}},{"type":"Feature","geometry":{"type":"Point","coordinates":[-49.1522,21.5334]},"properties":{"name":"New Bern","type":"Crater","diameter_km":1.72692,"link":"https://planetarynames.wr.usgs.gov/Feature/4229"}},{"type":"Feature","geometry":{"type":"Point","coordinates":[-10.6878,-24.8979]},"properties":{"name":"Novara","type":"Crater","diameter_km":86.98201,"link":"https://planetarynames.wr.usgs.gov/Feature/4347"}},{"type":"Feature","geometry":{"type":"Point","coordinates":[-49.0718,22.5499]},"properties":{"name":"Portsmouth","type":"Crater","diameter_km":1.49682,"link":"https://planetarynames.wr.usgs.gov/Feature/4806"}},{"type":"Feature","geometry":{"type":"Point","coordinates":[-64.8318,52.4358]},"properties":{"name":"Perepelkin","type":"Crater","diameter_km":77.4571,"link":"https://planetarynames.wr.usgs.gov/Feature/4656"}},{"type":"Feature","geometry":{"type":"Point","coordinates":[-48.1787,21.1033]},"properties":{"name":"Port Au Prince","type":"Crater","diameter_km":1.5221699,"link":"https://planetarynames.wr.usgs.gov/Feature/4802"}},{"type":"Feature","geometry":{"type":"Point","coordinates":[-97.4786,25.0542]},"properties":{"name":"Rahe","type":"Crater","diameter_km":34.443459,"link":"https://planetarynames.wr.usgs.gov/Feature/4926"}},{"type":"Feature","geometry":{"type":"Point","coordinates":[118.9443,-75.5714]},"properties":{"name":"Rayleigh","type":"Crater","diameter_km":125.65888,"link":"https://planetarynames.wr.usgs.gov/Feature/4967"}},{"type":"Feature","geometry":{"type":"Point","coordinates":[-48.0393,22.8729]},"properties":{"name":"San Juan","type":"Crater","diameter_km":1.23197,"link":"https://planetarynames.wr.usgs.gov/Feature/5299"}},{"type":"Feature","geometry":{"type":"Point","coordinates":[-47.2641,21.2455]},"properties":{"name":"Santa Cruz","type":"Crater","diameter_km":1.35251,"link":"https://planetarynames.wr.usgs.gov/Feature/5310"}},{"type":"Feature","geometry":{"type":"Point","coordinates":[-47.778,22.0207]},"properties":{"name":"Savannah","type":"Crater","diameter_km":1.34411,"link":"https://planetarynames.wr.usgs.gov/Feature/5344"}},{"type":"Feature","geometry":{"type":"Point","coordinates":[-36.2153,79.2135]},"properties":{"name":"Sevel","type":"Crater","diameter_km":7.3888998,"link":"https://planetarynames.wr.usgs.gov/Feature/5444"}},{"type":"Feature","geometry":{"type":"Point","coordinates":[137.2605,83.9337]},"properties":{"name":"Puyo","type":"Crater","diameter_km":9.9357405,"link":"https://planetarynames.wr.usgs.gov/Feature/14159"}},{"type":"Feature","geometry":{"type":"Point","coordinates":[113.7817,19.9821]},"properties":{"name":"Tomari","type":"Crater","diameter_km":5.29392,"link":"https://planetarynames.wr.usgs.gov/Feature/6054"}},{"type":"Feature","geometry":{"type":"Point","coordinates":[20.0,-14.8317]},"properties":{"name":"Deucalionis Regio","type":"Albedo Feature","diameter_km":0.0,"link":"https://planetarynames.wr.usgs.gov/Feature/1506"}},{"type":"Feature","geometry":{"type":"Point","coordinates":[0.0,34.6828]},"properties":{"name":"Deuteronilus","type":"Albedo Feature","diameter_km":0.0,"link":"https://planetarynames.wr.usgs.gov/Feature/1507"}},{"type":"Feature","geometry":{"type":"Point","coordinates":[-44.5472,-42.4046]},"properties":{"name":"Tombe","type":"Crater","diameter_km":5.9942098,"link":"https://planetarynames.wr.usgs.gov/Feature/6055"}},{"type":"Feature","geometry":{"type":"Point","coordinates":[-47.4745,21.6046]},"properties":{"name":"Wilmington","type":"Crater","diameter_km":1.34593,"link":"https://planetarynames.wr.usgs.gov/Feature/6554"}},{"type":"Feature","geometry":{"type":"Point","coordinates":[146.1175,-49.4052]},"properties":{"name":"Tycho Brahe","type":"Crater","diameter_km":105.27357,"link":"https://planetarynames.wr.usgs.gov/Feature/6164"}},{"type":"Feature","geometry":{"type":"Point","coordinates":[-44.7533,-43.8669]},"properties":{"name":"Yungay","type":"Crater","diameter_km":19.69488,"link":"https://planetarynames.wr.usgs.gov/Feature/6681"}},{"type":"Feature","geometry":{"type":"Point","coordinates":[157.222,13.2662]},"properties":{"name":"Dilly","type":"Crater","diameter_km":2.1252899,"link":"https://planetarynames.wr.usgs.gov/Feature/6948"}},{"type":"Feature","geometry":{"type":"Point","coordinates":[-69.311,82.2127]},"properties":{"name":"Crotone","type":"Crater","diameter_km":6.2758498,"link":"https://planetarynames.wr.usgs.gov/Feature/14153"}},{"type":"Feature","geometry":{"type":"Point","coordinates":[110.0,-39.6672]},"properties":{"name":"Ausonia","type":"Albedo Feature","diameter_km":0.0,"link":"https://planetarynames.wr.usgs.gov/Feature/479"}},{"type":"Feature","geometry":{"type":"Point","coordinates":[137.8453,-5.0834]},"properties":{"name":"Aeolis Mons","type":"Mons","diameter_km":88.990997,"link":"https://planetarynames.wr.usgs.gov/Feature/15000"}},{"type":"Feature","geometry":{"type":"Point","coordinates":[-5.49799999999999,-2.0523]},"properties":{"name":"Victoria","type":"Crater","diameter_km":0.88418001,"link":"https://planetarynames.wr.usgs.gov/Feature/14522"}},{"type":"Feature","geometry":{"type":"Point","coordinates":[-140.0,0.0]},"properties":{"name":"Amazonis","type":"Albedo Feature","diameter_km":0.0,"link":"https://planetarynames.wr.usgs.gov/Feature/218"}},{"type":"Feature","geometry":{"type":"Point","coordinates":[100.91,-14.3267]},"properties":{"name":"Tivoli","type":"Crater","diameter_km":32.797649,"link":"https://planetarynames.wr.usgs.gov/Feature/14768"}},{"type":"Feature","geometry":{"type":"Point","coordinates":[99.0444,-25.4165]},"properties":{"name":"Ausonia Montes","type":"Mons","diameter_km":333.13199,"link":"https://planetarynames.wr.usgs.gov/Feature/482"}},{"type":"Feature","geometry":{"type":"Point","coordinates":[-5.19549999999998,-2.2836]},"properties":{"name":"Endeavour","type":"Crater","diameter_km":21.77899,"link":"https://planetarynames.wr.usgs.gov/Feature/14501"}},{"type":"Feature","geometry":{"type":"Point","coordinates":[71.8151,17.0354]},"properties":{"name":"Toro","type":"Crater","diameter_km":41.399502,"link":"https://planetarynames.wr.usgs.gov/Feature/14521"}},{"type":"Feature","geometry":{"type":"Point","coordinates":[-47.7968,22.6263]},"properties":{"name":"Charleston","type":"Crater","diameter_km":1.96172,"link":"https://planetarynames.wr.usgs.gov/Feature/1152"}},{"type":"Feature","geometry":{"type":"Point","coordinates":[-167.0683,-37.6605]},"properties":{"name":"Galap","type":"Crater","diameter_km":5.9869599,"link":"https://planetarynames.wr.usgs.gov/Feature/14545"}},{"type":"Feature","geometry":{"type":"Point","coordinates":[-54.0196,-16.9289]},"properties":{"name":"Saravan","type":"Crater","diameter_km":46.886822,"link":"https://planetarynames.wr.usgs.gov/Feature/14542"}},{"type":"Feature","geometry":{"type":"Point","coordinates":[-7.05119999999999,7.9739]},"properties":{"name":"Danielson","type":"Crater","diameter_km":64.297302,"link":"https://planetarynames.wr.usgs.gov/Feature/14544"}},{"type":"Feature","geometry":{"type":"Point","coordinates":[111.6113,-38.4142]},"properties":{"name":"Lipik","type":"Crater","diameter_km":48.95113,"link":"https://planetarynames.wr.usgs.gov/Feature/14546"}},{"type":"Feature","geometry":{"type":"Point","coordinates":[-50.0,-14.8317]},"properties":{"name":"Aurorae Sinus","type":"Albedo Feature","diameter_km":0.0,"link":"https://planetarynames.wr.usgs.gov/Feature/477"}},{"type":"Feature","geometry":{"type":"Point","coordinates":[-14.5761,-64.8456]},"properties":{"name":"Sarh","type":"Crater","diameter_km":50.266998,"link":"https://planetarynames.wr.usgs.gov/Feature/14547"}},{"type":"Feature","geometry":{"type":"Point","coordinates":[57.7517,3.0795]},"properties":{"name":"Leighton","type":"Crater","diameter_km":65.944702,"link":"https://planetarynames.wr.usgs.gov/Feature/14602"}},{"type":"Feature","geometry":{"type":"Point","coordinates":[-157.6912,-30.1962]},"properties":{"name":"Cross","type":"Crater","diameter_km":66.56649,"link":"https://planetarynames.wr.usgs.gov/Feature/14562"}},{"type":"Feature","geometry":{"type":"Point","coordinates":[-55.0,-44.6618]},"properties":{"name":"Nereidum Fretum","type":"Albedo Feature","diameter_km":0.0,"link":"https://planetarynames.wr.usgs.gov/Feature/4213"}},{"type":"Feature","geometry":{"type":"Point","coordinates":[119.6206,10.9176]},"properties":{"name":"Doba","type":"Crater","diameter_km":25.888599,"link":"https://planetarynames.wr.usgs.gov/Feature/14570"}},{"type":"Feature","geometry":{"type":"Point","coordinates":[-87.9163,-53.3301]},"properties":{"name":"Aonia Mons","type":"Mons","diameter_km":27.069,"link":"https://planetarynames.wr.usgs.gov/Feature/15090"}},{"type":"Feature","geometry":{"type":"Point","coordinates":[4.9252,-46.9681]},"properties":{"name":"Asimov","type":"Crater","diameter_km":80.821793,"link":"https://planetarynames.wr.usgs.gov/Feature/14567"}},{"type":"Feature","geometry":{"type":"Point","coordinates":[88.0,37.6723]},"properties":{"name":"Neith Regio","type":"Albedo Feature","diameter_km":0.0,"link":"https://planetarynames.wr.usgs.gov/Feature/4198"}},{"type":"Feature","geometry":{"type":"Point","coordinates":[130.7574,-37.3593]},"properties":{"name":"Pursat","type":"Crater","diameter_km":17.545099,"link":"https://planetarynames.wr.usgs.gov/Feature/14623"}},{"type":"Feature","geometry":{"type":"Point","coordinates":[116.4755,10.228]},"properties":{"name":"Canillo","type":"Crater","diameter_km":33.925098,"link":"https://planetarynames.wr.usgs.gov/Feature/14569"}},{"type":"Feature","geometry":{"type":"Point","coordinates":[-161.7895,-37.2059]},"properties":{"name":"Kamnik","type":"Crater","diameter_km":10.37349,"link":"https://planetarynames.wr.usgs.gov/Feature/14621"}},{"type":"Feature","geometry":{"type":"Point","coordinates":[119.0088,8.23]},"properties":{"name":"Ehden","type":"Crater","diameter_km":57.395,"link":"https://planetarynames.wr.usgs.gov/Feature/14571"}},{"type":"Feature","geometry":{"type":"Point","coordinates":[129.3998,-35.7179]},"properties":{"name":"Gasa","type":"Crater","diameter_km":7.0252199,"link":"https://planetarynames.wr.usgs.gov/Feature/14593"}},{"type":"Feature","geometry":{"type":"Point","coordinates":[140.7532,-32.0599]},"properties":{"name":"Horowitz","type":"Crater","diameter_km":64.902191,"link":"https://planetarynames.wr.usgs.gov/Feature/14620"}},{"type":"Feature","geometry":{"type":"Point","coordinates":[-80.04,-59.0372]},"properties":{"name":"Aonia Tholus","type":"Tholus","diameter_km":53.688,"link":"https://planetarynames.wr.usgs.gov/Feature/15089"}},{"type":"Feature","geometry":{"type":"Point","coordinates":[122.0971,-32.7458]},"properties":{"name":"Kandi","type":"Crater","diameter_km":8.2384005,"link":"https://planetarynames.wr.usgs.gov/Feature/14622"}},{"type":"Feature","geometry":{"type":"Point","coordinates":[150.5697,-41.6872]},"properties":{"name":"Roseau","type":"Crater","diameter_km":6.48632,"link":"https://planetarynames.wr.usgs.gov/Feature/14624"}},{"type":"Feature","geometry":{"type":"Point","coordinates":[-158.1905,-6.9643]},"properties":{"name":"Nicer Vallis","type":"Vallis","diameter_km":22.602289,"link":"https://planetarynames.wr.usgs.gov/Feature/4246"}},{"type":"Feature","geometry":{"type":"Point","coordinates":[-137.4487,-43.8831]},"properties":{"name":"Yaren","type":"Crater","diameter_km":9.1935701,"link":"https://planetarynames.wr.usgs.gov/Feature/14625"}},{"type":"Feature","geometry":{"type":"Point","coordinates":[110.0,4.9416]},"properties":{"name":"Amenthes","type":"Albedo Feature","diameter_km":0.0,"link":"https://planetarynames.wr.usgs.gov/Feature/226"}},{"type":"Feature","geometry":{"type":"Point","coordinates":[-47.066,22.7492]},"properties":{"name":"Colon","type":"Crater","diameter_km":1.3621,"link":"https://planetarynames.wr.usgs.gov/Feature/1275"}},{"type":"Feature","geometry":{"type":"Point","coordinates":[34.5934,-49.6102]},"properties":{"name":"Matara","type":"Crater","diameter_km":48.843601,"link":"https://planetarynames.wr.usgs.gov/Feature/14626"}},{"type":"Feature","geometry":{"type":"Point","coordinates":[-62.7197,75.5509]},"properties":{"name":"Siton Undae","type":"Unda","diameter_km":222.97301,"link":"https://planetarynames.wr.usgs.gov/Feature/14280"}},{"type":"Feature","geometry":{"type":"Point","coordinates":[-178.1844,-29.1279]},"properties":{"name":"Kibuye","type":"Crater","diameter_km":7.14469,"link":"https://planetarynames.wr.usgs.gov/Feature/14630"}},{"type":"Feature","geometry":{"type":"Point","coordinates":[15.0,0.0]},"properties":{"name":"Edom","type":"Albedo Feature","diameter_km":0.0,"link":"https://planetarynames.wr.usgs.gov/Feature/1725"}},{"type":"Feature","geometry":{"type":"Point","coordinates":[52.0341,-19.4217]},"properties":{"name":"Cankuzo","type":"Crater","diameter_km":48.447498,"link":"https://planetarynames.wr.usgs.gov/Feature/14651"}},{"type":"Feature","geometry":{"type":"Point","coordinates":[131.8245,-18.2259]},"properties":{"name":"Luqa","type":"Crater","diameter_km":17.135799,"link":"https://planetarynames.wr.usgs.gov/Feature/14652"}},{"type":"Feature","geometry":{"type":"Point","coordinates":[-20.112,23.5662]},"properties":{"name":"Oyama","type":"Crater","diameter_km":100.778,"link":"https://planetarynames.wr.usgs.gov/Feature/14654"}},{"type":"Feature","geometry":{"type":"Point","coordinates":[133.4229,-4.1666]},"properties":{"name":"Robert Sharp","type":"Crater","diameter_km":152.077,"link":"https://planetarynames.wr.usgs.gov/Feature/15002"}},{"type":"Feature","geometry":{"type":"Point","coordinates":[109.6649,-35.926]},"properties":{"name":"Avarua","type":"Crater","diameter_km":49.988701,"link":"https://planetarynames.wr.usgs.gov/Feature/14740"}},{"type":"Feature","geometry":{"type":"Point","coordinates":[137.4215,-4.4652]},"properties":{"name":"Aeolis Palus","type":"Palus","diameter_km":111.628,"link":"https://planetarynames.wr.usgs.gov/Feature/15001"}},{"type":"Feature","geometry":{"type":"Point","coordinates":[66.8073,-21.9047]},"properties":{"name":"Harris","type":"Crater","diameter_km":81.563797,"link":"https://planetarynames.wr.usgs.gov/Feature/14747"}},{"type":"Feature","geometry":{"type":"Point","coordinates":[110.2383,-31.6577]},"properties":{"name":"Dowa","type":"Crater","diameter_km":40.840698,"link":"https://planetarynames.wr.usgs.gov/Feature/14741"}},{"type":"Feature","geometry":{"type":"Point","coordinates":[112.0589,-35.6866]},"properties":{"name":"Fitzroy","type":"Crater","diameter_km":38.169498,"link":"https://planetarynames.wr.usgs.gov/Feature/14742"}},{"type":"Feature","geometry":{"type":"Point","coordinates":[112.8932,-38.5938]},"properties":{"name":"Greg","type":"Crater","diameter_km":68.120872,"link":"https://planetarynames.wr.usgs.gov/Feature/14743"}},{"type":"Feature","geometry":{"type":"Point","coordinates":[108.7034,-31.3071]},"properties":{"name":"Pal","type":"Crater","diameter_km":71.214043,"link":"https://planetarynames.wr.usgs.gov/Feature/14744"}},{"type":"Feature","geometry":{"type":"Point","coordinates":[-12.2388,-23.4631]},"properties":{"name":"Milna","type":"Crater","diameter_km":27.475201,"link":"https://planetarynames.wr.usgs.gov/Feature/14766"}},{"type":"Feature","geometry":{"type":"Point","coordinates":[15.789,38.2366]},"properties":{"name":"Vaduz","type":"Crater","diameter_km":1.99921,"link":"https://planetarynames.wr.usgs.gov/Feature/14767"}},{"type":"Feature","geometry":{"type":"Point","coordinates":[-38.1429,-34.912]},"properties":{"name":"Alitus","type":"Crater","diameter_km":49.99918,"link":"https://planetarynames.wr.usgs.gov/Feature/189"}},{"type":"Feature","geometry":{"type":"Point","coordinates":[-47.7268,23.1644]},"properties":{"name":"Annapolis","type":"Crater","diameter_km":1.11386,"link":"https://planetarynames.wr.usgs.gov/Feature/281"}},{"type":"Feature","geometry":{"type":"Point","coordinates":[-51.7161,14.8386]},"properties":{"name":"Cantoura","type":"Crater","diameter_km":51.59053,"link":"https://planetarynames.wr.usgs.gov/Feature/1009"}},{"type":"Feature","geometry":{"type":"Point","coordinates":[180.0,49.6666]},"properties":{"name":"Diacria","type":"Albedo Feature","diameter_km":0.0,"link":"https://planetarynames.wr.usgs.gov/Feature/1522"}},{"type":"Feature","geometry":{"type":"Point","coordinates":[-47.3528,-47.2805]},"properties":{"name":"Cypress","type":"Crater","diameter_km":14.6722,"link":"https://planetarynames.wr.usgs.gov/Feature/1370"}},{"type":"Feature","geometry":{"type":"Point","coordinates":[-27.886,4.7777]},"properties":{"name":"Tana Vallis","type":"Vallis","diameter_km":56.512001,"link":"https://planetarynames.wr.usgs.gov/Feature/15091"}},{"type":"Feature","geometry":{"type":"Point","coordinates":[-49.5965,-71.6225]},"properties":{"name":"Du Toit","type":"Crater","diameter_km":81.815971,"link":"https://planetarynames.wr.usgs.gov/Feature/1651"}},{"type":"Feature","geometry":{"type":"Point","coordinates":[50.0,9.885]},"properties":{"name":"Aeria","type":"Albedo Feature","diameter_km":0.0,"link":"https://planetarynames.wr.usgs.gov/Feature/68"}},{"type":"Feature","geometry":{"type":"Point","coordinates":[130.0,39.6672]},"properties":{"name":"Aetheria","type":"Albedo Feature","diameter_km":0.0,"link":"https://planetarynames.wr.usgs.gov/Feature/71"}},{"type":"Feature","geometry":{"type":"Point","coordinates":[130.0,9.885]},"properties":{"name":"Aethiopis","type":"Albedo Feature","diameter_km":0.0,"link":"https://planetarynames.wr.usgs.gov/Feature/72"}},{"type":"Feature","geometry":{"type":"Point","coordinates":[-33.2971,-23.9753]},"properties":{"name":"Eberswalde","type":"Crater","diameter_km":62.18737,"link":"https://planetarynames.wr.usgs.gov/Feature/1706"}},{"type":"Feature","geometry":{"type":"Point","coordinates":[134.361,46.9518]},"properties":{"name":"Evpatoriya","type":"Crater","diameter_km":1.03859,"link":"https://planetarynames.wr.usgs.gov/Feature/1889"}},{"type":"Feature","geometry":{"type":"Point","coordinates":[-32.6376,-44.6941]},"properties":{"name":"Gah","type":"Crater","diameter_km":2.77879,"link":"https://planetarynames.wr.usgs.gov/Feature/2056"}},{"type":"Feature","geometry":{"type":"Point","coordinates":[100.0,19.7836]},"properties":{"name":"Nepenthes","type":"Albedo Feature","diameter_km":0.0,"link":"https://planetarynames.wr.usgs.gov/Feature/4206"}},{"type":"Feature","geometry":{"type":"Point","coordinates":[134.5806,47.7686]},"properties":{"name":"Goldstone","type":"Crater","diameter_km":1.02684,"link":"https://planetarynames.wr.usgs.gov/Feature/2211"}},{"type":"Feature","geometry":{"type":"Point","coordinates":[51.9094,-11.5542]},"properties":{"name":"Lucaya","type":"Crater","diameter_km":34.212002,"link":"https://planetarynames.wr.usgs.gov/Feature/15087"}},{"type":"Feature","geometry":{"type":"Point","coordinates":[-44.5508,-4.0634]},"properties":{"name":"Groves","type":"Crater","diameter_km":10.2706,"link":"https://planetarynames.wr.usgs.gov/Feature/2260"}},{"type":"Feature","geometry":{"type":"Point","coordinates":[132.5125,48.6786]},"properties":{"name":"Hamaguir","type":"Crater","diameter_km":0.82098001,"link":"https://planetarynames.wr.usgs.gov/Feature/2337"}},{"type":"Feature","geometry":{"type":"Point","coordinates":[132.6887,46.7205]},"properties":{"name":"Hsuanch eng","type":"Crater","diameter_km":1.9898,"link":"https://planetarynames.wr.usgs.gov/Feature/2568"}},{"type":"Feature","geometry":{"type":"Point","coordinates":[-25.0,-44.6618]},"properties":{"name":"Argyre","type":"Albedo Feature","diameter_km":0.0,"link":"https://planetarynames.wr.usgs.gov/Feature/369"}},{"type":"Feature","geometry":{"type":"Point","coordinates":[-25.105,-24.355]},"properties":{"name":"Inta","type":"Crater","diameter_km":16.120239,"link":"https://planetarynames.wr.usgs.gov/Feature/2701"}},{"type":"Feature","geometry":{"type":"Point","coordinates":[145.0,-4.9416]},"properties":{"name":"Aeolis","type":"Albedo Feature","diameter_km":0.0,"link":"https://planetarynames.wr.usgs.gov/Feature/65"}},{"type":"Feature","geometry":{"type":"Point","coordinates":[133.1868,47.9218]},"properties":{"name":"Johannesburg","type":"Crater","diameter_km":1.21646,"link":"https://planetarynames.wr.usgs.gov/Feature/2835"}},{"type":"Feature","geometry":{"type":"Point","coordinates":[-100.0,44.6618]},"properties":{"name":"Arcadia","type":"Albedo Feature","diameter_km":0.0,"link":"https://planetarynames.wr.usgs.gov/Feature/346"}},{"type":"Feature","geometry":{"type":"Point","coordinates":[135.7293,47.3189]},"properties":{"name":"Kagoshima","type":"Crater","diameter_km":1.31988,"link":"https://planetarynames.wr.usgs.gov/Feature/2884"}},{"type":"Feature","geometry":{"type":"Point","coordinates":[134.9628,48.4744]},"properties":{"name":"Kaliningrad","type":"Crater","diameter_km":1.4676501,"link":"https://planetarynames.wr.usgs.gov/Feature/2898"}},{"type":"Feature","geometry":{"type":"Point","coordinates":[-47.0357,22.1071]},"properties":{"name":"Kingston","type":"Crater","diameter_km":1.51594,"link":"https://planetarynames.wr.usgs.gov/Feature/3039"}},{"type":"Feature","geometry":{"type":"Point","coordinates":[-49.0295,21.0495]},"properties":{"name":"La Paz","type":"Crater","diameter_km":1.3904001,"link":"https://planetarynames.wr.usgs.gov/Feature/3188"}},{"type":"Feature","geometry":{"type":"Point","coordinates":[106.9293,-75.3044]},"properties":{"name":"Liais","type":"Crater","diameter_km":122.78005,"link":"https://planetarynames.wr.usgs.gov/Feature/3382"}},{"type":"Feature","geometry":{"type":"Point","coordinates":[-47.5851,21.243]},"properties":{"name":"Lisboa","type":"Crater","diameter_km":1.16707,"link":"https://planetarynames.wr.usgs.gov/Feature/3422"}},{"type":"Feature","geometry":{"type":"Point","coordinates":[-33.6095,-4.6589]},"properties":{"name":"Manah","type":"Crater","diameter_km":9.9020996,"link":"https://planetarynames.wr.usgs.gov/Feature/3621"}},{"type":"Feature","geometry":{"type":"Point","coordinates":[-67.0702,-32.0362]},"properties":{"name":"Kontum","type":"Crater","diameter_km":22.2584,"link":"https://planetarynames.wr.usgs.gov/Feature/14195"}},{"type":"Feature","geometry":{"type":"Point","coordinates":[-105.0,-44.6618]},"properties":{"name":"Aonium Sinus","type":"Albedo Feature","diameter_km":0.0,"link":"https://planetarynames.wr.usgs.gov/Feature/312"}},{"type":"Feature","geometry":{"type":"Point","coordinates":[30.0,19.7836]},"properties":{"name":"Arabia","type":"Albedo Feature","diameter_km":0.0,"link":"https://planetarynames.wr.usgs.gov/Feature/335"}},{"type":"Feature","geometry":{"type":"Point","coordinates":[-41.6466,27.0424]},"properties":{"name":"Lismore","type":"Crater","diameter_km":9.3410397,"link":"https://planetarynames.wr.usgs.gov/Feature/14196"}},{"type":"Feature","geometry":{"type":"Point","coordinates":[25.0,47.6634]},"properties":{"name":"Arnon","type":"Albedo Feature","diameter_km":0.0,"link":"https://planetarynames.wr.usgs.gov/Feature/388"}},{"type":"Feature","geometry":{"type":"Point","coordinates":[-40.4734,28.4294]},"properties":{"name":"Makhambet","type":"Crater","diameter_km":15.8506,"link":"https://planetarynames.wr.usgs.gov/Feature/14197"}},{"type":"Feature","geometry":{"type":"Point","coordinates":[-110.0,-34.6828]},"properties":{"name":"Claritas","type":"Albedo Feature","diameter_km":0.0,"link":"https://planetarynames.wr.usgs.gov/Feature/1229"}},{"type":"Feature","geometry":{"type":"Point","coordinates":[-69.251,-21.3448]},"properties":{"name":"Martin","type":"Crater","diameter_km":61.106449,"link":"https://planetarynames.wr.usgs.gov/Feature/14198"}},{"type":"Feature","geometry":{"type":"Point","coordinates":[80.0,54.6815]},"properties":{"name":"Copais Palus","type":"Albedo Feature","diameter_km":0.0,"link":"https://planetarynames.wr.usgs.gov/Feature/1295"}},{"type":"Feature","geometry":{"type":"Point","coordinates":[-69.673,-27.5319]},"properties":{"name":"Mazamba","type":"Crater","diameter_km":52.294998,"link":"https://planetarynames.wr.usgs.gov/Feature/14199"}},{"type":"Feature","geometry":{"type":"Point","coordinates":[-65.0,-14.8317]},"properties":{"name":"Coprates","type":"Albedo Feature","diameter_km":0.0,"link":"https://planetarynames.wr.usgs.gov/Feature/1300"}},{"type":"Feature","geometry":{"type":"Point","coordinates":[-35.4469,24.7317]},"properties":{"name":"Nakusp","type":"Crater","diameter_km":7.25562,"link":"https://planetarynames.wr.usgs.gov/Feature/14200"}},{"type":"Feature","geometry":{"type":"Point","coordinates":[-50.0,59.7062]},"properties":{"name":"Baltia","type":"Albedo Feature","diameter_km":0.0,"link":"https://planetarynames.wr.usgs.gov/Feature/583"}},{"type":"Feature","geometry":{"type":"Point","coordinates":[-0.9598,-2.5965]},"properties":{"name":"Pebas","type":"Crater","diameter_km":5.4333601,"link":"https://planetarynames.wr.usgs.gov/Feature/14202"}},{"type":"Feature","geometry":{"type":"Point","coordinates":[82.4846,4.9176]},"properties":{"name":"Ohara","type":"Crater","diameter_km":9.3662796,"link":"https://planetarynames.wr.usgs.gov/Feature/14201"}},{"type":"Feature","geometry":{"type":"Point","coordinates":[0.0,14.8317]},"properties":{"name":"Gehon","type":"Albedo Feature","diameter_km":0.0,"link":"https://planetarynames.wr.usgs.gov/Feature/2132"}},{"type":"Feature","geometry":{"type":"Point","coordinates":[-34.9741,28.7381]},"properties":{"name":"Sefadu","type":"Crater","diameter_km":10.8409,"link":"https://planetarynames.wr.usgs.gov/Feature/14204"}},{"type":"Feature","geometry":{"type":"Point","coordinates":[75.9597,-26.6425]},"properties":{"name":"Runanga","type":"Crater","diameter_km":41.363998,"link":"https://planetarynames.wr.usgs.gov/Feature/14203"}},{"type":"Feature","geometry":{"type":"Point","coordinates":[-15.3231,10.0465]},"properties":{"name":"Shardi","type":"Crater","diameter_km":16.70661,"link":"https://planetarynames.wr.usgs.gov/Feature/14205"}},{"type":"Feature","geometry":{"type":"Point","coordinates":[140.863,-23.7273]},"properties":{"name":"Soffen","type":"Crater","diameter_km":58.306499,"link":"https://planetarynames.wr.usgs.gov/Feature/14206"}},{"type":"Feature","geometry":{"type":"Point","coordinates":[70.0,54.6815]},"properties":{"name":"Boreosyrtis","type":"Albedo Feature","diameter_km":0.0,"link":"https://planetarynames.wr.usgs.gov/Feature/825"}},{"type":"Feature","geometry":{"type":"Point","coordinates":[-19.5973,7.3887]},"properties":{"name":"Taytay","type":"Crater","diameter_km":18.1686,"link":"https://planetarynames.wr.usgs.gov/Feature/14207"}},{"type":"Feature","geometry":{"type":"Point","coordinates":[130.0,-4.9416]},"properties":{"name":"Cyclopia","type":"Albedo Feature","diameter_km":0.0,"link":"https://planetarynames.wr.usgs.gov/Feature/1362"}},{"type":"Feature","geometry":{"type":"Point","coordinates":[0.0,39.6672]},"properties":{"name":"Cydonia","type":"Albedo Feature","diameter_km":0.0,"link":"https://planetarynames.wr.usgs.gov/Feature/1364"}},{"type":"Feature","geometry":{"type":"Point","coordinates":[-1.74829999999997,-1.2198]},"properties":{"name":"Uzer","type":"Crater","diameter_km":9.2410202,"link":"https://planetarynames.wr.usgs.gov/Feature/14208"}},{"type":"Feature","geometry":{"type":"Point","coordinates":[82.9903,5.1198]},"properties":{"name":"Woking","type":"Crater","diameter_km":9.5331497,"link":"https://planetarynames.wr.usgs.gov/Feature/14209"}},{"type":"Feature","geometry":{"type":"Point","coordinates":[-3.93639999999999,0.7752]},"properties":{"name":"Xainza","type":"Crater","diameter_km":23.9575,"link":"https://planetarynames.wr.usgs.gov/Feature/14210"}},{"type":"Feature","geometry":{"type":"Point","coordinates":[84.2295,4.9315]},"properties":{"name":"Yalgoo","type":"Crater","diameter_km":17.382799,"link":"https://planetarynames.wr.usgs.gov/Feature/14211"}},{"type":"Feature","geometry":{"type":"Point","coordinates":[-75.0,2.9649]},"properties":{"name":"Candor","type":"Albedo Feature","diameter_km":0.0,"link":"https://planetarynames.wr.usgs.gov/Feature/998"}},{"type":"Feature","geometry":{"type":"Point","coordinates":[100.0,39.6672]},"properties":{"name":"Casius","type":"Albedo Feature","diameter_km":0.0,"link":"https://planetarynames.wr.usgs.gov/Feature/1041"}},{"type":"Feature","geometry":{"type":"Point","coordinates":[55.0,-3.9532]},"properties":{"name":"Deltoton Sinus","type":"Albedo Feature","diameter_km":0.0,"link":"https://planetarynames.wr.usgs.gov/Feature/1479"}},{"type":"Feature","geometry":{"type":"Point","coordinates":[-93.0,19.7836]},"properties":{"name":"Ceraunius","type":"Albedo Feature","diameter_km":0.0,"link":"https://planetarynames.wr.usgs.gov/Feature/1103"}},{"type":"Feature","geometry":{"type":"Point","coordinates":[-1.49719999999996,-3.4117]},"properties":{"name":"Zarand","type":"Crater","diameter_km":2.7804,"link":"https://planetarynames.wr.usgs.gov/Feature/14212"}},{"type":"Feature","geometry":{"type":"Point","coordinates":[150.0,24.7419]},"properties":{"name":"Elysium","type":"Albedo Feature","diameter_km":0.0,"link":"https://planetarynames.wr.usgs.gov/Feature/1779"}},{"type":"Feature","geometry":{"type":"Point","coordinates":[-54.9429,8.3208]},"properties":{"name":"Kolonga","type":"Crater","diameter_km":41.089001,"link":"https://planetarynames.wr.usgs.gov/Feature/15068"}},{"type":"Feature","geometry":{"type":"Point","coordinates":[20.0,-59.7062]},"properties":{"name":"Depressio Hellespontica","type":"Albedo Feature","diameter_km":0.0,"link":"https://planetarynames.wr.usgs.gov/Feature/1493"}},{"type":"Feature","geometry":{"type":"Point","coordinates":[50.9628,-60.8642]},"properties":{"name":"Chaman","type":"Crater","diameter_km":47.917389,"link":"https://planetarynames.wr.usgs.gov/Feature/14265"}},{"type":"Feature","geometry":{"type":"Point","coordinates":[150.0,49.6666]},"properties":{"name":"Cebrenia","type":"Albedo Feature","diameter_km":0.0,"link":"https://planetarynames.wr.usgs.gov/Feature/1095"}},{"type":"Feature","geometry":{"type":"Point","coordinates":[40.0,59.7062]},"properties":{"name":"Cecropia","type":"Albedo Feature","diameter_km":0.0,"link":"https://planetarynames.wr.usgs.gov/Feature/1096"}},{"type":"Feature","geometry":{"type":"Point","coordinates":[155.0,14.8317]},"properties":{"name":"Cerberus","type":"Albedo Feature","diameter_km":0.0,"link":"https://planetarynames.wr.usgs.gov/Feature/1107"}},{"type":"Feature","geometry":{"type":"Point","coordinates":[0.0,-49.6666]},"properties":{"name":"Chalce","type":"Albedo Feature","diameter_km":0.0,"link":"https://planetarynames.wr.usgs.gov/Feature/1122"}},{"type":"Feature","geometry":{"type":"Point","coordinates":[-39.1417,7.7557]},"properties":{"name":"Dukhan","type":"Crater","diameter_km":34.039001,"link":"https://planetarynames.wr.usgs.gov/Feature/15067"}},{"type":"Feature","geometry":{"type":"Point","coordinates":[50.2025,-56.5298]},"properties":{"name":"Eilat","type":"Crater","diameter_km":29.70265,"link":"https://planetarynames.wr.usgs.gov/Feature/14266"}},{"type":"Feature","geometry":{"type":"Point","coordinates":[100.0,-49.6666]},"properties":{"name":"Chersonesus","type":"Albedo Feature","diameter_km":0.0,"link":"https://planetarynames.wr.usgs.gov/Feature/1175"}},{"type":"Feature","geometry":{"type":"Point","coordinates":[-20.573,-23.7713]},"properties":{"name":"Moroz","type":"Crater","diameter_km":116.303,"link":"https://planetarynames.wr.usgs.gov/Feature/14302"}},{"type":"Feature","geometry":{"type":"Point","coordinates":[-30.0,9.885]},"properties":{"name":"Chryse","type":"Albedo Feature","diameter_km":0.0,"link":"https://planetarynames.wr.usgs.gov/Feature/1202"}},{"type":"Feature","geometry":{"type":"Point","coordinates":[-110.0,-49.6666]},"properties":{"name":"Chrysokeras","type":"Albedo Feature","diameter_km":0.0,"link":"https://planetarynames.wr.usgs.gov/Feature/1204"}},{"type":"Feature","geometry":{"type":"Point","coordinates":[53.8954,-59.7235]},"properties":{"name":"Henry Moore","type":"Crater","diameter_km":65.47348,"link":"https://planetarynames.wr.usgs.gov/Feature/14267"}},{"type":"Feature","geometry":{"type":"Point","coordinates":[59.3031,-55.403]},"properties":{"name":"Pau","type":"Crater","diameter_km":42.201469,"link":"https://planetarynames.wr.usgs.gov/Feature/14268"}},{"type":"Feature","geometry":{"type":"Point","coordinates":[-4.4452,5.9029]},"properties":{"name":"Vernal","type":"Crater","diameter_km":55.508202,"link":"https://planetarynames.wr.usgs.gov/Feature/14269"}},{"type":"Feature","geometry":{"type":"Point","coordinates":[60.2114,-55.098]},"properties":{"name":"Wynn Williams","type":"Crater","diameter_km":66.306,"link":"https://planetarynames.wr.usgs.gov/Feature/14270"}},{"type":"Feature","geometry":{"type":"Point","coordinates":[170.0,-44.6618]},"properties":{"name":"Electris","type":"Albedo Feature","diameter_km":0.0,"link":"https://planetarynames.wr.usgs.gov/Feature/1760"}},{"type":"Feature","geometry":{"type":"Point","coordinates":[103.2361,70.1882]},"properties":{"name":"Louth","type":"Crater","diameter_km":36.28791,"link":"https://planetarynames.wr.usgs.gov/Feature/14271"}},{"type":"Feature","geometry":{"type":"Point","coordinates":[-147.7264,-63.4946]},"properties":{"name":"Henbury","type":"Crater","diameter_km":25.36097,"link":"https://planetarynames.wr.usgs.gov/Feature/14282"}},{"type":"Feature","geometry":{"type":"Point","coordinates":[-51.6096,2.2618]},"properties":{"name":"Camichel","type":"Crater","diameter_km":65.259003,"link":"https://planetarynames.wr.usgs.gov/Feature/15066"}},{"type":"Feature","geometry":{"type":"Point","coordinates":[107.1175,-61.1063]},"properties":{"name":"Layla","type":"Crater","diameter_km":19.358,"link":"https://planetarynames.wr.usgs.gov/Feature/14283"}},{"type":"Feature","geometry":{"type":"Point","coordinates":[38.289,72.9914]},"properties":{"name":"Lonar","type":"Crater","diameter_km":11.0712,"link":"https://planetarynames.wr.usgs.gov/Feature/14284"}},{"type":"Feature","geometry":{"type":"Point","coordinates":[-71.168,53.3382]},"properties":{"name":"Maricourt","type":"Crater","diameter_km":9.8987598,"link":"https://planetarynames.wr.usgs.gov/Feature/14285"}},{"type":"Feature","geometry":{"type":"Point","coordinates":[-169.3501,54.5735]},"properties":{"name":"Steinheim","type":"Crater","diameter_km":11.2798,"link":"https://planetarynames.wr.usgs.gov/Feature/14286"}},{"type":"Feature","geometry":{"type":"Point","coordinates":[31.732,40.7534]},"properties":{"name":"Sinton","type":"Crater","diameter_km":62.804798,"link":"https://planetarynames.wr.usgs.gov/Feature/14290"}},{"type":"Feature","geometry":{"type":"Point","coordinates":[-63.0,-4.9416]},"properties":{"name":"Juventae Fons","type":"Albedo Feature","diameter_km":0.0,"link":"https://planetarynames.wr.usgs.gov/Feature/2876"}},{"type":"Feature","geometry":{"type":"Point","coordinates":[77.6873,18.4082]},"properties":{"name":"Jezero","type":"Crater","diameter_km":47.521198,"link":"https://planetarynames.wr.usgs.gov/Feature/14300"}},{"type":"Feature","geometry":{"type":"Point","coordinates":[40.0,49.6666]},"properties":{"name":"Dioscuria","type":"Albedo Feature","diameter_km":0.0,"link":"https://planetarynames.wr.usgs.gov/Feature/1544"}},{"type":"Feature","geometry":{"type":"Point","coordinates":[-6.94989999999996,-2.868]},"properties":{"name":"Miyamoto","type":"Crater","diameter_km":145.20599,"link":"https://planetarynames.wr.usgs.gov/Feature/14326"}},{"type":"Feature","geometry":{"type":"Point","coordinates":[-55.4464,35.2263]},"properties":{"name":"Liberta","type":"Crater","diameter_km":25.105,"link":"https://planetarynames.wr.usgs.gov/Feature/15069"}},{"type":"Feature","geometry":{"type":"Point","coordinates":[25.0,19.7836]},"properties":{"name":"Euphrates","type":"Albedo Feature","diameter_km":0.0,"link":"https://planetarynames.wr.usgs.gov/Feature/1872"}},{"type":"Feature","geometry":{"type":"Point","coordinates":[14.313,6.5806]},"properties":{"name":"Capen","type":"Crater","diameter_km":68.9897,"link":"https://planetarynames.wr.usgs.gov/Feature/14327"}},{"type":"Feature","geometry":{"type":"Point","coordinates":[96.7648,-38.3718]},"properties":{"name":"Penticton","type":"Crater","diameter_km":8.18748,"link":"https://planetarynames.wr.usgs.gov/Feature/14332"}},{"type":"Feature","geometry":{"type":"Point","coordinates":[-60.0,74.83]},"properties":{"name":"Hyperboreus  Lacus ","type":"Albedo Feature","diameter_km":0.0,"link":"https://planetarynames.wr.usgs.gov/Feature/2613"}},{"type":"Feature","geometry":{"type":"Point","coordinates":[-5.31399999999996,4.1764]},"properties":{"name":"Coimbra","type":"Crater","diameter_km":34.534302,"link":"https://planetarynames.wr.usgs.gov/Feature/14328"}},{"type":"Feature","geometry":{"type":"Point","coordinates":[-49.351,9.679]},"properties":{"name":"Sibut","type":"Crater","diameter_km":22.177999,"link":"https://planetarynames.wr.usgs.gov/Feature/15070"}},{"type":"Feature","geometry":{"type":"Point","coordinates":[-6.94909999999999,6.923]},"properties":{"name":"Kalocsa","type":"Crater","diameter_km":34.1521,"link":"https://planetarynames.wr.usgs.gov/Feature/14329"}},{"type":"Feature","geometry":{"type":"Point","coordinates":[-1.73419999999999,7.1238]},"properties":{"name":"Mellit","type":"Crater","diameter_km":22.533701,"link":"https://planetarynames.wr.usgs.gov/Feature/14330"}},{"type":"Feature","geometry":{"type":"Point","coordinates":[140.0,-44.6618]},"properties":{"name":"Eridania","type":"Albedo Feature","diameter_km":0.0,"link":"https://planetarynames.wr.usgs.gov/Feature/1826"}},{"type":"Feature","geometry":{"type":"Point","coordinates":[-161.6998,-36.2353]},"properties":{"name":"Naruko","type":"Crater","diameter_km":4.1679702,"link":"https://planetarynames.wr.usgs.gov/Feature/14331"}},{"type":"Feature","geometry":{"type":"Point","coordinates":[123.8762,13.8371]},"properties":{"name":"Phedra","type":"Crater","diameter_km":20.313601,"link":"https://planetarynames.wr.usgs.gov/Feature/14335"}},{"type":"Feature","geometry":{"type":"Point","coordinates":[117.614,15.6233]},"properties":{"name":"Tavua","type":"Crater","diameter_km":31.557301,"link":"https://planetarynames.wr.usgs.gov/Feature/14336"}},{"type":"Feature","geometry":{"type":"Point","coordinates":[-159.7559,-40.8206]},"properties":{"name":"Avire","type":"Crater","diameter_km":6.8509498,"link":"https://planetarynames.wr.usgs.gov/Feature/14402"}},{"type":"Feature","geometry":{"type":"Point","coordinates":[123.2955,14.889]},"properties":{"name":"Naryn","type":"Crater","diameter_km":3.9386101,"link":"https://planetarynames.wr.usgs.gov/Feature/14439"}},{"type":"Feature","geometry":{"type":"Point","coordinates":[113.0543,12.093]},"properties":{"name":"Zaranj","type":"Crater","diameter_km":27.4091,"link":"https://planetarynames.wr.usgs.gov/Feature/14337"}},{"type":"Feature","geometry":{"type":"Point","coordinates":[-165.9714,-38.7868]},"properties":{"name":"Niquero","type":"Crater","diameter_km":10.6961,"link":"https://planetarynames.wr.usgs.gov/Feature/14403"}},{"type":"Feature","geometry":{"type":"Point","coordinates":[-168.0234,-37.0864]},"properties":{"name":"Triolet","type":"Crater","diameter_km":12.1427,"link":"https://planetarynames.wr.usgs.gov/Feature/14404"}},{"type":"Feature","geometry":{"type":"Point","coordinates":[-40.0,9.885]},"properties":{"name":"Jamuna","type":"Albedo Feature","diameter_km":0.0,"link":"https://planetarynames.wr.usgs.gov/Feature/2793"}},{"type":"Feature","geometry":{"type":"Point","coordinates":[159.2114,15.5393]},"properties":{"name":"Wiltz","type":"Crater","diameter_km":1.2640001,"link":"https://planetarynames.wr.usgs.gov/Feature/14441"}},{"type":"Feature","geometry":{"type":"Point","coordinates":[141.7072,16.9467]},"properties":{"name":"Corinto","type":"Crater","diameter_km":13.6881,"link":"https://planetarynames.wr.usgs.gov/Feature/14438"}},{"type":"Feature","geometry":{"type":"Point","coordinates":[155.5247,18.11]},"properties":{"name":"Thila","type":"Crater","diameter_km":5.3693199,"link":"https://planetarynames.wr.usgs.gov/Feature/14440"}},{"type":"Feature","geometry":{"type":"Point","coordinates":[-124.5606,68.3254]},"properties":{"name":"Heimdal","type":"Crater","diameter_km":10.4931,"link":"https://planetarynames.wr.usgs.gov/Feature/14448"}},{"type":"Feature","geometry":{"type":"Point","coordinates":[83.2678,-44.3117]},"properties":{"name":"Bogia","type":"Crater","diameter_km":37.676998,"link":"https://planetarynames.wr.usgs.gov/Feature/14500"}},{"type":"Feature","geometry":{"type":"Point","coordinates":[8.9665,38.0978]},"properties":{"name":"Okavango Valles","type":"Vallis","diameter_km":285.11801,"link":"https://planetarynames.wr.usgs.gov/Feature/15071"}},{"type":"Feature","geometry":{"type":"Point","coordinates":[180.0,-69.7816]},"properties":{"name":"II Thyle I","type":"Albedo Feature","diameter_km":0.0,"link":"https://planetarynames.wr.usgs.gov/Feature/2657"}},{"type":"Feature","geometry":{"type":"Point","coordinates":[-29.03,18.1296]},"properties":{"name":"Yat","type":"Crater","diameter_km":7.4551001,"link":"https://planetarynames.wr.usgs.gov/Feature/6644"}},{"type":"Feature","geometry":{"type":"Point","coordinates":[105.6876,20.7907]},"properties":{"name":"Yebra","type":"Crater","diameter_km":4.8487501,"link":"https://planetarynames.wr.usgs.gov/Feature/6649"}},{"type":"Feature","geometry":{"type":"Point","coordinates":[-23.6646,-22.3029]},"properties":{"name":"Yegros","type":"Crater","diameter_km":13.9794,"link":"https://planetarynames.wr.usgs.gov/Feature/6650"}},{"type":"Feature","geometry":{"type":"Point","coordinates":[-48.6515,22.877]},"properties":{"name":"Yorktown","type":"Crater","diameter_km":8.0073605,"link":"https://planetarynames.wr.usgs.gov/Feature/6671"}},{"type":"Feature","geometry":{"type":"Point","coordinates":[-28.0418,22.7992]},"properties":{"name":"Yoro","type":"Crater","diameter_km":9.6143103,"link":"https://planetarynames.wr.usgs.gov/Feature/6672"}},{"type":"Feature","geometry":{"type":"Point","coordinates":[-34.0944,22.1589]},"properties":{"name":"Yuty","type":"Crater","diameter_km":19.0569,"link":"https://planetarynames.wr.usgs.gov/Feature/6685"}},{"type":"Feature","geometry":{"type":"Point","coordinates":[174.318,-13.8527]},"properties":{"name":"Zutphen","type":"Crater","diameter_km":38.286999,"link":"https://planetarynames.wr.usgs.gov/Feature/6768"}},{"type":"Feature","geometry":{"type":"Point","coordinates":[-102.5871,-29.1017]},"properties":{"name":"Zhigou","type":"Crater","diameter_km":21.861799,"link":"https://planetarynames.wr.usgs.gov/Feature/6730"}},{"type":"Feature","geometry":{"type":"Point","coordinates":[70.0,-39.6672]},"properties":{"name":"Hellas","type":"Albedo Feature","diameter_km":0.0,"link":"https://planetarynames.wr.usgs.gov/Feature/2429"}},{"type":"Feature","geometry":{"type":"Point","coordinates":[35.0,-49.6666]},"properties":{"name":"Hellespontus","type":"Albedo Feature","diameter_km":0.0,"link":"https://planetarynames.wr.usgs.gov/Feature/2434"}},{"type":"Feature","geometry":{"type":"Point","coordinates":[-32.937,-31.8093]},"properties":{"name":"Zilair","type":"Crater","diameter_km":46.911098,"link":"https://planetarynames.wr.usgs.gov/Feature/6737"}},{"type":"Feature","geometry":{"type":"Point","coordinates":[-36.5425,18.545]},"properties":{"name":"Zir","type":"Crater","diameter_km":6.1566701,"link":"https://planetarynames.wr.usgs.gov/Feature/6743"}},{"type":"Feature","geometry":{"type":"Point","coordinates":[120.0,-19.7836]},"properties":{"name":"Hesperia","type":"Albedo Feature","diameter_km":0.0,"link":"https://planetarynames.wr.usgs.gov/Feature/2486"}},{"type":"Feature","geometry":{"type":"Point","coordinates":[15.0,14.8317]},"properties":{"name":"Hiddekel","type":"Albedo Feature","diameter_km":0.0,"link":"https://planetarynames.wr.usgs.gov/Feature/2497"}},{"type":"Feature","geometry":{"type":"Point","coordinates":[65.0,-19.7836]},"properties":{"name":"Iapygia  Iapigia ","type":"Albedo Feature","diameter_km":0.0,"link":"https://planetarynames.wr.usgs.gov/Feature/2630"}},{"type":"Feature","geometry":{"type":"Point","coordinates":[-41.692,-33.7555]},"properties":{"name":"Zongo","type":"Crater","diameter_km":46.825699,"link":"https://planetarynames.wr.usgs.gov/Feature/6750"}},{"type":"Feature","geometry":{"type":"Point","coordinates":[-29.5756,19.2201]},"properties":{"name":"Zuni","type":"Crater","diameter_km":24.285,"link":"https://planetarynames.wr.usgs.gov/Feature/6764"}},{"type":"Feature","geometry":{"type":"Point","coordinates":[166.1879,7.7002]},"properties":{"name":"Zunil","type":"Crater","diameter_km":10.2591,"link":"https://planetarynames.wr.usgs.gov/Feature/6765"}},{"type":"Feature","geometry":{"type":"Point","coordinates":[-25.2144,-25.3627]},"properties":{"name":"Omura","type":"Crater","diameter_km":8.4707203,"link":"https://planetarynames.wr.usgs.gov/Feature/6939"}},{"type":"Feature","geometry":{"type":"Point","coordinates":[-42.1602,-2.2711]},"properties":{"name":"Zulanka","type":"Crater","diameter_km":43.123989,"link":"https://planetarynames.wr.usgs.gov/Feature/6946"}},{"type":"Feature","geometry":{"type":"Point","coordinates":[-130.0,-39.6672]},"properties":{"name":"Icaria","type":"Albedo Feature","diameter_km":0.0,"link":"https://planetarynames.wr.usgs.gov/Feature/2639"}},{"type":"Feature","geometry":{"type":"Point","coordinates":[-160.0578,-17.7071]},"properties":{"name":"Gratteri","type":"Crater","diameter_km":7.55758,"link":"https://planetarynames.wr.usgs.gov/Feature/6949"}},{"type":"Feature","geometry":{"type":"Point","coordinates":[125.8785,16.2618]},"properties":{"name":"Tomini","type":"Crater","diameter_km":7.7663102,"link":"https://planetarynames.wr.usgs.gov/Feature/6950"}},{"type":"Feature","geometry":{"type":"Point","coordinates":[-133.0739,-28.6685]},"properties":{"name":"Zumba","type":"Crater","diameter_km":2.9287901,"link":"https://planetarynames.wr.usgs.gov/Feature/6951"}},{"type":"Feature","geometry":{"type":"Point","coordinates":[-53.934,-8.8428]},"properties":{"name":"Culter","type":"Crater","diameter_km":4.8704801,"link":"https://planetarynames.wr.usgs.gov/Feature/6959"}},{"type":"Feature","geometry":{"type":"Point","coordinates":[160.0,69.7816]},"properties":{"name":"Lemuria","type":"Albedo Feature","diameter_km":0.0,"link":"https://planetarynames.wr.usgs.gov/Feature/3344"}},{"type":"Feature","geometry":{"type":"Point","coordinates":[-44.3604,40.765]},"properties":{"name":"Gamboa","type":"Crater","diameter_km":30.8228,"link":"https://planetarynames.wr.usgs.gov/Feature/6952"}},{"type":"Feature","geometry":{"type":"Point","coordinates":[30.0,39.6672]},"properties":{"name":"Ismenius Lacus","type":"Albedo Feature","diameter_km":0.0,"link":"https://planetarynames.wr.usgs.gov/Feature/2742"}},{"type":"Feature","geometry":{"type":"Point","coordinates":[77.348,81.9222]},"properties":{"name":"Udzha","type":"Crater","diameter_km":42.86507,"link":"https://planetarynames.wr.usgs.gov/Feature/6961"}},{"type":"Feature","geometry":{"type":"Point","coordinates":[-74.6854,-20.8506]},"properties":{"name":"Toconao","type":"Crater","diameter_km":17.159901,"link":"https://planetarynames.wr.usgs.gov/Feature/6976"}},{"type":"Feature","geometry":{"type":"Point","coordinates":[59.1555,-3.7397]},"properties":{"name":"Winslow","type":"Crater","diameter_km":1.08313,"link":"https://planetarynames.wr.usgs.gov/Feature/7010"}},{"type":"Feature","geometry":{"type":"Point","coordinates":[56.7114,-39.575]},"properties":{"name":"Beloha","type":"Crater","diameter_km":31.7363,"link":"https://planetarynames.wr.usgs.gov/Feature/7023"}},{"type":"Feature","geometry":{"type":"Point","coordinates":[73.1354,-21.7416]},"properties":{"name":"Saheki","type":"Crater","diameter_km":82.435287,"link":"https://planetarynames.wr.usgs.gov/Feature/14136"}},{"type":"Feature","geometry":{"type":"Point","coordinates":[-131.7371,18.4035]},"properties":{"name":"Karzok","type":"Crater","diameter_km":15.2932,"link":"https://planetarynames.wr.usgs.gov/Feature/14144"}},{"type":"Feature","geometry":{"type":"Point","coordinates":[-133.4041,17.2784]},"properties":{"name":"Pangboche","type":"Crater","diameter_km":10.1637,"link":"https://planetarynames.wr.usgs.gov/Feature/14145"}},{"type":"Feature","geometry":{"type":"Point","coordinates":[160.0,0.0]},"properties":{"name":"Laestrygon  Laestrigon ","type":"Albedo Feature","diameter_km":0.0,"link":"https://planetarynames.wr.usgs.gov/Feature/3226"}},{"type":"Feature","geometry":{"type":"Point","coordinates":[-105.1941,81.2647]},"properties":{"name":"Boola","type":"Crater","diameter_km":17.247829,"link":"https://planetarynames.wr.usgs.gov/Feature/14150"}},{"type":"Feature","geometry":{"type":"Point","coordinates":[-169.8028,81.5892]},"properties":{"name":"Jojutla","type":"Crater","diameter_km":19.315201,"link":"https://planetarynames.wr.usgs.gov/Feature/14156"}},{"type":"Feature","geometry":{"type":"Point","coordinates":[161.9237,3.558]},"properties":{"name":"Tombaugh","type":"Crater","diameter_km":59.843208,"link":"https://planetarynames.wr.usgs.gov/Feature/14166"}},{"type":"Feature","geometry":{"type":"Point","coordinates":[156.8764,8.5653]},"properties":{"name":"Persbo","type":"Crater","diameter_km":19.494801,"link":"https://planetarynames.wr.usgs.gov/Feature/14167"}},{"type":"Feature","geometry":{"type":"Point","coordinates":[-3.22429999999997,-3.0605]},"properties":{"name":"Ada","type":"Crater","diameter_km":2.08865,"link":"https://planetarynames.wr.usgs.gov/Feature/14182"}},{"type":"Feature","geometry":{"type":"Point","coordinates":[90.0,0.0]},"properties":{"name":"Libya","type":"Albedo Feature","diameter_km":0.0,"link":"https://planetarynames.wr.usgs.gov/Feature/3389"}},{"type":"Feature","geometry":{"type":"Point","coordinates":[-37.1242,23.4828]},"properties":{"name":"Alamos","type":"Crater","diameter_km":6.4352002,"link":"https://planetarynames.wr.usgs.gov/Feature/14183"}},{"type":"Feature","geometry":{"type":"Point","coordinates":[-65.0,14.8317]},"properties":{"name":"Lunae Palus","type":"Albedo Feature","diameter_km":0.0,"link":"https://planetarynames.wr.usgs.gov/Feature/3518"}},{"type":"Feature","geometry":{"type":"Point","coordinates":[75.0,34.6828]},"properties":{"name":"Meroe","type":"Albedo Feature","diameter_km":0.0,"link":"https://planetarynames.wr.usgs.gov/Feature/3858"}},{"type":"Feature","geometry":{"type":"Point","coordinates":[81.2354,5.2656]},"properties":{"name":"Beruri","type":"Crater","diameter_km":45.115299,"link":"https://planetarynames.wr.usgs.gov/Feature/14184"}},{"type":"Feature","geometry":{"type":"Point","coordinates":[-6.29739999999998,-2.963]},"properties":{"name":"Bopolu","type":"Crater","diameter_km":18.8873,"link":"https://planetarynames.wr.usgs.gov/Feature/14185"}},{"type":"Feature","geometry":{"type":"Point","coordinates":[-38.8884,23.636]},"properties":{"name":"Cefalu","type":"Crater","diameter_km":5.5275602,"link":"https://planetarynames.wr.usgs.gov/Feature/14186"}},{"type":"Feature","geometry":{"type":"Point","coordinates":[83.4339,6.1328]},"properties":{"name":"Chupadero","type":"Crater","diameter_km":8.0373402,"link":"https://planetarynames.wr.usgs.gov/Feature/14187"}},{"type":"Feature","geometry":{"type":"Point","coordinates":[-30.0,44.6618]},"properties":{"name":"Mare Acidalium","type":"Albedo Feature","diameter_km":0.0,"link":"https://planetarynames.wr.usgs.gov/Feature/3663"}},{"type":"Feature","geometry":{"type":"Point","coordinates":[-10.0,-59.7062]},"properties":{"name":"Mare Australe","type":"Albedo Feature","diameter_km":0.0,"link":"https://planetarynames.wr.usgs.gov/Feature/3666"}},{"type":"Feature","geometry":{"type":"Point","coordinates":[180.0,59.7062]},"properties":{"name":"Mare Boreum","type":"Albedo Feature","diameter_km":0.0,"link":"https://planetarynames.wr.usgs.gov/Feature/3667"}},{"type":"Feature","geometry":{"type":"Point","coordinates":[150.0,-57.6952]},"properties":{"name":"Mare Chronium","type":"Albedo Feature","diameter_km":0.0,"link":"https://planetarynames.wr.usgs.gov/Feature/3668"}},{"type":"Feature","geometry":{"type":"Point","coordinates":[140.0,-19.7836]},"properties":{"name":"Mare Cimmerium","type":"Albedo Feature","diameter_km":0.0,"link":"https://planetarynames.wr.usgs.gov/Feature/3669"}},{"type":"Feature","geometry":{"type":"Point","coordinates":[-40.0,-24.7419]},"properties":{"name":"Mare Erythraeum","type":"Albedo Feature","diameter_km":0.0,"link":"https://planetarynames.wr.usgs.gov/Feature/3672"}},{"type":"Feature","geometry":{"type":"Point","coordinates":[90.0,-39.6672]},"properties":{"name":"Mare Hadriacum","type":"Albedo Feature","diameter_km":0.0,"link":"https://planetarynames.wr.usgs.gov/Feature/3675"}},{"type":"Feature","geometry":{"type":"Point","coordinates":[40.0,-29.7079]},"properties":{"name":"Mare Serpentis","type":"Albedo Feature","diameter_km":0.0,"link":"https://planetarynames.wr.usgs.gov/Feature/3687"}},{"type":"Feature","geometry":{"type":"Point","coordinates":[-155.0,-29.7079]},"properties":{"name":"Mare Sirenum","type":"Albedo Feature","diameter_km":0.0,"link":"https://planetarynames.wr.usgs.gov/Feature/3688"}},{"type":"Feature","geometry":{"type":"Point","coordinates":[-30.0,29.7079]},"properties":{"name":"Niliacus Lacus","type":"Albedo Feature","diameter_km":0.0,"link":"https://planetarynames.wr.usgs.gov/Feature/4273"}},{"type":"Feature","geometry":{"type":"Point","coordinates":[-55.0,29.7079]},"properties":{"name":"Nilokeras","type":"Albedo Feature","diameter_km":0.0,"link":"https://planetarynames.wr.usgs.gov/Feature/4274"}},{"type":"Feature","geometry":{"type":"Point","coordinates":[70.0,41.6638]},"properties":{"name":"Nilosyrtis","type":"Albedo Feature","diameter_km":0.0,"link":"https://planetarynames.wr.usgs.gov/Feature/4278"}},{"type":"Feature","geometry":{"type":"Point","coordinates":[-55.2086,-8.7592]},"properties":{"name":"Elorza","type":"Crater","diameter_km":45.164021,"link":"https://planetarynames.wr.usgs.gov/Feature/14189"}},{"type":"Feature","geometry":{"type":"Point","coordinates":[105.0,-19.7836]},"properties":{"name":"Mare Tyrrhenum","type":"Albedo Feature","diameter_km":0.0,"link":"https://planetarynames.wr.usgs.gov/Feature/3692"}},{"type":"Feature","geometry":{"type":"Point","coordinates":[84.5589,3.6217]},"properties":{"name":"Dulovo","type":"Crater","diameter_km":17.3825,"link":"https://planetarynames.wr.usgs.gov/Feature/14188"}},{"type":"Feature","geometry":{"type":"Point","coordinates":[-25.0,-9.885]},"properties":{"name":"Margaritifer Sinus","type":"Albedo Feature","diameter_km":0.0,"link":"https://planetarynames.wr.usgs.gov/Feature/3700"}},{"type":"Feature","geometry":{"type":"Point","coordinates":[85.0136,3.1912]},"properties":{"name":"Hashir","type":"Crater","diameter_km":16.150801,"link":"https://planetarynames.wr.usgs.gov/Feature/14192"}},{"type":"Feature","geometry":{"type":"Point","coordinates":[-38.9898,25.3993]},"properties":{"name":"Grindavik","type":"Crater","diameter_km":11.7147,"link":"https://planetarynames.wr.usgs.gov/Feature/14190"}},{"type":"Feature","geometry":{"type":"Point","coordinates":[75.7436,20.7371]},"properties":{"name":"Hargraves","type":"Crater","diameter_km":60.28112,"link":"https://planetarynames.wr.usgs.gov/Feature/14191"}},{"type":"Feature","geometry":{"type":"Point","coordinates":[-150.0,-19.7836]},"properties":{"name":"Memnonia","type":"Albedo Feature","diameter_km":0.0,"link":"https://planetarynames.wr.usgs.gov/Feature/3826"}},{"type":"Feature","geometry":{"type":"Point","coordinates":[-5.1771,-2.7052]},"properties":{"name":"Iazu","type":"Crater","diameter_km":6.8319702,"link":"https://planetarynames.wr.usgs.gov/Feature/14193"}},{"type":"Feature","geometry":{"type":"Point","coordinates":[90.0,7.9073]},"properties":{"name":"Moeris Lacus","type":"Albedo Feature","diameter_km":0.0,"link":"https://planetarynames.wr.usgs.gov/Feature/3943"}},{"type":"Feature","geometry":{"type":"Point","coordinates":[76.4254,-27.19]},"properties":{"name":"Jorn","type":"Crater","diameter_km":20.4701,"link":"https://planetarynames.wr.usgs.gov/Feature/14194"}},{"type":"Feature","geometry":{"type":"Point","coordinates":[107.3185,22.4903]},"properties":{"name":"Ulu","type":"Crater","diameter_km":3.4281499,"link":"https://planetarynames.wr.usgs.gov/Feature/6206"}},{"type":"Feature","geometry":{"type":"Point","coordinates":[10.0,19.7836]},"properties":{"name":"Moab","type":"Albedo Feature","diameter_km":0.0,"link":"https://planetarynames.wr.usgs.gov/Feature/3939"}},{"type":"Feature","geometry":{"type":"Point","coordinates":[139.2814,-44.3127]},"properties":{"name":"Farim","type":"Crater","diameter_km":3.9170001,"link":"https://planetarynames.wr.usgs.gov/Feature/15092"}},{"type":"Feature","geometry":{"type":"Point","coordinates":[-129.812,-6.2853]},"properties":{"name":"Arsia Sulci","type":"Sulcus","diameter_km":500.0,"link":"https://planetarynames.wr.usgs.gov/Feature/395"}},{"type":"Feature","geometry":{"type":"Point","coordinates":[111.6817,-17.9036]},"properties":{"name":"Ulya","type":"Crater","diameter_km":8.0244598,"link":"https://planetarynames.wr.usgs.gov/Feature/6209"}},{"type":"Feature","geometry":{"type":"Point","coordinates":[137.2566,42.5186]},"properties":{"name":"Umatac","type":"Crater","diameter_km":17.164499,"link":"https://planetarynames.wr.usgs.gov/Feature/6216"}},{"type":"Feature","geometry":{"type":"Point","coordinates":[111.421,23.1087]},"properties":{"name":"Urk","type":"Crater","diameter_km":2.8914199,"link":"https://planetarynames.wr.usgs.gov/Feature/6243"}},{"type":"Feature","geometry":{"type":"Point","coordinates":[113.8055,24.2395]},"properties":{"name":"Utan","type":"Crater","diameter_km":4.7348099,"link":"https://planetarynames.wr.usgs.gov/Feature/6255"}},{"type":"Feature","geometry":{"type":"Point","coordinates":[-32.9737,-3.9644]},"properties":{"name":"Vaals","type":"Crater","diameter_km":10.847,"link":"https://planetarynames.wr.usgs.gov/Feature/6268"}},{"type":"Feature","geometry":{"type":"Point","coordinates":[-36.6414,-44.3188]},"properties":{"name":"Valga","type":"Crater","diameter_km":15.6993,"link":"https://planetarynames.wr.usgs.gov/Feature/6283"}},{"type":"Feature","geometry":{"type":"Point","coordinates":[-72.0,-27.7205]},"properties":{"name":"Nectar","type":"Albedo Feature","diameter_km":0.0,"link":"https://planetarynames.wr.usgs.gov/Feature/4183"}},{"type":"Feature","geometry":{"type":"Point","coordinates":[-55.762,20.0983]},"properties":{"name":"Valverde","type":"Crater","diameter_km":34.917599,"link":"https://planetarynames.wr.usgs.gov/Feature/6302"}},{"type":"Feature","geometry":{"type":"Point","coordinates":[30.0,-44.6618]},"properties":{"name":"Noachis","type":"Albedo Feature","diameter_km":0.0,"link":"https://planetarynames.wr.usgs.gov/Feature/4318"}},{"type":"Feature","geometry":{"type":"Point","coordinates":[-32.7873,17.9555]},"properties":{"name":"Vaux","type":"Crater","diameter_km":5.98948,"link":"https://planetarynames.wr.usgs.gov/Feature/6335"}},{"type":"Feature","geometry":{"type":"Point","coordinates":[-130.0,19.7836]},"properties":{"name":"Nix Olympica","type":"Albedo Feature","diameter_km":0.0,"link":"https://planetarynames.wr.usgs.gov/Feature/4314"}},{"type":"Feature","geometry":{"type":"Point","coordinates":[64.1155,-9.2228]},"properties":{"name":"Verlaine","type":"Crater","diameter_km":38.836102,"link":"https://planetarynames.wr.usgs.gov/Feature/6356"}},{"type":"Feature","geometry":{"type":"Point","coordinates":[-177.0251,-49.169]},"properties":{"name":"Very","type":"Crater","diameter_km":114.813,"link":"https://planetarynames.wr.usgs.gov/Feature/6364"}},{"type":"Feature","geometry":{"type":"Point","coordinates":[-65.0,-44.6618]},"properties":{"name":"Ogygis Regio","type":"Albedo Feature","diameter_km":0.0,"link":"https://planetarynames.wr.usgs.gov/Feature/4415"}},{"type":"Feature","geometry":{"type":"Point","coordinates":[104.811,19.1814]},"properties":{"name":"Viana","type":"Crater","diameter_km":29.034201,"link":"https://planetarynames.wr.usgs.gov/Feature/6375"}},{"type":"Feature","geometry":{"type":"Point","coordinates":[160.0,79.8837]},"properties":{"name":"Olympia","type":"Albedo Feature","diameter_km":0.0,"link":"https://planetarynames.wr.usgs.gov/Feature/4450"}},{"type":"Feature","geometry":{"type":"Point","coordinates":[-70.7793,-6.5328]},"properties":{"name":"Candor Chasma","type":"Chasma","diameter_km":810.6087,"link":"https://planetarynames.wr.usgs.gov/Feature/1000"}},{"type":"Feature","geometry":{"type":"Point","coordinates":[-63.9375,-36.0883]},"properties":{"name":"Vik","type":"Crater","diameter_km":22.3228,"link":"https://planetarynames.wr.usgs.gov/Feature/6386"}},{"type":"Feature","geometry":{"type":"Point","coordinates":[-11.6807,39.038]},"properties":{"name":"Vils","type":"Crater","diameter_km":6.6805301,"link":"https://planetarynames.wr.usgs.gov/Feature/6389"}},{"type":"Feature","geometry":{"type":"Point","coordinates":[62.9429,-65.8214]},"properties":{"name":"Malea Planum","type":"Planum","diameter_km":872.46625,"link":"https://planetarynames.wr.usgs.gov/Feature/3605"}},{"type":"Feature","geometry":{"type":"Point","coordinates":[-37.743,-19.8271]},"properties":{"name":"Vinogradov","type":"Crater","diameter_km":209.658,"link":"https://planetarynames.wr.usgs.gov/Feature/6394"}},{"type":"Feature","geometry":{"type":"Point","coordinates":[92.7923,-30.2002]},"properties":{"name":"Hadriaca Patera","type":"Patera","diameter_km":66.043152,"link":"https://planetarynames.wr.usgs.gov/Feature/2310"}},{"type":"Feature","geometry":{"type":"Point","coordinates":[-155.0,-49.6666]},"properties":{"name":"Phaethontis","type":"Albedo Feature","diameter_km":0.0,"link":"https://planetarynames.wr.usgs.gov/Feature/4683"}},{"type":"Feature","geometry":{"type":"Point","coordinates":[143.849,-56.1281]},"properties":{"name":"Vinogradsky","type":"Crater","diameter_km":66.261002,"link":"https://planetarynames.wr.usgs.gov/Feature/6395"}},{"type":"Feature","geometry":{"type":"Point","coordinates":[0.0,59.7062]},"properties":{"name":"Ortygia","type":"Albedo Feature","diameter_km":0.0,"link":"https://planetarynames.wr.usgs.gov/Feature/4501"}},{"type":"Feature","geometry":{"type":"Point","coordinates":[-18.0,7.9073]},"properties":{"name":"Oxia Palus","type":"Albedo Feature","diameter_km":0.0,"link":"https://planetarynames.wr.usgs.gov/Feature/4535"}},{"type":"Feature","geometry":{"type":"Point","coordinates":[-12.0,19.7836]},"properties":{"name":"Oxus","type":"Albedo Feature","diameter_km":0.0,"link":"https://planetarynames.wr.usgs.gov/Feature/4536"}},{"type":"Feature","geometry":{"type":"Point","coordinates":[-102.876,-30.7293]},"properties":{"name":"Virrat","type":"Crater","diameter_km":50.6702,"link":"https://planetarynames.wr.usgs.gov/Feature/6405"}},{"type":"Feature","geometry":{"type":"Point","coordinates":[84.1219,-76.5184]},"properties":{"name":"Vishniac","type":"Crater","diameter_km":80.465408,"link":"https://planetarynames.wr.usgs.gov/Feature/6410"}},{"type":"Feature","geometry":{"type":"Point","coordinates":[160.0,59.7062]},"properties":{"name":"Panchaia","type":"Albedo Feature","diameter_km":0.0,"link":"https://planetarynames.wr.usgs.gov/Feature/4572"}},{"type":"Feature","geometry":{"type":"Point","coordinates":[44.0,-24.7419]},"properties":{"name":"Pandorae Fretum","type":"Albedo Feature","diameter_km":0.0,"link":"https://planetarynames.wr.usgs.gov/Feature/4574"}},{"type":"Feature","geometry":{"type":"Point","coordinates":[118.8322,48.971]},"properties":{"name":"Vivero","type":"Crater","diameter_km":27.128201,"link":"https://planetarynames.wr.usgs.gov/Feature/6417"}},{"type":"Feature","geometry":{"type":"Point","coordinates":[-76.1387,-32.1139]},"properties":{"name":"Voeykov","type":"Crater","diameter_km":75.451492,"link":"https://planetarynames.wr.usgs.gov/Feature/6424"}},{"type":"Feature","geometry":{"type":"Point","coordinates":[-13.2832,-36.7738]},"properties":{"name":"Vogel","type":"Crater","diameter_km":120.69148,"link":"https://planetarynames.wr.usgs.gov/Feature/6426"}},{"type":"Feature","geometry":{"type":"Point","coordinates":[135.0276,48.097]},"properties":{"name":"Volgograd","type":"Crater","diameter_km":1.59051,"link":"https://planetarynames.wr.usgs.gov/Feature/6427"}},{"type":"Feature","geometry":{"type":"Point","coordinates":[-51.2401,22.9996]},"properties":{"name":"Vol sk","type":"Crater","diameter_km":8.4579496,"link":"https://planetarynames.wr.usgs.gov/Feature/6435"}},{"type":"Feature","geometry":{"type":"Point","coordinates":[-110.0,-11.8632]},"properties":{"name":"Phoenicis Lacus","type":"Albedo Feature","diameter_km":0.0,"link":"https://planetarynames.wr.usgs.gov/Feature/4706"}},{"type":"Feature","geometry":{"type":"Point","coordinates":[-58.702,-64.2677]},"properties":{"name":"Von Karman","type":"Crater","diameter_km":90.294701,"link":"https://planetarynames.wr.usgs.gov/Feature/6441"}},{"type":"Feature","geometry":{"type":"Point","coordinates":[-70.0,-39.6672]},"properties":{"name":"Phrixi Regio","type":"Albedo Feature","diameter_km":0.0,"link":"https://planetarynames.wr.usgs.gov/Feature/4711"}},{"type":"Feature","geometry":{"type":"Point","coordinates":[-19.9927,-26.9406]},"properties":{"name":"Voo","type":"Crater","diameter_km":2.1282899,"link":"https://planetarynames.wr.usgs.gov/Feature/6448"}},{"type":"Feature","geometry":{"type":"Point","coordinates":[-53.5281,23.3425]},"properties":{"name":"Voza","type":"Crater","diameter_km":2.7128,"link":"https://planetarynames.wr.usgs.gov/Feature/6454"}},{"type":"Feature","geometry":{"type":"Point","coordinates":[80.0,-64.7399]},"properties":{"name":"Promethei Sinus","type":"Albedo Feature","diameter_km":0.0,"link":"https://planetarynames.wr.usgs.gov/Feature/4834"}},{"type":"Feature","geometry":{"type":"Point","coordinates":[-53.69,-43.6086]},"properties":{"name":"Vato","type":"Crater","diameter_km":17.238199,"link":"https://planetarynames.wr.usgs.gov/Feature/6464"}},{"type":"Feature","geometry":{"type":"Point","coordinates":[132.72,46.5894]},"properties":{"name":"Wallops","type":"Crater","diameter_km":1.8398401,"link":"https://planetarynames.wr.usgs.gov/Feature/6480"}},{"type":"Feature","geometry":{"type":"Point","coordinates":[-33.642,21.3596]},"properties":{"name":"Wabash","type":"Crater","diameter_km":40.705521,"link":"https://planetarynames.wr.usgs.gov/Feature/6468"}},{"type":"Feature","geometry":{"type":"Point","coordinates":[175.0,44.6618]},"properties":{"name":"Propontis","type":"Albedo Feature","diameter_km":0.0,"link":"https://planetarynames.wr.usgs.gov/Feature/4847"}},{"type":"Feature","geometry":{"type":"Point","coordinates":[-50.0,-22.7577]},"properties":{"name":"Protei Regio","type":"Albedo Feature","diameter_km":0.0,"link":"https://planetarynames.wr.usgs.gov/Feature/4850"}},{"type":"Feature","geometry":{"type":"Point","coordinates":[45.0,41.6638]},"properties":{"name":"Protonilus","type":"Albedo Feature","diameter_km":0.0,"link":"https://planetarynames.wr.usgs.gov/Feature/4851"}},{"type":"Feature","geometry":{"type":"Point","coordinates":[-33.6816,23.2334]},"properties":{"name":"Wahoo","type":"Crater","diameter_km":63.070202,"link":"https://planetarynames.wr.usgs.gov/Feature/6471"}},{"type":"Feature","geometry":{"type":"Point","coordinates":[-38.0,-14.8317]},"properties":{"name":"Pyrrhae Regio","type":"Albedo Feature","diameter_km":0.0,"link":"https://planetarynames.wr.usgs.gov/Feature/4885"}},{"type":"Feature","geometry":{"type":"Point","coordinates":[105.5447,-27.0244]},"properties":{"name":"Wajir","type":"Crater","diameter_km":11.8543,"link":"https://planetarynames.wr.usgs.gov/Feature/6472"}},{"type":"Feature","geometry":{"type":"Point","coordinates":[110.9028,-52.4812]},"properties":{"name":"Wallace","type":"Crater","diameter_km":170.7811,"link":"https://planetarynames.wr.usgs.gov/Feature/6478"}},{"type":"Feature","geometry":{"type":"Point","coordinates":[80.5395,-48.8708]},"properties":{"name":"Zea Dorsa","type":"Dorsum","diameter_km":249.01918,"link":"https://planetarynames.wr.usgs.gov/Feature/6708"}},{"type":"Feature","geometry":{"type":"Point","coordinates":[-54.3957,-9.9222]},"properties":{"name":"Wallula","type":"Crater","diameter_km":12.12929,"link":"https://planetarynames.wr.usgs.gov/Feature/6481"}},{"type":"Feature","geometry":{"type":"Point","coordinates":[0.0,-4.9416]},"properties":{"name":"Sinus Meridiani","type":"Albedo Feature","diameter_km":0.0,"link":"https://planetarynames.wr.usgs.gov/Feature/5568"}},{"type":"Feature","geometry":{"type":"Point","coordinates":[20.0,-7.9073]},"properties":{"name":"Sinus Sabaeus","type":"Albedo Feature","diameter_km":0.0,"link":"https://planetarynames.wr.usgs.gov/Feature/5570"}},{"type":"Feature","geometry":{"type":"Point","coordinates":[-37.6323,20.7461]},"properties":{"name":"Warra","type":"Crater","diameter_km":10.117,"link":"https://planetarynames.wr.usgs.gov/Feature/6490"}},{"type":"Feature","geometry":{"type":"Point","coordinates":[-6.18829999999997,45.6742]},"properties":{"name":"Wer","type":"Crater","diameter_km":3.2055099,"link":"https://planetarynames.wr.usgs.gov/Feature/6521"}},{"type":"Feature","geometry":{"type":"Point","coordinates":[-56.6272,20.4537]},"properties":{"name":"Waspam","type":"Crater","diameter_km":41.600101,"link":"https://planetarynames.wr.usgs.gov/Feature/6493"}},{"type":"Feature","geometry":{"type":"Point","coordinates":[-53.2055,25.5741]},"properties":{"name":"Wassamu","type":"Crater","diameter_km":16.2967,"link":"https://planetarynames.wr.usgs.gov/Feature/6494"}},{"type":"Feature","geometry":{"type":"Point","coordinates":[-42.6137,-44.8637]},"properties":{"name":"Wau","type":"Crater","diameter_km":6.7873001,"link":"https://planetarynames.wr.usgs.gov/Feature/6499"}},{"type":"Feature","geometry":{"type":"Point","coordinates":[-51.6933,19.7127]},"properties":{"name":"Weert","type":"Crater","diameter_km":9.4934101,"link":"https://planetarynames.wr.usgs.gov/Feature/6506"}},{"type":"Feature","geometry":{"type":"Point","coordinates":[-4.06599999999997,-64.2995]},"properties":{"name":"Wegener","type":"Crater","diameter_km":68.513702,"link":"https://planetarynames.wr.usgs.gov/Feature/6508"}},{"type":"Feature","geometry":{"type":"Point","coordinates":[114.5713,-65.5301]},"properties":{"name":"Weinbaum","type":"Crater","diameter_km":82.012627,"link":"https://planetarynames.wr.usgs.gov/Feature/6512"}},{"type":"Feature","geometry":{"type":"Point","coordinates":[122.403,-59.9353]},"properties":{"name":"Wells","type":"Crater","diameter_km":98.279701,"link":"https://planetarynames.wr.usgs.gov/Feature/6516"}},{"type":"Feature","geometry":{"type":"Point","coordinates":[105.0,29.7079]},"properties":{"name":"Thoth","type":"Albedo Feature","diameter_km":0.0,"link":"https://planetarynames.wr.usgs.gov/Feature/5982"}},{"type":"Feature","geometry":{"type":"Point","coordinates":[-40.5303,-2.0141]},"properties":{"name":"Wicklow","type":"Crater","diameter_km":21.501499,"link":"https://planetarynames.wr.usgs.gov/Feature/6539"}},{"type":"Feature","geometry":{"type":"Point","coordinates":[-43.3254,-2.0854]},"properties":{"name":"Windfall","type":"Crater","diameter_km":17.550079,"link":"https://planetarynames.wr.usgs.gov/Feature/6557"}},{"type":"Feature","geometry":{"type":"Point","coordinates":[139.751,-10.572]},"properties":{"name":"Wien","type":"Crater","diameter_km":115.13792,"link":"https://planetarynames.wr.usgs.gov/Feature/6543"}},{"type":"Feature","geometry":{"type":"Point","coordinates":[-164.1362,-18.3865]},"properties":{"name":"Williams","type":"Crater","diameter_km":123.203,"link":"https://planetarynames.wr.usgs.gov/Feature/6552"}},{"type":"Feature","geometry":{"type":"Point","coordinates":[-41.3424,-6.5145]},"properties":{"name":"Wink","type":"Crater","diameter_km":10.1641,"link":"https://planetarynames.wr.usgs.gov/Feature/6559"}},{"type":"Feature","geometry":{"type":"Point","coordinates":[-25.8599,-48.2356]},"properties":{"name":"Wirtz","type":"Crater","diameter_km":120.2614,"link":"https://planetarynames.wr.usgs.gov/Feature/6564"}},{"type":"Feature","geometry":{"type":"Point","coordinates":[-85.4536,34.6572]},"properties":{"name":"Woolgar","type":"Crater","diameter_km":15.3099,"link":"https://planetarynames.wr.usgs.gov/Feature/6575"}},{"type":"Feature","geometry":{"type":"Point","coordinates":[11.3867,-18.1651]},"properties":{"name":"Wislicenus","type":"Crater","diameter_km":140.151,"link":"https://planetarynames.wr.usgs.gov/Feature/6565"}},{"type":"Feature","geometry":{"type":"Point","coordinates":[-100.0,-19.7836]},"properties":{"name":"Syria","type":"Albedo Feature","diameter_km":0.0,"link":"https://planetarynames.wr.usgs.gov/Feature/5793"}},{"type":"Feature","geometry":{"type":"Point","coordinates":[70.0,9.885]},"properties":{"name":"Syrtis Major","type":"Albedo Feature","diameter_km":0.0,"link":"https://planetarynames.wr.usgs.gov/Feature/5795"}},{"type":"Feature","geometry":{"type":"Point","coordinates":[132.6168,48.0656]},"properties":{"name":"Woomera","type":"Crater","diameter_km":2.26037,"link":"https://planetarynames.wr.usgs.gov/Feature/6576"}},{"type":"Feature","geometry":{"type":"Point","coordinates":[-50.3747,26.6126]},"properties":{"name":"Worcester","type":"Crater","diameter_km":24.0478,"link":"https://planetarynames.wr.usgs.gov/Feature/6577"}},{"type":"Feature","geometry":{"type":"Point","coordinates":[-70.0,-19.7836]},"properties":{"name":"Sinai","type":"Albedo Feature","diameter_km":0.0,"link":"https://planetarynames.wr.usgs.gov/Feature/5546"}},{"type":"Feature","geometry":{"type":"Point","coordinates":[112.626,15.0868]},"properties":{"name":"Xui","type":"Crater","diameter_km":3.1519799,"link":"https://planetarynames.wr.usgs.gov/Feature/6619"}},{"type":"Feature","geometry":{"type":"Point","coordinates":[-151.0126,-58.5128]},"properties":{"name":"Wright","type":"Crater","diameter_km":113.777,"link":"https://planetarynames.wr.usgs.gov/Feature/6582"}},{"type":"Feature","geometry":{"type":"Point","coordinates":[-102.7963,-31.8052]},"properties":{"name":"Wukari","type":"Crater","diameter_km":38.21497,"link":"https://planetarynames.wr.usgs.gov/Feature/6586"}},{"type":"Feature","geometry":{"type":"Point","coordinates":[115.0,44.6618]},"properties":{"name":"Sithonius Lacus","type":"Albedo Feature","diameter_km":0.0,"link":"https://planetarynames.wr.usgs.gov/Feature/5585"}},{"type":"Feature","geometry":{"type":"Point","coordinates":[-3.1524,43.0339]},"properties":{"name":"Yakima","type":"Crater","diameter_km":12.52634,"link":"https://planetarynames.wr.usgs.gov/Feature/6625"}},{"type":"Feature","geometry":{"type":"Point","coordinates":[-90.0,-27.7205]},"properties":{"name":"Solis Lacus","type":"Albedo Feature","diameter_km":0.0,"link":"https://planetarynames.wr.usgs.gov/Feature/5624"}},{"type":"Feature","geometry":{"type":"Point","coordinates":[-38.5779,17.366]},"properties":{"name":"Yala","type":"Crater","diameter_km":19.651501,"link":"https://planetarynames.wr.usgs.gov/Feature/6628"}},{"type":"Feature","geometry":{"type":"Point","coordinates":[106.1659,21.8128]},"properties":{"name":"Yalata","type":"Crater","diameter_km":4.73669,"link":"https://planetarynames.wr.usgs.gov/Feature/6629"}},{"type":"Feature","geometry":{"type":"Point","coordinates":[-39.1475,22.2687]},"properties":{"name":"Yar","type":"Crater","diameter_km":6.1817002,"link":"https://planetarynames.wr.usgs.gov/Feature/6640"}},{"type":"Feature","geometry":{"type":"Point","coordinates":[160.0,29.7079]},"properties":{"name":"Styx","type":"Albedo Feature","diameter_km":0.0,"link":"https://planetarynames.wr.usgs.gov/Feature/5734"}},{"type":"Feature","geometry":{"type":"Point","coordinates":[-52.8375,-44.0132]},"properties":{"name":"Tara","type":"Crater","diameter_km":32.939301,"link":"https://planetarynames.wr.usgs.gov/Feature/5864"}},{"type":"Feature","geometry":{"type":"Point","coordinates":[-30.441,-41.206]},"properties":{"name":"Tarakan","type":"Crater","diameter_km":39.313568,"link":"https://planetarynames.wr.usgs.gov/Feature/5865"}},{"type":"Feature","geometry":{"type":"Point","coordinates":[-41.224,-3.7802]},"properties":{"name":"Tarata","type":"Crater","diameter_km":12.2727,"link":"https://planetarynames.wr.usgs.gov/Feature/5868"}},{"type":"Feature","geometry":{"type":"Point","coordinates":[-70.0,49.6666]},"properties":{"name":"Tanais","type":"Albedo Feature","diameter_km":0.0,"link":"https://planetarynames.wr.usgs.gov/Feature/5850"}},{"type":"Feature","geometry":{"type":"Point","coordinates":[109.8549,16.5381]},"properties":{"name":"Tarma","type":"Crater","diameter_km":8.9970598,"link":"https://planetarynames.wr.usgs.gov/Feature/5871"}},{"type":"Feature","geometry":{"type":"Point","coordinates":[100.0,69.7816]},"properties":{"name":"Uchronia","type":"Albedo Feature","diameter_km":0.0,"link":"https://planetarynames.wr.usgs.gov/Feature/6182"}},{"type":"Feature","geometry":{"type":"Point","coordinates":[-10.0,9.885]},"properties":{"name":"Thymiamata","type":"Albedo Feature","diameter_km":0.0,"link":"https://planetarynames.wr.usgs.gov/Feature/5988"}},{"type":"Feature","geometry":{"type":"Point","coordinates":[-40.2627,23.1178]},"properties":{"name":"Tarsus","type":"Crater","diameter_km":18.549,"link":"https://planetarynames.wr.usgs.gov/Feature/5872"}},{"type":"Feature","geometry":{"type":"Point","coordinates":[-40.1325,20.666]},"properties":{"name":"Taxco","type":"Crater","diameter_km":17.359699,"link":"https://planetarynames.wr.usgs.gov/Feature/5888"}},{"type":"Feature","geometry":{"type":"Point","coordinates":[-45.296,-43.5746]},"properties":{"name":"Taza","type":"Crater","diameter_km":24.2843,"link":"https://planetarynames.wr.usgs.gov/Feature/5890"}},{"type":"Feature","geometry":{"type":"Point","coordinates":[-70.0,39.6672]},"properties":{"name":"Tempe","type":"Albedo Feature","diameter_km":0.0,"link":"https://planetarynames.wr.usgs.gov/Feature/5912"}},{"type":"Feature","geometry":{"type":"Point","coordinates":[-100.0,0.0]},"properties":{"name":"Tharsis","type":"Albedo Feature","diameter_km":0.0,"link":"https://planetarynames.wr.usgs.gov/Feature/5947"}},{"type":"Feature","geometry":{"type":"Point","coordinates":[-106.8371,-24.5493]},"properties":{"name":"Tecolote","type":"Crater","diameter_km":47.931099,"link":"https://planetarynames.wr.usgs.gov/Feature/5894"}},{"type":"Feature","geometry":{"type":"Point","coordinates":[162.0,19.7836]},"properties":{"name":"Trivium Charontis","type":"Albedo Feature","diameter_km":0.0,"link":"https://planetarynames.wr.usgs.gov/Feature/6088"}},{"type":"Feature","geometry":{"type":"Point","coordinates":[45.0726,0.4335]},"properties":{"name":"Teisserenc de Bort","type":"Crater","diameter_km":114.888,"link":"https://planetarynames.wr.usgs.gov/Feature/5901"}},{"type":"Feature","geometry":{"type":"Point","coordinates":[-85.0,-4.9416]},"properties":{"name":"Tithonius Lacus","type":"Albedo Feature","diameter_km":0.0,"link":"https://planetarynames.wr.usgs.gov/Feature/6033"}},{"type":"Feature","geometry":{"type":"Point","coordinates":[106.4219,15.3879]},"properties":{"name":"Tejn","type":"Crater","diameter_km":3.7725301,"link":"https://planetarynames.wr.usgs.gov/Feature/5902"}},{"type":"Feature","geometry":{"type":"Point","coordinates":[-80.0,29.7079]},"properties":{"name":"Tractus Albus","type":"Albedo Feature","diameter_km":0.0,"link":"https://planetarynames.wr.usgs.gov/Feature/6073"}},{"type":"Feature","geometry":{"type":"Point","coordinates":[92.0,-24.7419]},"properties":{"name":"Trinacria","type":"Albedo Feature","diameter_km":0.0,"link":"https://planetarynames.wr.usgs.gov/Feature/6083"}},{"type":"Feature","geometry":{"type":"Point","coordinates":[111.1197,21.1595]},"properties":{"name":"Telz","type":"Crater","diameter_km":3.18767,"link":"https://planetarynames.wr.usgs.gov/Feature/5910"}},{"type":"Feature","geometry":{"type":"Point","coordinates":[-9.45359999999999,41.9074]},"properties":{"name":"Tem ","type":"Crater","diameter_km":5.8751898,"link":"https://planetarynames.wr.usgs.gov/Feature/5918"}},{"type":"Feature","geometry":{"type":"Point","coordinates":[103.5109,15.2091]},"properties":{"name":"Tepko","type":"Crater","diameter_km":3.97697,"link":"https://planetarynames.wr.usgs.gov/Feature/5922"}},{"type":"Feature","geometry":{"type":"Point","coordinates":[74.1408,-27.9614]},"properties":{"name":"Terby","type":"Crater","diameter_km":171.49699,"link":"https://planetarynames.wr.usgs.gov/Feature/5924"}},{"type":"Feature","geometry":{"type":"Point","coordinates":[109.1739,19.6673]},"properties":{"name":"Thermia","type":"Crater","diameter_km":2.75635,"link":"https://planetarynames.wr.usgs.gov/Feature/5968"}},{"type":"Feature","geometry":{"type":"Point","coordinates":[70.0,49.6666]},"properties":{"name":"Umbra","type":"Albedo Feature","diameter_km":0.0,"link":"https://planetarynames.wr.usgs.gov/Feature/6218"}},{"type":"Feature","geometry":{"type":"Point","coordinates":[175.9773,-14.4742]},"properties":{"name":"Thira","type":"Crater","diameter_km":21.842699,"link":"https://planetarynames.wr.usgs.gov/Feature/5973"}},{"type":"Feature","geometry":{"type":"Point","coordinates":[92.3491,-41.11]},"properties":{"name":"Thom","type":"Crater","diameter_km":22.0623,"link":"https://planetarynames.wr.usgs.gov/Feature/5974"}},{"type":"Feature","geometry":{"type":"Point","coordinates":[110.0,49.6666]},"properties":{"name":"Utopia","type":"Albedo Feature","diameter_km":0.0,"link":"https://planetarynames.wr.usgs.gov/Feature/6259"}},{"type":"Feature","geometry":{"type":"Point","coordinates":[-25.724,-23.3724]},"properties":{"name":"Thule","type":"Crater","diameter_km":13.0749,"link":"https://planetarynames.wr.usgs.gov/Feature/5985"}},{"type":"Feature","geometry":{"type":"Point","coordinates":[-54.8708,12.558]},"properties":{"name":"Tibrikot","type":"Crater","diameter_km":59.082001,"link":"https://planetarynames.wr.usgs.gov/Feature/5992"}},{"type":"Feature","geometry":{"type":"Point","coordinates":[40.0,-39.6672]},"properties":{"name":"Yaonis Regio","type":"Albedo Feature","diameter_km":0.0,"link":"https://planetarynames.wr.usgs.gov/Feature/6639"}},{"type":"Feature","geometry":{"type":"Point","coordinates":[87.0406,-30.7358]},"properties":{"name":"Tignish","type":"Crater","diameter_km":20.9758,"link":"https://planetarynames.wr.usgs.gov/Feature/5998"}},{"type":"Feature","geometry":{"type":"Point","coordinates":[35.9266,13.2777]},"properties":{"name":"Tikhonravov","type":"Crater","diameter_km":343.70099,"link":"https://planetarynames.wr.usgs.gov/Feature/6001"}},{"type":"Feature","geometry":{"type":"Point","coordinates":[105.797,-50.6817]},"properties":{"name":"Tikhov","type":"Crater","diameter_km":110.07,"link":"https://planetarynames.wr.usgs.gov/Feature/6003"}},{"type":"Feature","geometry":{"type":"Point","coordinates":[-15.0,-34.6828]},"properties":{"name":"Vulcani Pelagus","type":"Albedo Feature","diameter_km":0.0,"link":"https://planetarynames.wr.usgs.gov/Feature/6456"}},{"type":"Feature","geometry":{"type":"Point","coordinates":[-28.6215,17.7262]},"properties":{"name":"Tile","type":"Crater","diameter_km":8.4710798,"link":"https://planetarynames.wr.usgs.gov/Feature/6005"}},{"type":"Feature","geometry":{"type":"Point","coordinates":[109.5187,22.5469]},"properties":{"name":"Tokko","type":"Crater","diameter_km":2.6968601,"link":"https://planetarynames.wr.usgs.gov/Feature/6045"}},{"type":"Feature","geometry":{"type":"Point","coordinates":[-22.337,-25.2675]},"properties":{"name":"Timaru","type":"Crater","diameter_km":18.40373,"link":"https://planetarynames.wr.usgs.gov/Feature/6009"}},{"type":"Feature","geometry":{"type":"Point","coordinates":[-37.524,-5.5604]},"properties":{"name":"Timbuktu","type":"Crater","diameter_km":65.6828,"link":"https://planetarynames.wr.usgs.gov/Feature/6010"}},{"type":"Feature","geometry":{"type":"Point","coordinates":[-64.0026,41.7629]},"properties":{"name":"Timoshenko","type":"Crater","diameter_km":86.113411,"link":"https://planetarynames.wr.usgs.gov/Feature/6013"}},{"type":"Feature","geometry":{"type":"Point","coordinates":[104.9785,18.225]},"properties":{"name":"Tolon","type":"Crater","diameter_km":2.6380999,"link":"https://planetarynames.wr.usgs.gov/Feature/6051"}},{"type":"Feature","geometry":{"type":"Point","coordinates":[-24.7616,-27.5629]},"properties":{"name":"Tiwi","type":"Crater","diameter_km":21.1504,"link":"https://planetarynames.wr.usgs.gov/Feature/6039"}},{"type":"Feature","geometry":{"type":"Point","coordinates":[-50.0,9.885]},"properties":{"name":"Xanthe","type":"Albedo Feature","diameter_km":0.0,"link":"https://planetarynames.wr.usgs.gov/Feature/6596"}},{"type":"Feature","geometry":{"type":"Point","coordinates":[108.5661,21.3106]},"properties":{"name":"Tokma","type":"Crater","diameter_km":3.2759099,"link":"https://planetarynames.wr.usgs.gov/Feature/6047"}},{"type":"Feature","geometry":{"type":"Point","coordinates":[-152.2387,23.207]},"properties":{"name":"Tooting","type":"Crater","diameter_km":27.857401,"link":"https://planetarynames.wr.usgs.gov/Feature/6059"}},{"type":"Feature","geometry":{"type":"Point","coordinates":[114.0809,17.8738]},"properties":{"name":"Torbay","type":"Crater","diameter_km":6.33426,"link":"https://planetarynames.wr.usgs.gov/Feature/6060"}},{"type":"Feature","geometry":{"type":"Point","coordinates":[-51.1798,-44.2856]},"properties":{"name":"Torso","type":"Crater","diameter_km":15.30233,"link":"https://planetarynames.wr.usgs.gov/Feature/6066"}},{"type":"Feature","geometry":{"type":"Point","coordinates":[165.0,0.0]},"properties":{"name":"Zephyria","type":"Albedo Feature","diameter_km":0.0,"link":"https://planetarynames.wr.usgs.gov/Feature/6719"}},{"type":"Feature","geometry":{"type":"Point","coordinates":[-31.5909,17.6819]},"properties":{"name":"Trud","type":"Crater","diameter_km":2.4365599,"link":"https://planetarynames.wr.usgs.gov/Feature/6096"}},{"type":"Feature","geometry":{"type":"Point","coordinates":[97.8089,-27.8894]},"properties":{"name":"Torup","type":"Crater","diameter_km":42.723202,"link":"https://planetarynames.wr.usgs.gov/Feature/6068"}},{"type":"Feature","geometry":{"type":"Point","coordinates":[109.0543,-23.3819]},"properties":{"name":"Trinidad","type":"Crater","diameter_km":27.9072,"link":"https://planetarynames.wr.usgs.gov/Feature/6085"}},{"type":"Feature","geometry":{"type":"Point","coordinates":[105.1399,16.8325]},"properties":{"name":"Troika","type":"Crater","diameter_km":13.4265,"link":"https://planetarynames.wr.usgs.gov/Feature/6089"}},{"type":"Feature","geometry":{"type":"Point","coordinates":[87.4433,-70.573]},"properties":{"name":"Promethei Mons","type":"Mons","diameter_km":65.171097,"link":"https://planetarynames.wr.usgs.gov/Feature/14181"}},{"type":"Feature","geometry":{"type":"Point","coordinates":[-12.9814,16.0946]},"properties":{"name":"Trouvelot","type":"Crater","diameter_km":148.77499,"link":"https://planetarynames.wr.usgs.gov/Feature/6094"}},{"type":"Feature","geometry":{"type":"Point","coordinates":[-52.6151,23.1699]},"properties":{"name":"Troy","type":"Crater","diameter_km":9.5946598,"link":"https://planetarynames.wr.usgs.gov/Feature/6095"}},{"type":"Feature","geometry":{"type":"Point","coordinates":[-150.7117,-61.4342]},"properties":{"name":"Trumpler","type":"Crater","diameter_km":75.350998,"link":"https://planetarynames.wr.usgs.gov/Feature/6098"}},{"type":"Feature","geometry":{"type":"Point","coordinates":[-23.149,-21.3855]},"properties":{"name":"Aspen","type":"Crater","diameter_km":18.4839,"link":"https://planetarynames.wr.usgs.gov/Feature/434"}},{"type":"Feature","geometry":{"type":"Point","coordinates":[121.0555,49.4924]},"properties":{"name":"Tsau","type":"Crater","diameter_km":6.612,"link":"https://planetarynames.wr.usgs.gov/Feature/6101"}},{"type":"Feature","geometry":{"type":"Point","coordinates":[133.9976,48.5827]},"properties":{"name":"Tsukuba","type":"Crater","diameter_km":1.85724,"link":"https://planetarynames.wr.usgs.gov/Feature/6111"}},{"type":"Feature","geometry":{"type":"Point","coordinates":[104.338,16.9827]},"properties":{"name":"Tuapi","type":"Crater","diameter_km":4.47544,"link":"https://planetarynames.wr.usgs.gov/Feature/6121"}},{"type":"Feature","geometry":{"type":"Point","coordinates":[104.6106,14.7073]},"properties":{"name":"Tumul","type":"Crater","diameter_km":8.6782398,"link":"https://planetarynames.wr.usgs.gov/Feature/6128"}},{"type":"Feature","geometry":{"type":"Point","coordinates":[-101.1122,-31.7824]},"properties":{"name":"Tugaske","type":"Crater","diameter_km":30.8927,"link":"https://planetarynames.wr.usgs.gov/Feature/6124"}},{"type":"Feature","geometry":{"type":"Point","coordinates":[-78.971,21.2812]},"properties":{"name":"Aveiro","type":"Crater","diameter_km":9.1067495,"link":"https://planetarynames.wr.usgs.gov/Feature/501"}},{"type":"Feature","geometry":{"type":"Point","coordinates":[105.6368,20.0126]},"properties":{"name":"Angu","type":"Crater","diameter_km":2.0796101,"link":"https://planetarynames.wr.usgs.gov/Feature/273"}},{"type":"Feature","geometry":{"type":"Point","coordinates":[93.3808,-27.7768]},"properties":{"name":"Bazas","type":"Crater","diameter_km":16.427601,"link":"https://planetarynames.wr.usgs.gov/Feature/648"}},{"type":"Feature","geometry":{"type":"Point","coordinates":[-49.0196,22.9619]},"properties":{"name":"Albany","type":"Crater","diameter_km":2.14762,"link":"https://planetarynames.wr.usgs.gov/Feature/160"}},{"type":"Feature","geometry":{"type":"Point","coordinates":[89.6398,-40.7678]},"properties":{"name":"Tungla","type":"Crater","diameter_km":16.609501,"link":"https://planetarynames.wr.usgs.gov/Feature/6133"}},{"type":"Feature","geometry":{"type":"Point","coordinates":[-48.8922,23.1327]},"properties":{"name":"Bordeaux","type":"Crater","diameter_km":2.00612,"link":"https://planetarynames.wr.usgs.gov/Feature/821"}},{"type":"Feature","geometry":{"type":"Point","coordinates":[-21.9752,-26.6325]},"properties":{"name":"Tura","type":"Crater","diameter_km":14.8119,"link":"https://planetarynames.wr.usgs.gov/Feature/6136"}},{"type":"Feature","geometry":{"type":"Point","coordinates":[111.1013,15.9069]},"properties":{"name":"Aban","type":"Crater","diameter_km":4.2807002,"link":"https://planetarynames.wr.usgs.gov/Feature/6"}},{"type":"Feature","geometry":{"type":"Point","coordinates":[123.1615,45.4309]},"properties":{"name":"Achar","type":"Crater","diameter_km":5.3616099,"link":"https://planetarynames.wr.usgs.gov/Feature/31"}},{"type":"Feature","geometry":{"type":"Point","coordinates":[163.1,30.9137]},"properties":{"name":"Adams","type":"Crater","diameter_km":90.215797,"link":"https://planetarynames.wr.usgs.gov/Feature/46"}},{"type":"Feature","geometry":{"type":"Point","coordinates":[-88.8855,-69.8826]},"properties":{"name":"Agassiz","type":"Crater","diameter_km":108.767,"link":"https://planetarynames.wr.usgs.gov/Feature/81"}},{"type":"Feature","geometry":{"type":"Point","coordinates":[-7.94299999999998,21.8922]},"properties":{"name":"Becquerel","type":"Crater","diameter_km":165.231,"link":"https://planetarynames.wr.usgs.gov/Feature/655"}},{"type":"Feature","geometry":{"type":"Point","coordinates":[103.1429,16.4913]},"properties":{"name":"Ajon","type":"Crater","diameter_km":8.0836201,"link":"https://planetarynames.wr.usgs.gov/Feature/124"}},{"type":"Feature","geometry":{"type":"Point","coordinates":[-60.2442,-35.4643]},"properties":{"name":"Aki","type":"Crater","diameter_km":7.87497,"link":"https://planetarynames.wr.usgs.gov/Feature/131"}},{"type":"Feature","geometry":{"type":"Point","coordinates":[-46.4894,20.4112]},"properties":{"name":"Aktaj","type":"Crater","diameter_km":5.0053701,"link":"https://planetarynames.wr.usgs.gov/Feature/139"}},{"type":"Feature","geometry":{"type":"Point","coordinates":[-35.0076,-41.4747]},"properties":{"name":"Albi","type":"Crater","diameter_km":9.0669699,"link":"https://planetarynames.wr.usgs.gov/Feature/164"}},{"type":"Feature","geometry":{"type":"Point","coordinates":[125.3387,-47.4389]},"properties":{"name":"Alexey Tolstoy","type":"Crater","diameter_km":93.037598,"link":"https://planetarynames.wr.usgs.gov/Feature/178"}},{"type":"Feature","geometry":{"type":"Point","coordinates":[-26.677,-24.3414]},"properties":{"name":"Alga","type":"Crater","diameter_km":18.7152,"link":"https://planetarynames.wr.usgs.gov/Feature/182"}},{"type":"Feature","geometry":{"type":"Point","coordinates":[-47.0029,23.0029]},"properties":{"name":"Amsterdam","type":"Crater","diameter_km":1.65944,"link":"https://planetarynames.wr.usgs.gov/Feature/246"}},{"type":"Feature","geometry":{"type":"Point","coordinates":[-69.5628,-31.8378]},"properties":{"name":"Aniak","type":"Crater","diameter_km":50.968361,"link":"https://planetarynames.wr.usgs.gov/Feature/277"}},{"type":"Feature","geometry":{"type":"Point","coordinates":[60.8311,21.3819]},"properties":{"name":"Antoniadi","type":"Crater","diameter_km":400.95001,"link":"https://planetarynames.wr.usgs.gov/Feature/297"}},{"type":"Feature","geometry":{"type":"Point","coordinates":[89.015,-37.283]},"properties":{"name":"Apia","type":"Crater","diameter_km":10.0603,"link":"https://planetarynames.wr.usgs.gov/Feature/319"}},{"type":"Feature","geometry":{"type":"Point","coordinates":[-9.4699,39.8804]},"properties":{"name":"Apt","type":"Crater","diameter_km":9.5733204,"link":"https://planetarynames.wr.usgs.gov/Feature/333"}},{"type":"Feature","geometry":{"type":"Point","coordinates":[-74.4662,25.5042]},"properties":{"name":"Labeatis Mensa","type":"Mensa","diameter_km":124.67376,"link":"https://planetarynames.wr.usgs.gov/Feature/3192"}},{"type":"Feature","geometry":{"type":"Point","coordinates":[29.9262,10.2212]},"properties":{"name":"Arago","type":"Crater","diameter_km":152.353,"link":"https://planetarynames.wr.usgs.gov/Feature/338"}},{"type":"Feature","geometry":{"type":"Point","coordinates":[-15.0272,42.4061]},"properties":{"name":"Arandas","type":"Crater","diameter_km":24.7612,"link":"https://planetarynames.wr.usgs.gov/Feature/342"}},{"type":"Feature","geometry":{"type":"Point","coordinates":[-50.1684,23.3286]},"properties":{"name":"Argas","type":"Crater","diameter_km":3.5509601,"link":"https://planetarynames.wr.usgs.gov/Feature/362"}},{"type":"Feature","geometry":{"type":"Point","coordinates":[110.238,-23.8006]},"properties":{"name":"Arica","type":"Crater","diameter_km":15.7728,"link":"https://planetarynames.wr.usgs.gov/Feature/377"}},{"type":"Feature","geometry":{"type":"Point","coordinates":[-24.788,-41.0876]},"properties":{"name":"Arkhangelsky","type":"Crater","diameter_km":116.829,"link":"https://planetarynames.wr.usgs.gov/Feature/384"}},{"type":"Feature","geometry":{"type":"Point","coordinates":[122.7059,-40.0418]},"properties":{"name":"Arrhenius","type":"Crater","diameter_km":122.72276,"link":"https://planetarynames.wr.usgs.gov/Feature/392"}},{"type":"Feature","geometry":{"type":"Point","coordinates":[-54.2866,21.383]},"properties":{"name":"Arta","type":"Crater","diameter_km":3.96296,"link":"https://planetarynames.wr.usgs.gov/Feature/397"}},{"type":"Feature","geometry":{"type":"Point","coordinates":[-92.0258,38.1819]},"properties":{"name":"Ayacucho","type":"Crater","diameter_km":2.58812,"link":"https://planetarynames.wr.usgs.gov/Feature/517"}},{"type":"Feature","geometry":{"type":"Point","coordinates":[91.5814,-38.9832]},"properties":{"name":"Ayr","type":"Crater","diameter_km":12.74,"link":"https://planetarynames.wr.usgs.gov/Feature/521"}},{"type":"Feature","geometry":{"type":"Point","coordinates":[-42.5146,-42.0711]},"properties":{"name":"Azul","type":"Crater","diameter_km":19.5319,"link":"https://planetarynames.wr.usgs.gov/Feature/525"}},{"type":"Feature","geometry":{"type":"Point","coordinates":[-40.3216,-5.4811]},"properties":{"name":"Azusa","type":"Crater","diameter_km":39.254601,"link":"https://planetarynames.wr.usgs.gov/Feature/526"}},{"type":"Feature","geometry":{"type":"Point","coordinates":[-71.445,-36.0048]},"properties":{"name":"Babakin","type":"Crater","diameter_km":76.664001,"link":"https://planetarynames.wr.usgs.gov/Feature/532"}},{"type":"Feature","geometry":{"type":"Point","coordinates":[102.698,18.6561]},"properties":{"name":"Bacht","type":"Crater","diameter_km":7.8625598,"link":"https://planetarynames.wr.usgs.gov/Feature/539"}},{"type":"Feature","geometry":{"type":"Point","coordinates":[118.5996,32.9937]},"properties":{"name":"Bacolor","type":"Crater","diameter_km":21.57761,"link":"https://planetarynames.wr.usgs.gov/Feature/544"}},{"type":"Feature","geometry":{"type":"Point","coordinates":[-50.6892,20.3484]},"properties":{"name":"Bada","type":"Crater","diameter_km":2.52349,"link":"https://planetarynames.wr.usgs.gov/Feature/546"}},{"type":"Feature","geometry":{"type":"Point","coordinates":[-43.3186,-3.4963]},"properties":{"name":"Bahn","type":"Crater","diameter_km":11.9284,"link":"https://planetarynames.wr.usgs.gov/Feature/557"}},{"type":"Feature","geometry":{"type":"Point","coordinates":[103.7849,18.0493]},"properties":{"name":"Bak","type":"Crater","diameter_km":3.1317201,"link":"https://planetarynames.wr.usgs.gov/Feature/563"}},{"type":"Feature","geometry":{"type":"Point","coordinates":[15.7278,-22.9729]},"properties":{"name":"Bakhuysen","type":"Crater","diameter_km":152.899,"link":"https://planetarynames.wr.usgs.gov/Feature/566"}},{"type":"Feature","geometry":{"type":"Point","coordinates":[-33.8771,-3.8215]},"properties":{"name":"Balboa","type":"Crater","diameter_km":21.94697,"link":"https://planetarynames.wr.usgs.gov/Feature/571"}},{"type":"Feature","geometry":{"type":"Point","coordinates":[65.4819,22.762]},"properties":{"name":"Baldet","type":"Crater","diameter_km":181.306,"link":"https://planetarynames.wr.usgs.gov/Feature/575"}},{"type":"Feature","geometry":{"type":"Point","coordinates":[-26.5497,-23.8182]},"properties":{"name":"Balta","type":"Crater","diameter_km":17.281601,"link":"https://planetarynames.wr.usgs.gov/Feature/582"}},{"type":"Feature","geometry":{"type":"Point","coordinates":[-54.6597,-42.2678]},"properties":{"name":"Baltisk","type":"Crater","diameter_km":50.752102,"link":"https://planetarynames.wr.usgs.gov/Feature/585"}},{"type":"Feature","geometry":{"type":"Point","coordinates":[-53.2385,16.2024]},"properties":{"name":"Balvicar","type":"Crater","diameter_km":20.350229,"link":"https://planetarynames.wr.usgs.gov/Feature/586"}},{"type":"Feature","geometry":{"type":"Point","coordinates":[-41.5887,-3.3625]},"properties":{"name":"Bamba","type":"Crater","diameter_km":22.56653,"link":"https://planetarynames.wr.usgs.gov/Feature/588"}},{"type":"Feature","geometry":{"type":"Point","coordinates":[-3.09989999999999,39.7072]},"properties":{"name":"Bamberg","type":"Crater","diameter_km":55.702599,"link":"https://planetarynames.wr.usgs.gov/Feature/589"}},{"type":"Feature","geometry":{"type":"Point","coordinates":[-30.7077,17.5097]},"properties":{"name":"Banff","type":"Crater","diameter_km":5.0046601,"link":"https://planetarynames.wr.usgs.gov/Feature/595"}},{"type":"Feature","geometry":{"type":"Point","coordinates":[-55.4973,19.417]},"properties":{"name":"Banh","type":"Crater","diameter_km":14.3955,"link":"https://planetarynames.wr.usgs.gov/Feature/596"}},{"type":"Feature","geometry":{"type":"Point","coordinates":[-19.4962,-25.2468]},"properties":{"name":"Bar","type":"Crater","diameter_km":2.056,"link":"https://planetarynames.wr.usgs.gov/Feature/600"}},{"type":"Feature","geometry":{"type":"Point","coordinates":[-68.7515,47.3252]},"properties":{"name":"Barabashov","type":"Crater","diameter_km":120.665,"link":"https://planetarynames.wr.usgs.gov/Feature/601"}},{"type":"Feature","geometry":{"type":"Point","coordinates":[61.5894,-61.0629]},"properties":{"name":"Barnard","type":"Crater","diameter_km":121.106,"link":"https://planetarynames.wr.usgs.gov/Feature/609"}},{"type":"Feature","geometry":{"type":"Point","coordinates":[110.6981,-24.803]},"properties":{"name":"Baro","type":"Crater","diameter_km":16.932699,"link":"https://planetarynames.wr.usgs.gov/Feature/612"}},{"type":"Feature","geometry":{"type":"Point","coordinates":[-29.0158,7.9727]},"properties":{"name":"Barsukov","type":"Crater","diameter_km":68.4496,"link":"https://planetarynames.wr.usgs.gov/Feature/620"}},{"type":"Feature","geometry":{"type":"Point","coordinates":[106.9998,17.8175]},"properties":{"name":"Basin","type":"Crater","diameter_km":15.5268,"link":"https://planetarynames.wr.usgs.gov/Feature/629"}},{"type":"Feature","geometry":{"type":"Point","coordinates":[-36.6528,-7.5529]},"properties":{"name":"Batoka","type":"Crater","diameter_km":14.9577,"link":"https://planetarynames.wr.usgs.gov/Feature/637"}},{"type":"Feature","geometry":{"type":"Point","coordinates":[-29.4993,21.5038]},"properties":{"name":"Batos","type":"Crater","diameter_km":17.3286,"link":"https://planetarynames.wr.usgs.gov/Feature/638"}},{"type":"Feature","geometry":{"type":"Point","coordinates":[132.6789,46.4099]},"properties":{"name":"Baykonyr","type":"Crater","diameter_km":3.8992901,"link":"https://planetarynames.wr.usgs.gov/Feature/647"}},{"type":"Feature","geometry":{"type":"Point","coordinates":[-8.16899999999998,-14.4723]},"properties":{"name":"Beer","type":"Crater","diameter_km":85.496902,"link":"https://planetarynames.wr.usgs.gov/Feature/659"}},{"type":"Feature","geometry":{"type":"Point","coordinates":[135.8307,46.8296]},"properties":{"name":"Canaveral","type":"Crater","diameter_km":3.1791201,"link":"https://planetarynames.wr.usgs.gov/Feature/996"}},{"type":"Feature","geometry":{"type":"Point","coordinates":[102.4041,18.0114]},"properties":{"name":"Beltra","type":"Crater","diameter_km":7.1740599,"link":"https://planetarynames.wr.usgs.gov/Feature/680"}},{"type":"Feature","geometry":{"type":"Point","coordinates":[-43.228,21.5742]},"properties":{"name":"Belz","type":"Crater","diameter_km":10.2102,"link":"https://planetarynames.wr.usgs.gov/Feature/683"}},{"type":"Feature","geometry":{"type":"Point","coordinates":[-27.7351,-22.4018]},"properties":{"name":"Bend","type":"Crater","diameter_km":3.70087,"link":"https://planetarynames.wr.usgs.gov/Feature/687"}},{"type":"Feature","geometry":{"type":"Point","coordinates":[-40.5529,-55.7793]},"properties":{"name":"Bentham","type":"Crater","diameter_km":11.36362,"link":"https://planetarynames.wr.usgs.gov/Feature/693"}},{"type":"Feature","geometry":{"type":"Point","coordinates":[-19.0432,-22.3083]},"properties":{"name":"Bentong","type":"Crater","diameter_km":10.3209,"link":"https://planetarynames.wr.usgs.gov/Feature/694"}},{"type":"Feature","geometry":{"type":"Point","coordinates":[-154.2053,-23.2439]},"properties":{"name":"Bernard","type":"Crater","diameter_km":128.10001,"link":"https://planetarynames.wr.usgs.gov/Feature/705"}},{"type":"Feature","geometry":{"type":"Point","coordinates":[-37.602,-4.3959]},"properties":{"name":"Berseba","type":"Crater","diameter_km":36.830299,"link":"https://planetarynames.wr.usgs.gov/Feature/712"}},{"type":"Feature","geometry":{"type":"Point","coordinates":[134.5281,41.7474]},"properties":{"name":"Bhor","type":"Crater","diameter_km":5.7259598,"link":"https://planetarynames.wr.usgs.gov/Feature/730"}},{"type":"Feature","geometry":{"type":"Point","coordinates":[-95.29,-63.8528]},"properties":{"name":"Bianchini","type":"Crater","diameter_km":70.713799,"link":"https://planetarynames.wr.usgs.gov/Feature/735"}},{"type":"Feature","geometry":{"type":"Point","coordinates":[-34.7507,-24.7779]},"properties":{"name":"Bigbee","type":"Crater","diameter_km":20.8564,"link":"https://planetarynames.wr.usgs.gov/Feature/741"}},{"type":"Feature","geometry":{"type":"Point","coordinates":[-45.5409,25.097]},"properties":{"name":"Bira","type":"Crater","diameter_km":2.70087,"link":"https://planetarynames.wr.usgs.gov/Feature/751"}},{"type":"Feature","geometry":{"type":"Point","coordinates":[-56.832,20.2244]},"properties":{"name":"Bise","type":"Crater","diameter_km":9.2079601,"link":"https://planetarynames.wr.usgs.gov/Feature/757"}},{"type":"Feature","geometry":{"type":"Point","coordinates":[-29.1481,-26.305]},"properties":{"name":"Bison","type":"Crater","diameter_km":15.277,"link":"https://planetarynames.wr.usgs.gov/Feature/758"}},{"type":"Feature","geometry":{"type":"Point","coordinates":[171.4831,-43.0126]},"properties":{"name":"Bjerknes","type":"Crater","diameter_km":88.639191,"link":"https://planetarynames.wr.usgs.gov/Feature/760"}},{"type":"Feature","geometry":{"type":"Point","coordinates":[108.7559,18.2952]},"properties":{"name":"Bland","type":"Crater","diameter_km":6.6296401,"link":"https://planetarynames.wr.usgs.gov/Feature/771"}},{"type":"Feature","geometry":{"type":"Point","coordinates":[-31.4564,21.5847]},"properties":{"name":"Bled","type":"Crater","diameter_km":7.69348,"link":"https://planetarynames.wr.usgs.gov/Feature/774"}},{"type":"Feature","geometry":{"type":"Point","coordinates":[-20.9585,-25.8952]},"properties":{"name":"Blitta","type":"Crater","diameter_km":12.9543,"link":"https://planetarynames.wr.usgs.gov/Feature/777"}},{"type":"Feature","geometry":{"type":"Point","coordinates":[-55.8489,23.5952]},"properties":{"name":"Blois","type":"Crater","diameter_km":11.5837,"link":"https://planetarynames.wr.usgs.gov/Feature/780"}},{"type":"Feature","geometry":{"type":"Point","coordinates":[110.0296,23.466]},"properties":{"name":"Bluff","type":"Crater","diameter_km":6.74511,"link":"https://planetarynames.wr.usgs.gov/Feature/781"}},{"type":"Feature","geometry":{"type":"Point","coordinates":[162.4873,-14.8216]},"properties":{"name":"Boeddicker","type":"Crater","diameter_km":107.118,"link":"https://planetarynames.wr.usgs.gov/Feature/791"}},{"type":"Feature","geometry":{"type":"Point","coordinates":[-28.8046,-24.1642]},"properties":{"name":"Bogra","type":"Crater","diameter_km":21.308701,"link":"https://planetarynames.wr.usgs.gov/Feature/795"}},{"type":"Feature","geometry":{"type":"Point","coordinates":[-31.6034,20.5796]},"properties":{"name":"Bok","type":"Crater","diameter_km":7.3388901,"link":"https://planetarynames.wr.usgs.gov/Feature/801"}},{"type":"Feature","geometry":{"type":"Point","coordinates":[-53.9946,25.3544]},"properties":{"name":"Bole","type":"Crater","diameter_km":8.5387001,"link":"https://planetarynames.wr.usgs.gov/Feature/802"}},{"type":"Feature","geometry":{"type":"Point","coordinates":[106.134,-27.6021]},"properties":{"name":"Bombala","type":"Crater","diameter_km":37.1427,"link":"https://planetarynames.wr.usgs.gov/Feature/807"}},{"type":"Feature","geometry":{"type":"Point","coordinates":[-33.6825,18.1682]},"properties":{"name":"Bor","type":"Crater","diameter_km":4.2750702,"link":"https://planetarynames.wr.usgs.gov/Feature/819"}},{"type":"Feature","geometry":{"type":"Point","coordinates":[-35.9394,-32.7946]},"properties":{"name":"Bond","type":"Crater","diameter_km":104.692,"link":"https://planetarynames.wr.usgs.gov/Feature/811"}},{"type":"Feature","geometry":{"type":"Point","coordinates":[-30.3929,41.9979]},"properties":{"name":"Bonestell","type":"Crater","diameter_km":40.672298,"link":"https://planetarynames.wr.usgs.gov/Feature/814"}},{"type":"Feature","geometry":{"type":"Point","coordinates":[-27.8705,-24.3431]},"properties":{"name":"Boru","type":"Crater","diameter_km":10.87303,"link":"https://planetarynames.wr.usgs.gov/Feature/830"}},{"type":"Feature","geometry":{"type":"Point","coordinates":[-60.7385,-13.3654]},"properties":{"name":"Coprates Chasma","type":"Chasma","diameter_km":958.31116,"link":"https://planetarynames.wr.usgs.gov/Feature/1302"}},{"type":"Feature","geometry":{"type":"Point","coordinates":[-51.4543,-40.6221]},"properties":{"name":"Turbi","type":"Crater","diameter_km":30.587999,"link":"https://planetarynames.wr.usgs.gov/Feature/6138"}},{"type":"Feature","geometry":{"type":"Point","coordinates":[27.2666,-18.4611]},"properties":{"name":"Bouguer","type":"Crater","diameter_km":107.78378,"link":"https://planetarynames.wr.usgs.gov/Feature/840"}},{"type":"Feature","geometry":{"type":"Point","coordinates":[111.3189,-22.8855]},"properties":{"name":"Boulia","type":"Crater","diameter_km":9.9913797,"link":"https://planetarynames.wr.usgs.gov/Feature/842"}},{"type":"Feature","geometry":{"type":"Point","coordinates":[-46.9321,22.0904]},"properties":{"name":"Bristol","type":"Crater","diameter_km":2.9992299,"link":"https://planetarynames.wr.usgs.gov/Feature/884"}},{"type":"Feature","geometry":{"type":"Point","coordinates":[-32.1791,-44.1384]},"properties":{"name":"Bozkir","type":"Crater","diameter_km":79.892731,"link":"https://planetarynames.wr.usgs.gov/Feature/853"}},{"type":"Feature","geometry":{"type":"Point","coordinates":[-56.8945,23.514]},"properties":{"name":"Broach","type":"Crater","diameter_km":11.3075,"link":"https://planetarynames.wr.usgs.gov/Feature/886"}},{"type":"Feature","geometry":{"type":"Point","coordinates":[-119.028,-53.8149]},"properties":{"name":"Brashear","type":"Crater","diameter_km":77.445099,"link":"https://planetarynames.wr.usgs.gov/Feature/865"}},{"type":"Feature","geometry":{"type":"Point","coordinates":[-48.642,23.698]},"properties":{"name":"Bremerhaven","type":"Crater","diameter_km":2.6879399,"link":"https://planetarynames.wr.usgs.gov/Feature/872"}},{"type":"Feature","geometry":{"type":"Point","coordinates":[89.6824,-9.9784]},"properties":{"name":"Briault","type":"Crater","diameter_km":93.057503,"link":"https://planetarynames.wr.usgs.gov/Feature/876"}},{"type":"Feature","geometry":{"type":"Point","coordinates":[-47.0786,21.8959]},"properties":{"name":"Bridgetown","type":"Crater","diameter_km":1.57228,"link":"https://planetarynames.wr.usgs.gov/Feature/878"}},{"type":"Feature","geometry":{"type":"Point","coordinates":[-55.2059,-10.7036]},"properties":{"name":"Bronkhorst","type":"Crater","diameter_km":17.74721,"link":"https://planetarynames.wr.usgs.gov/Feature/888"}},{"type":"Feature","geometry":{"type":"Point","coordinates":[111.3384,21.7001]},"properties":{"name":"Brush","type":"Crater","diameter_km":6.4875798,"link":"https://planetarynames.wr.usgs.gov/Feature/901"}},{"type":"Feature","geometry":{"type":"Point","coordinates":[134.5187,50.358]},"properties":{"name":"Bulhar","type":"Crater","diameter_km":18.236401,"link":"https://planetarynames.wr.usgs.gov/Feature/915"}},{"type":"Feature","geometry":{"type":"Point","coordinates":[-48.592,-33.8171]},"properties":{"name":"Bunge","type":"Crater","diameter_km":70.833199,"link":"https://planetarynames.wr.usgs.gov/Feature/919"}},{"type":"Feature","geometry":{"type":"Point","coordinates":[-32.4119,-23.2487]},"properties":{"name":"Buta","type":"Crater","diameter_km":11.2733,"link":"https://planetarynames.wr.usgs.gov/Feature/931"}},{"type":"Feature","geometry":{"type":"Point","coordinates":[117.0992,-72.2898]},"properties":{"name":"Burroughs","type":"Crater","diameter_km":112.68708,"link":"https://planetarynames.wr.usgs.gov/Feature/928"}},{"type":"Feature","geometry":{"type":"Point","coordinates":[-156.331,-13.8805]},"properties":{"name":"Burton","type":"Crater","diameter_km":119.265,"link":"https://planetarynames.wr.usgs.gov/Feature/929"}},{"type":"Feature","geometry":{"type":"Point","coordinates":[-38.9142,-5.0827]},"properties":{"name":"Butte","type":"Crater","diameter_km":12.546,"link":"https://planetarynames.wr.usgs.gov/Feature/936"}},{"type":"Feature","geometry":{"type":"Point","coordinates":[127.83,-65.2216]},"properties":{"name":"Byrd","type":"Crater","diameter_km":123.274,"link":"https://planetarynames.wr.usgs.gov/Feature/942"}},{"type":"Feature","geometry":{"type":"Point","coordinates":[-33.9516,-4.9731]},"properties":{"name":"Byske","type":"Crater","diameter_km":12.56171,"link":"https://planetarynames.wr.usgs.gov/Feature/945"}},{"type":"Feature","geometry":{"type":"Point","coordinates":[-47.4573,23.5647]},"properties":{"name":"Cairns","type":"Crater","diameter_km":8.7345104,"link":"https://planetarynames.wr.usgs.gov/Feature/961"}},{"type":"Feature","geometry":{"type":"Point","coordinates":[-38.651,26.4568]},"properties":{"name":"Calahorra","type":"Crater","diameter_km":34.221298,"link":"https://planetarynames.wr.usgs.gov/Feature/966"}},{"type":"Feature","geometry":{"type":"Point","coordinates":[-54.8732,18.2749]},"properties":{"name":"Calamar","type":"Crater","diameter_km":7.2136402,"link":"https://planetarynames.wr.usgs.gov/Feature/969"}},{"type":"Feature","geometry":{"type":"Point","coordinates":[-28.8729,-25.1365]},"properties":{"name":"Calbe","type":"Crater","diameter_km":13.1433,"link":"https://planetarynames.wr.usgs.gov/Feature/970"}},{"type":"Feature","geometry":{"type":"Point","coordinates":[109.6418,17.6993]},"properties":{"name":"Camargo","type":"Crater","diameter_km":4.7723498,"link":"https://planetarynames.wr.usgs.gov/Feature/982"}},{"type":"Feature","geometry":{"type":"Point","coordinates":[-37.9988,-0.7139]},"properties":{"name":"Camiling","type":"Crater","diameter_km":21.910299,"link":"https://planetarynames.wr.usgs.gov/Feature/987"}},{"type":"Feature","geometry":{"type":"Point","coordinates":[-42.172,-44.6547]},"properties":{"name":"Camiri","type":"Crater","diameter_km":31.364,"link":"https://planetarynames.wr.usgs.gov/Feature/988"}},{"type":"Feature","geometry":{"type":"Point","coordinates":[165.581,-54.2541]},"properties":{"name":"Campbell","type":"Crater","diameter_km":125.26,"link":"https://planetarynames.wr.usgs.gov/Feature/991"}},{"type":"Feature","geometry":{"type":"Point","coordinates":[-27.8142,-21.7981]},"properties":{"name":"Campos","type":"Crater","diameter_km":8.24718,"link":"https://planetarynames.wr.usgs.gov/Feature/992"}},{"type":"Feature","geometry":{"type":"Point","coordinates":[-14.5851,48.2065]},"properties":{"name":"Can","type":"Crater","diameter_km":8.6195602,"link":"https://planetarynames.wr.usgs.gov/Feature/995"}},{"type":"Feature","geometry":{"type":"Point","coordinates":[132.662,47.2032]},"properties":{"name":"Canberra","type":"Crater","diameter_km":3.09921,"link":"https://planetarynames.wr.usgs.gov/Feature/997"}},{"type":"Feature","geometry":{"type":"Point","coordinates":[-89.5913,41.8456]},"properties":{"name":"Cangwu","type":"Crater","diameter_km":13.6385,"link":"https://planetarynames.wr.usgs.gov/Feature/1003"}},{"type":"Feature","geometry":{"type":"Point","coordinates":[-60.6204,21.3641]},"properties":{"name":"Canso","type":"Crater","diameter_km":26.4163,"link":"https://planetarynames.wr.usgs.gov/Feature/1006"}},{"type":"Feature","geometry":{"type":"Point","coordinates":[-17.9724,-23.2527]},"properties":{"name":"Cartago","type":"Crater","diameter_km":36.5704,"link":"https://planetarynames.wr.usgs.gov/Feature/1034"}},{"type":"Feature","geometry":{"type":"Point","coordinates":[32.1103,23.3513]},"properties":{"name":"Cassini","type":"Crater","diameter_km":408.23099,"link":"https://planetarynames.wr.usgs.gov/Feature/1046"}},{"type":"Feature","geometry":{"type":"Point","coordinates":[175.3002,-14.6992]},"properties":{"name":"Castril","type":"Crater","diameter_km":2.1939399,"link":"https://planetarynames.wr.usgs.gov/Feature/1051"}},{"type":"Feature","geometry":{"type":"Point","coordinates":[-35.6391,21.6143]},"properties":{"name":"Cave","type":"Crater","diameter_km":8.1970301,"link":"https://planetarynames.wr.usgs.gov/Feature/1084"}},{"type":"Feature","geometry":{"type":"Point","coordinates":[-100.6805,-28.9543]},"properties":{"name":"Caxias","type":"Crater","diameter_km":25.881701,"link":"https://planetarynames.wr.usgs.gov/Feature/1091"}},{"type":"Feature","geometry":{"type":"Point","coordinates":[89.8581,-31.1875]},"properties":{"name":"Canas","type":"Crater","diameter_km":41.523602,"link":"https://planetarynames.wr.usgs.gov/Feature/1094"}},{"type":"Feature","geometry":{"type":"Point","coordinates":[22.1161,32.2019]},"properties":{"name":"Cerulli","type":"Crater","diameter_km":114.28,"link":"https://planetarynames.wr.usgs.gov/Feature/1112"}},{"type":"Feature","geometry":{"type":"Point","coordinates":[102.4098,15.1013]},"properties":{"name":"Chafe","type":"Crater","diameter_km":4.6674399,"link":"https://planetarynames.wr.usgs.gov/Feature/1119"}},{"type":"Feature","geometry":{"type":"Point","coordinates":[-124.2911,-65.8441]},"properties":{"name":"Chamberlin","type":"Crater","diameter_km":120.246,"link":"https://planetarynames.wr.usgs.gov/Feature/1130"}},{"type":"Feature","geometry":{"type":"Point","coordinates":[-57.3395,23.4704]},"properties":{"name":"Changsong","type":"Crater","diameter_km":33.542801,"link":"https://planetarynames.wr.usgs.gov/Feature/1137"}},{"type":"Feature","geometry":{"type":"Point","coordinates":[-20.554,-22.3457]},"properties":{"name":"Chapais","type":"Crater","diameter_km":36.669399,"link":"https://planetarynames.wr.usgs.gov/Feature/1141"}},{"type":"Feature","geometry":{"type":"Point","coordinates":[-168.4678,-68.5606]},"properties":{"name":"Charlier","type":"Crater","diameter_km":106.277,"link":"https://planetarynames.wr.usgs.gov/Feature/1154"}},{"type":"Feature","geometry":{"type":"Point","coordinates":[-83.9872,38.1544]},"properties":{"name":"Charlieu","type":"Crater","diameter_km":18.628099,"link":"https://planetarynames.wr.usgs.gov/Feature/1155"}},{"type":"Feature","geometry":{"type":"Point","coordinates":[-94.9433,35.3801]},"properties":{"name":"Chatturat","type":"Crater","diameter_km":7.83956,"link":"https://planetarynames.wr.usgs.gov/Feature/1162"}},{"type":"Feature","geometry":{"type":"Point","coordinates":[-55.9095,23.3532]},"properties":{"name":"Chauk","type":"Crater","diameter_km":9.9684601,"link":"https://planetarynames.wr.usgs.gov/Feature/1164"}},{"type":"Feature","geometry":{"type":"Point","coordinates":[-19.4433,-24.1962]},"properties":{"name":"Cheb","type":"Crater","diameter_km":8.2760096,"link":"https://planetarynames.wr.usgs.gov/Feature/1166"}},{"type":"Feature","geometry":{"type":"Point","coordinates":[112.2416,-22.9122]},"properties":{"name":"Chefu","type":"Crater","diameter_km":11.2739,"link":"https://planetarynames.wr.usgs.gov/Feature/1169"}},{"type":"Feature","geometry":{"type":"Point","coordinates":[-26.8085,-24.2753]},"properties":{"name":"Chekalin","type":"Crater","diameter_km":87.78466,"link":"https://planetarynames.wr.usgs.gov/Feature/1170"}},{"type":"Feature","geometry":{"type":"Point","coordinates":[-59.653,1.571]},"properties":{"name":"Chia","type":"Crater","diameter_km":91.908897,"link":"https://planetarynames.wr.usgs.gov/Feature/1177"}},{"type":"Feature","geometry":{"type":"Point","coordinates":[-39.6829,-1.4233]},"properties":{"name":"Chimbote","type":"Crater","diameter_km":62.860699,"link":"https://planetarynames.wr.usgs.gov/Feature/1181"}},{"type":"Feature","geometry":{"type":"Point","coordinates":[124.1163,41.2045]},"properties":{"name":"Chincoteague","type":"Crater","diameter_km":34.030899,"link":"https://planetarynames.wr.usgs.gov/Feature/1183"}},{"type":"Feature","geometry":{"type":"Point","coordinates":[-42.1433,-4.5162]},"properties":{"name":"Chinju","type":"Crater","diameter_km":65.709129,"link":"https://planetarynames.wr.usgs.gov/Feature/1185"}},{"type":"Feature","geometry":{"type":"Point","coordinates":[-55.459,22.5022]},"properties":{"name":"Chinook","type":"Crater","diameter_km":18.1026,"link":"https://planetarynames.wr.usgs.gov/Feature/1186"}},{"type":"Feature","geometry":{"type":"Point","coordinates":[-56.0133,21.6819]},"properties":{"name":"Chive","type":"Crater","diameter_km":9.09655,"link":"https://planetarynames.wr.usgs.gov/Feature/1188"}},{"type":"Feature","geometry":{"type":"Point","coordinates":[-37.2426,-41.1856]},"properties":{"name":"Choctaw","type":"Crater","diameter_km":23.9594,"link":"https://planetarynames.wr.usgs.gov/Feature/1193"}},{"type":"Feature","geometry":{"type":"Point","coordinates":[-2.51509999999996,38.5741]},"properties":{"name":"Chom","type":"Crater","diameter_km":5.57971,"link":"https://planetarynames.wr.usgs.gov/Feature/1195"}},{"type":"Feature","geometry":{"type":"Point","coordinates":[-29.3057,16.9344]},"properties":{"name":"Chur","type":"Crater","diameter_km":4.3917198,"link":"https://planetarynames.wr.usgs.gov/Feature/1212"}},{"type":"Feature","geometry":{"type":"Point","coordinates":[-25.5255,-22.1717]},"properties":{"name":"Circle","type":"Crater","diameter_km":11.7961,"link":"https://planetarynames.wr.usgs.gov/Feature/1221"}},{"type":"Feature","geometry":{"type":"Point","coordinates":[-52.0451,21.4659]},"properties":{"name":"Clova","type":"Crater","diameter_km":7.75351,"link":"https://planetarynames.wr.usgs.gov/Feature/1251"}},{"type":"Feature","geometry":{"type":"Point","coordinates":[-133.204,-55.1437]},"properties":{"name":"Clark","type":"Crater","diameter_km":97.503304,"link":"https://planetarynames.wr.usgs.gov/Feature/1233"}},{"type":"Feature","geometry":{"type":"Point","coordinates":[-47.668,20.5633]},"properties":{"name":"Clogh","type":"Crater","diameter_km":11.204,"link":"https://planetarynames.wr.usgs.gov/Feature/1247"}},{"type":"Feature","geometry":{"type":"Point","coordinates":[-27.3022,-23.8646]},"properties":{"name":"Cluny","type":"Crater","diameter_km":14.8414,"link":"https://planetarynames.wr.usgs.gov/Feature/1252"}},{"type":"Feature","geometry":{"type":"Point","coordinates":[-27.0334,-25.7878]},"properties":{"name":"Cobalt","type":"Crater","diameter_km":10.528,"link":"https://planetarynames.wr.usgs.gov/Feature/1255"}},{"type":"Feature","geometry":{"type":"Point","coordinates":[-90.3081,-54.8999]},"properties":{"name":"Coblentz","type":"Crater","diameter_km":101.75376,"link":"https://planetarynames.wr.usgs.gov/Feature/1257"}},{"type":"Feature","geometry":{"type":"Point","coordinates":[-153.598,-11.6966]},"properties":{"name":"Cobres","type":"Crater","diameter_km":93.763298,"link":"https://planetarynames.wr.usgs.gov/Feature/1258"}},{"type":"Feature","geometry":{"type":"Point","coordinates":[-165.9821,-29.2933]},"properties":{"name":"Columbus","type":"Crater","diameter_km":112.60088,"link":"https://planetarynames.wr.usgs.gov/Feature/1274"}},{"type":"Feature","geometry":{"type":"Point","coordinates":[-158.512,-19.59]},"properties":{"name":"Comas Sola","type":"Crater","diameter_km":120.235,"link":"https://planetarynames.wr.usgs.gov/Feature/1276"}},{"type":"Feature","geometry":{"type":"Point","coordinates":[-34.2028,-4.2237]},"properties":{"name":"Conches","type":"Crater","diameter_km":20.885599,"link":"https://planetarynames.wr.usgs.gov/Feature/1283"}},{"type":"Feature","geometry":{"type":"Point","coordinates":[-34.0204,16.5251]},"properties":{"name":"Concord","type":"Crater","diameter_km":20.459999,"link":"https://planetarynames.wr.usgs.gov/Feature/1284"}},{"type":"Feature","geometry":{"type":"Point","coordinates":[-108.3499,-23.686]},"properties":{"name":"Cooma","type":"Crater","diameter_km":17.85099,"link":"https://planetarynames.wr.usgs.gov/Feature/1293"}},{"type":"Feature","geometry":{"type":"Point","coordinates":[-168.828,-48.8446]},"properties":{"name":"Copernicus","type":"Crater","diameter_km":301.83099,"link":"https://planetarynames.wr.usgs.gov/Feature/1297"}},{"type":"Feature","geometry":{"type":"Point","coordinates":[137.5615,42.8755]},"properties":{"name":"Corby","type":"Crater","diameter_km":6.6187301,"link":"https://planetarynames.wr.usgs.gov/Feature/1307"}},{"type":"Feature","geometry":{"type":"Point","coordinates":[104.0197,14.9787]},"properties":{"name":"Cost","type":"Crater","diameter_km":11.0652,"link":"https://planetarynames.wr.usgs.gov/Feature/1319"}},{"type":"Feature","geometry":{"type":"Point","coordinates":[-16.1181,44.0958]},"properties":{"name":"Cray","type":"Crater","diameter_km":6.9827299,"link":"https://planetarynames.wr.usgs.gov/Feature/1326"}},{"type":"Feature","geometry":{"type":"Point","coordinates":[-38.8516,-6.0473]},"properties":{"name":"Creel","type":"Crater","diameter_km":9.1894503,"link":"https://planetarynames.wr.usgs.gov/Feature/1327"}},{"type":"Feature","geometry":{"type":"Point","coordinates":[-19.5269,-24.8409]},"properties":{"name":"Crewe","type":"Crater","diameter_km":3.68083,"link":"https://planetarynames.wr.usgs.gov/Feature/1332"}},{"type":"Feature","geometry":{"type":"Point","coordinates":[174.789,-14.5507]},"properties":{"name":"Crivitz","type":"Crater","diameter_km":6.1945801,"link":"https://planetarynames.wr.usgs.gov/Feature/1335"}},{"type":"Feature","geometry":{"type":"Point","coordinates":[-10.137,5.0776]},"properties":{"name":"Crommelin","type":"Crater","diameter_km":110.083,"link":"https://planetarynames.wr.usgs.gov/Feature/1338"}},{"type":"Feature","geometry":{"type":"Point","coordinates":[163.0256,-42.9125]},"properties":{"name":"Cruls","type":"Crater","diameter_km":87.892197,"link":"https://planetarynames.wr.usgs.gov/Feature/1341"}},{"type":"Feature","geometry":{"type":"Point","coordinates":[-1.96629999999999,38.4634]},"properties":{"name":"Cruz","type":"Crater","diameter_km":5.3260698,"link":"https://planetarynames.wr.usgs.gov/Feature/1342"}},{"type":"Feature","geometry":{"type":"Point","coordinates":[93.2284,-35.8354]},"properties":{"name":"Cue","type":"Crater","diameter_km":10.5417,"link":"https://planetarynames.wr.usgs.gov/Feature/1346"}},{"type":"Feature","geometry":{"type":"Point","coordinates":[-4.75079999999997,28.7832]},"properties":{"name":"Curie","type":"Crater","diameter_km":111.106,"link":"https://planetarynames.wr.usgs.gov/Feature/1351"}},{"type":"Feature","geometry":{"type":"Point","coordinates":[-49.0279,23.1464]},"properties":{"name":"Cadiz","type":"Crater","diameter_km":1.37809,"link":"https://planetarynames.wr.usgs.gov/Feature/1375"}},{"type":"Feature","geometry":{"type":"Point","coordinates":[-39.2647,1.4668]},"properties":{"name":"Da Vinci","type":"Crater","diameter_km":96.303703,"link":"https://planetarynames.wr.usgs.gov/Feature/1377"}},{"type":"Feature","geometry":{"type":"Point","coordinates":[91.578,-40.4764]},"properties":{"name":"Daan","type":"Crater","diameter_km":12.2238,"link":"https://planetarynames.wr.usgs.gov/Feature/1378"}},{"type":"Feature","geometry":{"type":"Point","coordinates":[-41.7958,-7.2879]},"properties":{"name":"Daet","type":"Crater","diameter_km":10.5751,"link":"https://planetarynames.wr.usgs.gov/Feature/1383"}},{"type":"Feature","geometry":{"type":"Point","coordinates":[-23.1167,-66.2945]},"properties":{"name":"Daly","type":"Crater","diameter_km":79.717453,"link":"https://planetarynames.wr.usgs.gov/Feature/1394"}},{"type":"Feature","geometry":{"type":"Point","coordinates":[-32.7941,-72.4923]},"properties":{"name":"Dana","type":"Crater","diameter_km":88.491997,"link":"https://planetarynames.wr.usgs.gov/Feature/1398"}},{"type":"Feature","geometry":{"type":"Point","coordinates":[106.9972,21.956]},"properties":{"name":"Dank","type":"Crater","diameter_km":8.2863903,"link":"https://planetarynames.wr.usgs.gov/Feature/1403"}},{"type":"Feature","geometry":{"type":"Point","coordinates":[-51.0101,17.783]},"properties":{"name":"Darvel","type":"Crater","diameter_km":22.361799,"link":"https://planetarynames.wr.usgs.gov/Feature/1416"}},{"type":"Feature","geometry":{"type":"Point","coordinates":[-19.1511,-56.9706]},"properties":{"name":"Darwin","type":"Crater","diameter_km":176.384,"link":"https://planetarynames.wr.usgs.gov/Feature/1418"}},{"type":"Feature","geometry":{"type":"Point","coordinates":[38.0584,-9.1062]},"properties":{"name":"Dawes","type":"Crater","diameter_km":185.32201,"link":"https://planetarynames.wr.usgs.gov/Feature/1431"}},{"type":"Feature","geometry":{"type":"Point","coordinates":[170.9961,-13.3127]},"properties":{"name":"de Vaucouleurs","type":"Crater","diameter_km":302.26547,"link":"https://planetarynames.wr.usgs.gov/Feature/1447"}},{"type":"Feature","geometry":{"type":"Point","coordinates":[-17.2999,-23.9549]},"properties":{"name":"Deba","type":"Crater","diameter_km":8.7980804,"link":"https://planetarynames.wr.usgs.gov/Feature/1451"}},{"type":"Feature","geometry":{"type":"Point","coordinates":[-2.51349999999996,38.2076]},"properties":{"name":"Dein","type":"Crater","diameter_km":25.521299,"link":"https://planetarynames.wr.usgs.gov/Feature/1460"}},{"type":"Feature","geometry":{"type":"Point","coordinates":[-164.641,-25.1367]},"properties":{"name":"Dejnev","type":"Crater","diameter_km":152.09399,"link":"https://planetarynames.wr.usgs.gov/Feature/1463"}},{"type":"Feature","geometry":{"type":"Point","coordinates":[-39.1734,-45.9601]},"properties":{"name":"Delta","type":"Crater","diameter_km":7.8891201,"link":"https://planetarynames.wr.usgs.gov/Feature/1478"}},{"type":"Feature","geometry":{"type":"Point","coordinates":[33.5247,-17.4277]},"properties":{"name":"Denning","type":"Crater","diameter_km":159.715,"link":"https://planetarynames.wr.usgs.gov/Feature/1490"}},{"type":"Feature","geometry":{"type":"Point","coordinates":[-51.8899,22.6356]},"properties":{"name":"Dersu","type":"Crater","diameter_km":5.8835602,"link":"https://planetarynames.wr.usgs.gov/Feature/1495"}},{"type":"Feature","geometry":{"type":"Point","coordinates":[-30.613,-45.4122]},"properties":{"name":"Dese","type":"Crater","diameter_km":13.14161,"link":"https://planetarynames.wr.usgs.gov/Feature/1499"}},{"type":"Feature","geometry":{"type":"Point","coordinates":[70.2876,-80.6237]},"properties":{"name":"Deseado","type":"Crater","diameter_km":26.997009,"link":"https://planetarynames.wr.usgs.gov/Feature/1500"}},{"type":"Feature","geometry":{"type":"Point","coordinates":[-53.1257,-42.7596]},"properties":{"name":"Dessau","type":"Crater","diameter_km":9.95047,"link":"https://planetarynames.wr.usgs.gov/Feature/1504"}},{"type":"Feature","geometry":{"type":"Point","coordinates":[-42.6648,-0.363]},"properties":{"name":"Dia Cau","type":"Crater","diameter_km":29.468981,"link":"https://planetarynames.wr.usgs.gov/Feature/1521"}},{"type":"Feature","geometry":{"type":"Point","coordinates":[-17.4937,-23.7057]},"properties":{"name":"Dingo","type":"Crater","diameter_km":15.5586,"link":"https://planetarynames.wr.usgs.gov/Feature/1539"}},{"type":"Feature","geometry":{"type":"Point","coordinates":[-101.4634,-30.0327]},"properties":{"name":"Dinorwic","type":"Crater","diameter_km":51.329601,"link":"https://planetarynames.wr.usgs.gov/Feature/1540"}},{"type":"Feature","geometry":{"type":"Point","coordinates":[-16.5013,-25.0322]},"properties":{"name":"Dison","type":"Crater","diameter_km":20.665501,"link":"https://planetarynames.wr.usgs.gov/Feature/1549"}},{"type":"Feature","geometry":{"type":"Point","coordinates":[-55.9143,17.7768]},"properties":{"name":"Dixie","type":"Crater","diameter_km":28.4443,"link":"https://planetarynames.wr.usgs.gov/Feature/1552"}},{"type":"Feature","geometry":{"type":"Point","coordinates":[-145.7555,77.1713]},"properties":{"name":"Dokka","type":"Crater","diameter_km":51.100101,"link":"https://planetarynames.wr.usgs.gov/Feature/1564"}},{"type":"Feature","geometry":{"type":"Point","coordinates":[-127.0845,-60.6239]},"properties":{"name":"Dokuchaev","type":"Crater","diameter_km":74.736198,"link":"https://planetarynames.wr.usgs.gov/Feature/1565"}},{"type":"Feature","geometry":{"type":"Point","coordinates":[109.5077,23.5299]},"properties":{"name":"Doon","type":"Crater","diameter_km":3.7904501,"link":"https://planetarynames.wr.usgs.gov/Feature/1578"}},{"type":"Feature","geometry":{"type":"Point","coordinates":[-70.536,-51.3446]},"properties":{"name":"Douglass","type":"Crater","diameter_km":92.950203,"link":"https://planetarynames.wr.usgs.gov/Feature/1631"}},{"type":"Feature","geometry":{"type":"Point","coordinates":[175.783,-15.9775]},"properties":{"name":"Downe","type":"Crater","diameter_km":28.129299,"link":"https://planetarynames.wr.usgs.gov/Feature/1634"}},{"type":"Feature","geometry":{"type":"Point","coordinates":[-49.5824,19.88]},"properties":{"name":"Dromore","type":"Crater","diameter_km":14.747,"link":"https://planetarynames.wr.usgs.gov/Feature/1641"}},{"type":"Feature","geometry":{"type":"Point","coordinates":[93.5809,5.4543]},"properties":{"name":"Du Martheray","type":"Crater","diameter_km":96.116203,"link":"https://planetarynames.wr.usgs.gov/Feature/1650"}},{"type":"Feature","geometry":{"type":"Point","coordinates":[-55.2008,-34.9687]},"properties":{"name":"Dubki","type":"Crater","diameter_km":9.1883202,"link":"https://planetarynames.wr.usgs.gov/Feature/1654"}},{"type":"Feature","geometry":{"type":"Point","coordinates":[-48.5277,-80.8396]},"properties":{"name":"Dunhuang","type":"Crater","diameter_km":11.7325,"link":"https://planetarynames.wr.usgs.gov/Feature/1664"}},{"type":"Feature","geometry":{"type":"Point","coordinates":[-54.0182,22.4942]},"properties":{"name":"Dush","type":"Crater","diameter_km":2.3917201,"link":"https://planetarynames.wr.usgs.gov/Feature/1675"}},{"type":"Feature","geometry":{"type":"Point","coordinates":[-70.4726,-80.5076]},"properties":{"name":"Dzeng","type":"Crater","diameter_km":10.8786,"link":"https://planetarynames.wr.usgs.gov/Feature/1687"}},{"type":"Feature","geometry":{"type":"Point","coordinates":[-29.9093,-28.4833]},"properties":{"name":"Eads","type":"Crater","diameter_km":2.74141,"link":"https://planetarynames.wr.usgs.gov/Feature/1702"}},{"type":"Feature","geometry":{"type":"Point","coordinates":[-8.1653,43.8084]},"properties":{"name":"Eagle","type":"Crater","diameter_km":12.502,"link":"https://planetarynames.wr.usgs.gov/Feature/1703"}},{"type":"Feature","geometry":{"type":"Point","coordinates":[-28.1874,-21.9729]},"properties":{"name":"Echt","type":"Crater","diameter_km":2.1487401,"link":"https://planetarynames.wr.usgs.gov/Feature/1710"}},{"type":"Feature","geometry":{"type":"Point","coordinates":[-20.0387,-26.2807]},"properties":{"name":"Edam","type":"Crater","diameter_km":19.489,"link":"https://planetarynames.wr.usgs.gov/Feature/1716"}},{"type":"Feature","geometry":{"type":"Point","coordinates":[142.1958,12.3238]},"properties":{"name":"Eddie","type":"Crater","diameter_km":86.377243,"link":"https://planetarynames.wr.usgs.gov/Feature/1718"}},{"type":"Feature","geometry":{"type":"Point","coordinates":[-51.868,-48.2946]},"properties":{"name":"Eger","type":"Crater","diameter_km":12.2548,"link":"https://planetarynames.wr.usgs.gov/Feature/1729"}},{"type":"Feature","geometry":{"type":"Point","coordinates":[-9.74219999999997,41.7286]},"properties":{"name":"Eil","type":"Crater","diameter_km":5.5583901,"link":"https://planetarynames.wr.usgs.gov/Feature/1739"}},{"type":"Feature","geometry":{"type":"Point","coordinates":[-13.6035,45.8723]},"properties":{"name":"Elath","type":"Crater","diameter_km":13.2333,"link":"https://planetarynames.wr.usgs.gov/Feature/1756"}},{"type":"Feature","geometry":{"type":"Point","coordinates":[-173.8257,-19.2008]},"properties":{"name":"Ejriksson","type":"Crater","diameter_km":46.630402,"link":"https://planetarynames.wr.usgs.gov/Feature/1750"}},{"type":"Feature","geometry":{"type":"Point","coordinates":[96.7984,-80.1703]},"properties":{"name":"Elim","type":"Crater","diameter_km":43.625591,"link":"https://planetarynames.wr.usgs.gov/Feature/1764"}},{"type":"Feature","geometry":{"type":"Point","coordinates":[-83.3043,36.2885]},"properties":{"name":"Ellsley","type":"Crater","diameter_km":10.9369,"link":"https://planetarynames.wr.usgs.gov/Feature/1771"}},{"type":"Feature","geometry":{"type":"Point","coordinates":[-55.0395,76.894]},"properties":{"name":"Escorial","type":"Crater","diameter_km":22.2356,"link":"https://planetarynames.wr.usgs.gov/Feature/1844"}},{"type":"Feature","geometry":{"type":"Point","coordinates":[-27.2991,-23.6167]},"properties":{"name":"Ely","type":"Crater","diameter_km":10.43324,"link":"https://planetarynames.wr.usgs.gov/Feature/1778"}},{"type":"Feature","geometry":{"type":"Point","coordinates":[115.3923,0.1931]},"properties":{"name":"Escalante","type":"Crater","diameter_km":75.25914,"link":"https://planetarynames.wr.usgs.gov/Feature/1841"}},{"type":"Feature","geometry":{"type":"Point","coordinates":[-7.02249999999998,45.2078]},"properties":{"name":"Esk","type":"Crater","diameter_km":3.6672299,"link":"https://planetarynames.wr.usgs.gov/Feature/1846"}},{"type":"Feature","geometry":{"type":"Point","coordinates":[110.3361,-19.6904]},"properties":{"name":"Espino","type":"Crater","diameter_km":12.0463,"link":"https://planetarynames.wr.usgs.gov/Feature/1850"}},{"type":"Feature","geometry":{"type":"Point","coordinates":[-147.2227,-44.5171]},"properties":{"name":"Eudoxus","type":"Crater","diameter_km":98.511238,"link":"https://planetarynames.wr.usgs.gov/Feature/1864"}},{"type":"Feature","geometry":{"type":"Point","coordinates":[-11.8287,42.9238]},"properties":{"name":"Faith","type":"Crater","diameter_km":5.3025298,"link":"https://planetarynames.wr.usgs.gov/Feature/1902"}},{"type":"Feature","geometry":{"type":"Point","coordinates":[-24.6704,-23.9594]},"properties":{"name":"Falun","type":"Crater","diameter_km":10.007,"link":"https://planetarynames.wr.usgs.gov/Feature/1906"}},{"type":"Feature","geometry":{"type":"Point","coordinates":[106.3423,-24.5419]},"properties":{"name":"Faqu","type":"Crater","diameter_km":12.2518,"link":"https://planetarynames.wr.usgs.gov/Feature/1909"}},{"type":"Feature","geometry":{"type":"Point","coordinates":[-20.3742,-25.0411]},"properties":{"name":"Fastov","type":"Crater","diameter_km":11.1185,"link":"https://planetarynames.wr.usgs.gov/Feature/1915"}},{"type":"Feature","geometry":{"type":"Point","coordinates":[144.367,34.2904]},"properties":{"name":"Fenagh","type":"Crater","diameter_km":6.21521,"link":"https://planetarynames.wr.usgs.gov/Feature/1935"}},{"type":"Feature","geometry":{"type":"Point","coordinates":[-86.526,21.664]},"properties":{"name":"Fesenkov","type":"Crater","diameter_km":87.379997,"link":"https://planetarynames.wr.usgs.gov/Feature/1948"}},{"type":"Feature","geometry":{"type":"Point","coordinates":[48.2764,25.2209]},"properties":{"name":"Flammarion","type":"Crater","diameter_km":173.7,"link":"https://planetarynames.wr.usgs.gov/Feature/1973"}},{"type":"Feature","geometry":{"type":"Point","coordinates":[-19.5472,-25.419]},"properties":{"name":"Flat","type":"Crater","diameter_km":3.0365701,"link":"https://planetarynames.wr.usgs.gov/Feature/1976"}},{"type":"Feature","geometry":{"type":"Point","coordinates":[19.2218,-16.7988]},"properties":{"name":"Flaugergues","type":"Crater","diameter_km":236.063,"link":"https://planetarynames.wr.usgs.gov/Feature/1978"}},{"type":"Feature","geometry":{"type":"Point","coordinates":[107.1594,14.9411]},"properties":{"name":"Floq","type":"Crater","diameter_km":2.55007,"link":"https://planetarynames.wr.usgs.gov/Feature/1981"}},{"type":"Feature","geometry":{"type":"Point","coordinates":[-51.45,-44.6656]},"properties":{"name":"Flora","type":"Crater","diameter_km":18.3097,"link":"https://planetarynames.wr.usgs.gov/Feature/1982"}},{"type":"Feature","geometry":{"type":"Point","coordinates":[12.7511,33.5642]},"properties":{"name":"Focas","type":"Crater","diameter_km":72.0233,"link":"https://planetarynames.wr.usgs.gov/Feature/1989"}},{"type":"Feature","geometry":{"type":"Point","coordinates":[-72.1185,-62.9088]},"properties":{"name":"Fontana","type":"Crater","diameter_km":80.062103,"link":"https://planetarynames.wr.usgs.gov/Feature/1991"}},{"type":"Feature","geometry":{"type":"Point","coordinates":[-27.8708,-33.3966]},"properties":{"name":"Foros","type":"Crater","diameter_km":24.543921,"link":"https://planetarynames.wr.usgs.gov/Feature/1995"}},{"type":"Feature","geometry":{"type":"Point","coordinates":[72.6378,-4.2994]},"properties":{"name":"Fournier","type":"Crater","diameter_km":114.276,"link":"https://planetarynames.wr.usgs.gov/Feature/2004"}},{"type":"Feature","geometry":{"type":"Point","coordinates":[-8.98069999999996,43.3599]},"properties":{"name":"Freedom","type":"Crater","diameter_km":12.7403,"link":"https://planetarynames.wr.usgs.gov/Feature/2019"}},{"type":"Feature","geometry":{"type":"Point","coordinates":[-49.439,22.9802]},"properties":{"name":"Funchal","type":"Crater","diameter_km":1.61615,"link":"https://planetarynames.wr.usgs.gov/Feature/2040"}},{"type":"Feature","geometry":{"type":"Point","coordinates":[-3.4042,38.6597]},"properties":{"name":"Gaan","type":"Crater","diameter_km":3.0091801,"link":"https://planetarynames.wr.usgs.gov/Feature/2047"}},{"type":"Feature","geometry":{"type":"Point","coordinates":[-22.1027,-20.6359]},"properties":{"name":"Gagra","type":"Crater","diameter_km":13.4084,"link":"https://planetarynames.wr.usgs.gov/Feature/2055"}},{"type":"Feature","geometry":{"type":"Point","coordinates":[176.628,-13.3389]},"properties":{"name":"Galdakao","type":"Crater","diameter_km":33.4356,"link":"https://planetarynames.wr.usgs.gov/Feature/2070"}},{"type":"Feature","geometry":{"type":"Point","coordinates":[137.811,-5.3672]},"properties":{"name":"Gale","type":"Crater","diameter_km":154.084,"link":"https://planetarynames.wr.usgs.gov/Feature/2071"}},{"type":"Feature","geometry":{"type":"Point","coordinates":[-37.1888,-43.7477]},"properties":{"name":"Gali","type":"Crater","diameter_km":25.864901,"link":"https://planetarynames.wr.usgs.gov/Feature/2073"}},{"type":"Feature","geometry":{"type":"Point","coordinates":[-26.909,5.7212]},"properties":{"name":"Galilaei","type":"Crater","diameter_km":137.172,"link":"https://planetarynames.wr.usgs.gov/Feature/2075"}},{"type":"Feature","geometry":{"type":"Point","coordinates":[-30.9993,-50.6286]},"properties":{"name":"Galle","type":"Crater","diameter_km":223.52824,"link":"https://planetarynames.wr.usgs.gov/Feature/2080"}},{"type":"Feature","geometry":{"type":"Point","coordinates":[-21.6692,-22.0762]},"properties":{"name":"Galu","type":"Crater","diameter_km":13.5683,"link":"https://planetarynames.wr.usgs.gov/Feature/2082"}},{"type":"Feature","geometry":{"type":"Point","coordinates":[94.2213,-31.2573]},"properties":{"name":"Gander","type":"Crater","diameter_km":36.080502,"link":"https://planetarynames.wr.usgs.gov/Feature/2089"}},{"type":"Feature","geometry":{"type":"Point","coordinates":[-47.2805,-45.3763]},"properties":{"name":"Gandu","type":"Crater","diameter_km":9.4885702,"link":"https://planetarynames.wr.usgs.gov/Feature/2090"}},{"type":"Feature","geometry":{"type":"Point","coordinates":[-90.8307,34.2385]},"properties":{"name":"Gandzani","type":"Crater","diameter_km":51.913361,"link":"https://planetarynames.wr.usgs.gov/Feature/2092"}},{"type":"Feature","geometry":{"type":"Point","coordinates":[-24.7721,-26.6652]},"properties":{"name":"Gardo","type":"Crater","diameter_km":15.5252,"link":"https://planetarynames.wr.usgs.gov/Feature/2105"}},{"type":"Feature","geometry":{"type":"Point","coordinates":[-71.2265,-35.877]},"properties":{"name":"Gari","type":"Crater","diameter_km":9.42558,"link":"https://planetarynames.wr.usgs.gov/Feature/2107"}},{"type":"Feature","geometry":{"type":"Point","coordinates":[-9.06129999999996,48.2531]},"properties":{"name":"Garm","type":"Crater","diameter_km":4.8017602,"link":"https://planetarynames.wr.usgs.gov/Feature/2109"}},{"type":"Feature","geometry":{"type":"Point","coordinates":[112.526,24.607]},"properties":{"name":"Gastre","type":"Crater","diameter_km":7.09758,"link":"https://planetarynames.wr.usgs.gov/Feature/2113"}},{"type":"Feature","geometry":{"type":"Point","coordinates":[86.0823,-67.999]},"properties":{"name":"Gilbert","type":"Crater","diameter_km":121.34,"link":"https://planetarynames.wr.usgs.gov/Feature/2160"}},{"type":"Feature","geometry":{"type":"Point","coordinates":[5.5471,15.7631]},"properties":{"name":"Gill","type":"Crater","diameter_km":83.170403,"link":"https://planetarynames.wr.usgs.gov/Feature/2164"}},{"type":"Feature","geometry":{"type":"Point","coordinates":[-26.59,-20.6203]},"properties":{"name":"Glazov","type":"Crater","diameter_km":22.0159,"link":"https://planetarynames.wr.usgs.gov/Feature/2187"}},{"type":"Feature","geometry":{"type":"Point","coordinates":[87.1017,-53.1744]},"properties":{"name":"Gledhill","type":"Crater","diameter_km":78.469704,"link":"https://planetarynames.wr.usgs.gov/Feature/2188"}},{"type":"Feature","geometry":{"type":"Point","coordinates":[-51.6664,18.337]},"properties":{"name":"Glendore","type":"Crater","diameter_km":8.2289896,"link":"https://planetarynames.wr.usgs.gov/Feature/2189"}},{"type":"Feature","geometry":{"type":"Point","coordinates":[-43.1787,-8.1308]},"properties":{"name":"Glide","type":"Crater","diameter_km":9.8496103,"link":"https://planetarynames.wr.usgs.gov/Feature/2190"}},{"type":"Feature","geometry":{"type":"Point","coordinates":[-27.352,-23.6848]},"properties":{"name":"Globe","type":"Crater","diameter_km":50.740601,"link":"https://planetarynames.wr.usgs.gov/Feature/2191"}},{"type":"Feature","geometry":{"type":"Point","coordinates":[-21.0114,-23.2226]},"properties":{"name":"Goba","type":"Crater","diameter_km":10.89727,"link":"https://planetarynames.wr.usgs.gov/Feature/2197"}},{"type":"Feature","geometry":{"type":"Point","coordinates":[104.8579,23.2602]},"properties":{"name":"Goff","type":"Crater","diameter_km":7.9542699,"link":"https://planetarynames.wr.usgs.gov/Feature/2205"}},{"type":"Feature","geometry":{"type":"Point","coordinates":[-10.6404,47.1527]},"properties":{"name":"Gol","type":"Crater","diameter_km":9.53234,"link":"https://planetarynames.wr.usgs.gov/Feature/2207"}},{"type":"Feature","geometry":{"type":"Point","coordinates":[-31.2426,20.0269]},"properties":{"name":"Gold","type":"Crater","diameter_km":8.9060202,"link":"https://planetarynames.wr.usgs.gov/Feature/2208"}},{"type":"Feature","geometry":{"type":"Point","coordinates":[-33.4867,-22.0067]},"properties":{"name":"Golden","type":"Crater","diameter_km":19.591499,"link":"https://planetarynames.wr.usgs.gov/Feature/2209"}},{"type":"Feature","geometry":{"type":"Point","coordinates":[-28.829,-22.9455]},"properties":{"name":"Gori","type":"Crater","diameter_km":6.4329,"link":"https://planetarynames.wr.usgs.gov/Feature/2225"}},{"type":"Feature","geometry":{"type":"Point","coordinates":[153.8081,-21.1806]},"properties":{"name":"Graff","type":"Crater","diameter_km":154.49173,"link":"https://planetarynames.wr.usgs.gov/Feature/2234"}},{"type":"Feature","geometry":{"type":"Point","coordinates":[-8.54399999999998,-52.3007]},"properties":{"name":"Green","type":"Crater","diameter_km":182.071,"link":"https://planetarynames.wr.usgs.gov/Feature/2244"}},{"type":"Feature","geometry":{"type":"Point","coordinates":[-30.8436,-21.4701]},"properties":{"name":"Grojec","type":"Crater","diameter_km":37.314999,"link":"https://planetarynames.wr.usgs.gov/Feature/2264"}},{"type":"Feature","geometry":{"type":"Point","coordinates":[-45.0334,25.664]},"properties":{"name":"Guaymas","type":"Crater","diameter_km":20.1157,"link":"https://planetarynames.wr.usgs.gov/Feature/2266"}},{"type":"Feature","geometry":{"type":"Point","coordinates":[-20.5032,-21.5366]},"properties":{"name":"Guir","type":"Crater","diameter_km":18.2015,"link":"https://planetarynames.wr.usgs.gov/Feature/2274"}},{"type":"Feature","geometry":{"type":"Point","coordinates":[109.021,15.8452]},"properties":{"name":"Gulch","type":"Crater","diameter_km":8.3242502,"link":"https://planetarynames.wr.usgs.gov/Feature/2278"}},{"type":"Feature","geometry":{"type":"Point","coordinates":[102.9175,-43.6694]},"properties":{"name":"Gunnison","type":"Crater","diameter_km":39.573502,"link":"https://planetarynames.wr.usgs.gov/Feature/2284"}},{"type":"Feature","geometry":{"type":"Point","coordinates":[175.5244,-14.5308]},"properties":{"name":"Gusev","type":"Crater","diameter_km":158.125,"link":"https://planetarynames.wr.usgs.gov/Feature/2289"}},{"type":"Feature","geometry":{"type":"Point","coordinates":[-3.161,38.9606]},"properties":{"name":"Gwash","type":"Crater","diameter_km":4.7479,"link":"https://planetarynames.wr.usgs.gov/Feature/2294"}},{"type":"Feature","geometry":{"type":"Point","coordinates":[156.973,-19.2625]},"properties":{"name":"Hadley","type":"Crater","diameter_km":115.458,"link":"https://planetarynames.wr.usgs.gov/Feature/2309"}},{"type":"Feature","geometry":{"type":"Point","coordinates":[129.2576,-52.7451]},"properties":{"name":"Haldane","type":"Crater","diameter_km":76.745399,"link":"https://planetarynames.wr.usgs.gov/Feature/2320"}},{"type":"Feature","geometry":{"type":"Point","coordinates":[-36.3616,-35.6879]},"properties":{"name":"Hale","type":"Crater","diameter_km":137.3114,"link":"https://planetarynames.wr.usgs.gov/Feature/2322"}},{"type":"Feature","geometry":{"type":"Point","coordinates":[-59.267,-48.3415]},"properties":{"name":"Halley","type":"Crater","diameter_km":83.718201,"link":"https://planetarynames.wr.usgs.gov/Feature/2331"}},{"type":"Feature","geometry":{"type":"Point","coordinates":[-32.4966,-44.6734]},"properties":{"name":"Ham","type":"Crater","diameter_km":1.59159,"link":"https://planetarynames.wr.usgs.gov/Feature/2336"}},{"type":"Feature","geometry":{"type":"Point","coordinates":[-32.752,20.2523]},"properties":{"name":"Hamelin","type":"Crater","diameter_km":9.7403898,"link":"https://planetarynames.wr.usgs.gov/Feature/2338"}},{"type":"Feature","geometry":{"type":"Point","coordinates":[-88.5858,37.6851]},"properties":{"name":"Handlova","type":"Crater","diameter_km":4.3898501,"link":"https://planetarynames.wr.usgs.gov/Feature/2345"}},{"type":"Feature","geometry":{"type":"Point","coordinates":[-28.0065,-27.4554]},"properties":{"name":"Harad","type":"Crater","diameter_km":8.0623198,"link":"https://planetarynames.wr.usgs.gov/Feature/2360"}},{"type":"Feature","geometry":{"type":"Point","coordinates":[-15.863,-38.6588]},"properties":{"name":"Hartwig","type":"Crater","diameter_km":99.332397,"link":"https://planetarynames.wr.usgs.gov/Feature/2377"}},{"type":"Feature","geometry":{"type":"Point","coordinates":[-95.216,-70.5042]},"properties":{"name":"Heaviside","type":"Crater","diameter_km":83.283997,"link":"https://planetarynames.wr.usgs.gov/Feature/2401"}},{"type":"Feature","geometry":{"type":"Point","coordinates":[-10.2962,44.8354]},"properties":{"name":"Hope","type":"Crater","diameter_km":7.2649002,"link":"https://planetarynames.wr.usgs.gov/Feature/2550"}},{"type":"Feature","geometry":{"type":"Point","coordinates":[116.3096,-64.4815]},"properties":{"name":"Heinlein","type":"Crater","diameter_km":85.342499,"link":"https://planetarynames.wr.usgs.gov/Feature/2415"}},{"type":"Feature","geometry":{"type":"Point","coordinates":[-21.273,-45.3974]},"properties":{"name":"Helmholtz","type":"Crater","diameter_km":111.257,"link":"https://planetarynames.wr.usgs.gov/Feature/2439"}},{"type":"Feature","geometry":{"type":"Point","coordinates":[23.4465,10.7899]},"properties":{"name":"Henry","type":"Crater","diameter_km":167.569,"link":"https://planetarynames.wr.usgs.gov/Feature/2452"}},{"type":"Feature","geometry":{"type":"Point","coordinates":[-58.6542,19.3068]},"properties":{"name":"Herculaneum","type":"Crater","diameter_km":34.712399,"link":"https://planetarynames.wr.usgs.gov/Feature/2466"}},{"type":"Feature","geometry":{"type":"Point","coordinates":[-16.3951,-22.3976]},"properties":{"name":"Honda","type":"Crater","diameter_km":9.26089,"link":"https://planetarynames.wr.usgs.gov/Feature/2547"}},{"type":"Feature","geometry":{"type":"Point","coordinates":[129.893,-14.48]},"properties":{"name":"Herschel","type":"Crater","diameter_km":297.918,"link":"https://planetarynames.wr.usgs.gov/Feature/2479"}},{"type":"Feature","geometry":{"type":"Point","coordinates":[-151.2049,-44.4523]},"properties":{"name":"Hipparchus","type":"Crater","diameter_km":94.812698,"link":"https://planetarynames.wr.usgs.gov/Feature/2517"}},{"type":"Feature","geometry":{"type":"Point","coordinates":[-34.019,-26.04]},"properties":{"name":"Holden","type":"Crater","diameter_km":152.66499,"link":"https://planetarynames.wr.usgs.gov/Feature/2540"}},{"type":"Feature","geometry":{"type":"Point","coordinates":[66.5497,-74.8552]},"properties":{"name":"Holmes","type":"Crater","diameter_km":114.06,"link":"https://planetarynames.wr.usgs.gov/Feature/2544"}},{"type":"Feature","geometry":{"type":"Point","coordinates":[-44.396,-44.9207]},"properties":{"name":"Hooke","type":"Crater","diameter_km":137.65401,"link":"https://planetarynames.wr.usgs.gov/Feature/2549"}},{"type":"Feature","geometry":{"type":"Point","coordinates":[135.9471,48.2256]},"properties":{"name":"Houston","type":"Crater","diameter_km":1.9827,"link":"https://planetarynames.wr.usgs.gov/Feature/2561"}},{"type":"Feature","geometry":{"type":"Point","coordinates":[-39.7659,-3.6373]},"properties":{"name":"Huancayo","type":"Crater","diameter_km":24.344,"link":"https://planetarynames.wr.usgs.gov/Feature/2570"}},{"type":"Feature","geometry":{"type":"Point","coordinates":[155.844,-49.0361]},"properties":{"name":"Huggins","type":"Crater","diameter_km":82.639801,"link":"https://planetarynames.wr.usgs.gov/Feature/2575"}},{"type":"Feature","geometry":{"type":"Point","coordinates":[-126.5858,-53.318]},"properties":{"name":"Hussey","type":"Crater","diameter_km":99.710777,"link":"https://planetarynames.wr.usgs.gov/Feature/2591"}},{"type":"Feature","geometry":{"type":"Point","coordinates":[104.6002,-71.6349]},"properties":{"name":"Hutton","type":"Crater","diameter_km":91.741501,"link":"https://planetarynames.wr.usgs.gov/Feature/2593"}},{"type":"Feature","geometry":{"type":"Point","coordinates":[100.77,-62.6737]},"properties":{"name":"Huxley","type":"Crater","diameter_km":106.523,"link":"https://planetarynames.wr.usgs.gov/Feature/2595"}},{"type":"Feature","geometry":{"type":"Point","coordinates":[55.5817,-13.8819]},"properties":{"name":"Huygens","type":"Crater","diameter_km":467.254,"link":"https://planetarynames.wr.usgs.gov/Feature/2596"}},{"type":"Feature","geometry":{"type":"Point","coordinates":[138.3491,47.0588]},"properties":{"name":"Hit","type":"Crater","diameter_km":7.0908899,"link":"https://planetarynames.wr.usgs.gov/Feature/2621"}},{"type":"Feature","geometry":{"type":"Point","coordinates":[-59.57,-25.4316]},"properties":{"name":"Ibragimov","type":"Crater","diameter_km":86.766197,"link":"https://planetarynames.wr.usgs.gov/Feature/2637"}},{"type":"Feature","geometry":{"type":"Point","coordinates":[110.8969,-20.0915]},"properties":{"name":"Igal","type":"Crater","diameter_km":8.8267002,"link":"https://planetarynames.wr.usgs.gov/Feature/2654"}},{"type":"Feature","geometry":{"type":"Point","coordinates":[112.5007,20.9554]},"properties":{"name":"Ikej","type":"Crater","diameter_km":4.5110302,"link":"https://planetarynames.wr.usgs.gov/Feature/2658"}},{"type":"Feature","geometry":{"type":"Point","coordinates":[111.1836,19.1233]},"properties":{"name":"Imgr","type":"Crater","diameter_km":3.42117,"link":"https://planetarynames.wr.usgs.gov/Feature/2677"}},{"type":"Feature","geometry":{"type":"Point","coordinates":[-39.9636,-6.3906]},"properties":{"name":"Innsbruck","type":"Crater","diameter_km":59.0023,"link":"https://planetarynames.wr.usgs.gov/Feature/2698"}},{"type":"Feature","geometry":{"type":"Point","coordinates":[108.8999,24.488]},"properties":{"name":"Ins","type":"Crater","diameter_km":2.77687,"link":"https://planetarynames.wr.usgs.gov/Feature/2700"}},{"type":"Feature","geometry":{"type":"Point","coordinates":[-28.3184,78.5877]},"properties":{"name":"Inuvik","type":"Crater","diameter_km":20.52339,"link":"https://planetarynames.wr.usgs.gov/Feature/2703"}},{"type":"Feature","geometry":{"type":"Point","coordinates":[-24.9138,-24.3431]},"properties":{"name":"Irbit","type":"Crater","diameter_km":12.7284,"link":"https://planetarynames.wr.usgs.gov/Feature/2713"}},{"type":"Feature","geometry":{"type":"Point","coordinates":[140.822,34.4904]},"properties":{"name":"Irharen","type":"Crater","diameter_km":6.48491,"link":"https://planetarynames.wr.usgs.gov/Feature/2715"}},{"type":"Feature","geometry":{"type":"Point","coordinates":[87.9329,-27.0173]},"properties":{"name":"Isil","type":"Crater","diameter_km":77.123199,"link":"https://planetarynames.wr.usgs.gov/Feature/2737"}},{"type":"Feature","geometry":{"type":"Point","coordinates":[-101.4382,-28.8825]},"properties":{"name":"Izendy","type":"Crater","diameter_km":22.2563,"link":"https://planetarynames.wr.usgs.gov/Feature/2775"}},{"type":"Feature","geometry":{"type":"Point","coordinates":[-28.7634,-26.2495]},"properties":{"name":"Jal","type":"Crater","diameter_km":4.80794,"link":"https://planetarynames.wr.usgs.gov/Feature/2787"}},{"type":"Feature","geometry":{"type":"Point","coordinates":[-53.1801,21.3946]},"properties":{"name":"Jama","type":"Crater","diameter_km":2.9040899,"link":"https://planetarynames.wr.usgs.gov/Feature/2790"}},{"type":"Feature","geometry":{"type":"Point","coordinates":[-81.5493,38.7142]},"properties":{"name":"Jampur","type":"Crater","diameter_km":27.8955,"link":"https://planetarynames.wr.usgs.gov/Feature/2792"}},{"type":"Feature","geometry":{"type":"Point","coordinates":[-154.4239,-8.6277]},"properties":{"name":"Labou Vallis","type":"Vallis","diameter_km":257.78674,"link":"https://planetarynames.wr.usgs.gov/Feature/3194"}},{"type":"Feature","geometry":{"type":"Point","coordinates":[132.3041,47.4689]},"properties":{"name":"Jodrell","type":"Crater","diameter_km":3.02106,"link":"https://planetarynames.wr.usgs.gov/Feature/2833"}},{"type":"Feature","geometry":{"type":"Point","coordinates":[37.6094,2.6928]},"properties":{"name":"Janssen","type":"Crater","diameter_km":153.633,"link":"https://planetarynames.wr.usgs.gov/Feature/2801"}},{"type":"Feature","geometry":{"type":"Point","coordinates":[83.8533,-9.3749]},"properties":{"name":"Jarry Desloges","type":"Crater","diameter_km":93.362396,"link":"https://planetarynames.wr.usgs.gov/Feature/2807"}},{"type":"Feature","geometry":{"type":"Point","coordinates":[154.1819,-69.6377]},"properties":{"name":"Jeans","type":"Crater","diameter_km":73.602821,"link":"https://planetarynames.wr.usgs.gov/Feature/2815"}},{"type":"Feature","geometry":{"type":"Point","coordinates":[-10.5743,39.8834]},"properties":{"name":"Jen","type":"Crater","diameter_km":8.8805799,"link":"https://planetarynames.wr.usgs.gov/Feature/2817"}},{"type":"Feature","geometry":{"type":"Point","coordinates":[-37.9217,-48.4202]},"properties":{"name":"Jezza","type":"Crater","diameter_km":9.2214699,"link":"https://planetarynames.wr.usgs.gov/Feature/2826"}},{"type":"Feature","geometry":{"type":"Point","coordinates":[-53.9523,25.1073]},"properties":{"name":"Jijiga","type":"Crater","diameter_km":16.156601,"link":"https://planetarynames.wr.usgs.gov/Feature/2828"}},{"type":"Feature","geometry":{"type":"Point","coordinates":[-51.0656,-9.8041]},"properties":{"name":"Johnstown","type":"Crater","diameter_km":3.3626599,"link":"https://planetarynames.wr.usgs.gov/Feature/2837"}},{"type":"Feature","geometry":{"type":"Point","coordinates":[-42.6856,-74.5006]},"properties":{"name":"Joly","type":"Crater","diameter_km":76.993103,"link":"https://planetarynames.wr.usgs.gov/Feature/2841"}},{"type":"Feature","geometry":{"type":"Point","coordinates":[-19.8251,-18.884]},"properties":{"name":"Jones","type":"Crater","diameter_km":90.107903,"link":"https://planetarynames.wr.usgs.gov/Feature/2843"}},{"type":"Feature","geometry":{"type":"Point","coordinates":[86.4411,-21.2928]},"properties":{"name":"Jumla","type":"Crater","diameter_km":49.228199,"link":"https://planetarynames.wr.usgs.gov/Feature/2863"}},{"type":"Feature","geometry":{"type":"Point","coordinates":[107.5887,18.1493]},"properties":{"name":"Kachug","type":"Crater","diameter_km":4.8569999,"link":"https://planetarynames.wr.usgs.gov/Feature/2880"}},{"type":"Feature","geometry":{"type":"Point","coordinates":[-19.0271,-23.7335]},"properties":{"name":"Kagul","type":"Crater","diameter_km":9.1323004,"link":"https://planetarynames.wr.usgs.gov/Feature/2885"}},{"type":"Feature","geometry":{"type":"Point","coordinates":[19.1086,-46.194]},"properties":{"name":"Kaiser","type":"Crater","diameter_km":201.66907,"link":"https://planetarynames.wr.usgs.gov/Feature/2890"}},{"type":"Feature","geometry":{"type":"Point","coordinates":[-29.3862,-27.0451]},"properties":{"name":"Kaj","type":"Crater","diameter_km":1.82651,"link":"https://planetarynames.wr.usgs.gov/Feature/2892"}},{"type":"Feature","geometry":{"type":"Point","coordinates":[-29.8521,-41.4901]},"properties":{"name":"Kakori","type":"Crater","diameter_km":28.087799,"link":"https://planetarynames.wr.usgs.gov/Feature/2893"}},{"type":"Feature","geometry":{"type":"Point","coordinates":[99.9934,-20.5037]},"properties":{"name":"Kamativi","type":"Crater","diameter_km":58.810299,"link":"https://planetarynames.wr.usgs.gov/Feature/2905"}},{"type":"Feature","geometry":{"type":"Point","coordinates":[-32.6049,-53.4511]},"properties":{"name":"Kamloops","type":"Crater","diameter_km":63.9622,"link":"https://planetarynames.wr.usgs.gov/Feature/2908"}},{"type":"Feature","geometry":{"type":"Point","coordinates":[-45.5923,-41.783]},"properties":{"name":"Kampot","type":"Crater","diameter_km":13.2341,"link":"https://planetarynames.wr.usgs.gov/Feature/2909"}},{"type":"Feature","geometry":{"type":"Point","coordinates":[-19.0033,-27.2013]},"properties":{"name":"Kanab","type":"Crater","diameter_km":14.54567,"link":"https://planetarynames.wr.usgs.gov/Feature/2911"}},{"type":"Feature","geometry":{"type":"Point","coordinates":[-17.2659,-20.5245]},"properties":{"name":"Kansk","type":"Crater","diameter_km":33.3512,"link":"https://planetarynames.wr.usgs.gov/Feature/2918"}},{"type":"Feature","geometry":{"type":"Point","coordinates":[-17.576,-24.4406]},"properties":{"name":"Kantang","type":"Crater","diameter_km":52.436901,"link":"https://planetarynames.wr.usgs.gov/Feature/2920"}},{"type":"Feature","geometry":{"type":"Point","coordinates":[-32.1501,-45.5731]},"properties":{"name":"Karpinsk","type":"Crater","diameter_km":28.843,"link":"https://planetarynames.wr.usgs.gov/Feature/2933"}},{"type":"Feature","geometry":{"type":"Point","coordinates":[-19.3204,-23.2775]},"properties":{"name":"Karshi","type":"Crater","diameter_km":21.518801,"link":"https://planetarynames.wr.usgs.gov/Feature/2937"}},{"type":"Feature","geometry":{"type":"Point","coordinates":[-52.4566,-40.8486]},"properties":{"name":"Kartabo","type":"Crater","diameter_km":19.410999,"link":"https://planetarynames.wr.usgs.gov/Feature/2938"}},{"type":"Feature","geometry":{"type":"Point","coordinates":[89.0588,-27.7715]},"properties":{"name":"Kasabi","type":"Crater","diameter_km":41.0914,"link":"https://planetarynames.wr.usgs.gov/Feature/2941"}},{"type":"Feature","geometry":{"type":"Point","coordinates":[-18.3067,-27.087]},"properties":{"name":"Kashira","type":"Crater","diameter_km":65.797401,"link":"https://planetarynames.wr.usgs.gov/Feature/2943"}},{"type":"Feature","geometry":{"type":"Point","coordinates":[-22.9398,-24.63]},"properties":{"name":"Kasimov","type":"Crater","diameter_km":87.181801,"link":"https://planetarynames.wr.usgs.gov/Feature/2944"}},{"type":"Feature","geometry":{"type":"Point","coordinates":[103.6316,21.9756]},"properties":{"name":"Kasra","type":"Crater","diameter_km":3.4570301,"link":"https://planetarynames.wr.usgs.gov/Feature/2947"}},{"type":"Feature","geometry":{"type":"Point","coordinates":[127.809,-79.0109]},"properties":{"name":"Katoomba","type":"Crater","diameter_km":51.235729,"link":"https://planetarynames.wr.usgs.gov/Feature/2958"}},{"type":"Feature","geometry":{"type":"Point","coordinates":[-33.1635,22.6349]},"properties":{"name":"Kaup","type":"Crater","diameter_km":3.20592,"link":"https://planetarynames.wr.usgs.gov/Feature/2964"}},{"type":"Feature","geometry":{"type":"Point","coordinates":[104.2819,16.4016]},"properties":{"name":"Kaw","type":"Crater","diameter_km":10.71752,"link":"https://planetarynames.wr.usgs.gov/Feature/2967"}},{"type":"Feature","geometry":{"type":"Point","coordinates":[173.5596,-15.4951]},"properties":{"name":"Kayne","type":"Crater","diameter_km":33.8218,"link":"https://planetarynames.wr.usgs.gov/Feature/2972"}},{"type":"Feature","geometry":{"type":"Point","coordinates":[-151.2446,-60.6918]},"properties":{"name":"Keeler","type":"Crater","diameter_km":90.1903,"link":"https://planetarynames.wr.usgs.gov/Feature/2977"}},{"type":"Feature","geometry":{"type":"Point","coordinates":[-32.9665,-44.9362]},"properties":{"name":"Kem ","type":"Crater","diameter_km":3.6233201,"link":"https://planetarynames.wr.usgs.gov/Feature/2986"}},{"type":"Feature","geometry":{"type":"Point","coordinates":[140.9798,-46.6938]},"properties":{"name":"Kepler","type":"Crater","diameter_km":228.23537,"link":"https://planetarynames.wr.usgs.gov/Feature/2991"}},{"type":"Feature","geometry":{"type":"Point","coordinates":[122.2254,45.9886]},"properties":{"name":"Keul ","type":"Crater","diameter_km":5.8056898,"link":"https://planetarynames.wr.usgs.gov/Feature/2995"}},{"type":"Feature","geometry":{"type":"Point","coordinates":[102.0026,20.7294]},"properties":{"name":"Khanpur","type":"Crater","diameter_km":2.67927,"link":"https://planetarynames.wr.usgs.gov/Feature/3004"}},{"type":"Feature","geometry":{"type":"Point","coordinates":[-42.0049,-7.2074]},"properties":{"name":"Kholm","type":"Crater","diameter_km":11.0787,"link":"https://planetarynames.wr.usgs.gov/Feature/3011"}},{"type":"Feature","geometry":{"type":"Point","coordinates":[112.9583,-20.9443]},"properties":{"name":"Khurli","type":"Crater","diameter_km":8.7809,"link":"https://planetarynames.wr.usgs.gov/Feature/3017"}},{"type":"Feature","geometry":{"type":"Point","coordinates":[-54.3084,-45.6392]},"properties":{"name":"Kifri","type":"Crater","diameter_km":13.8925,"link":"https://planetarynames.wr.usgs.gov/Feature/3027"}},{"type":"Feature","geometry":{"type":"Point","coordinates":[-16.3233,-20.1433]},"properties":{"name":"Kimry","type":"Crater","diameter_km":20.643499,"link":"https://planetarynames.wr.usgs.gov/Feature/3031"}},{"type":"Feature","geometry":{"type":"Point","coordinates":[-33.3816,20.1996]},"properties":{"name":"Kin","type":"Crater","diameter_km":8.0967999,"link":"https://planetarynames.wr.usgs.gov/Feature/3034"}},{"type":"Feature","geometry":{"type":"Point","coordinates":[-105.1512,-25.688]},"properties":{"name":"Kinda","type":"Crater","diameter_km":14.0415,"link":"https://planetarynames.wr.usgs.gov/Feature/3036"}},{"type":"Feature","geometry":{"type":"Point","coordinates":[112.876,-24.949]},"properties":{"name":"Kinkora","type":"Crater","diameter_km":51.0877,"link":"https://planetarynames.wr.usgs.gov/Feature/3042"}},{"type":"Feature","geometry":{"type":"Point","coordinates":[-31.5646,25.8582]},"properties":{"name":"Kipini","type":"Crater","diameter_km":67.257103,"link":"https://planetarynames.wr.usgs.gov/Feature/3044"}},{"type":"Feature","geometry":{"type":"Point","coordinates":[-19.4435,-26.3054]},"properties":{"name":"Kirs","type":"Crater","diameter_km":3.4610801,"link":"https://planetarynames.wr.usgs.gov/Feature/3051"}},{"type":"Feature","geometry":{"type":"Point","coordinates":[-25.1218,-22.2011]},"properties":{"name":"Kirsanov","type":"Crater","diameter_km":15.0779,"link":"https://planetarynames.wr.usgs.gov/Feature/3052"}},{"type":"Feature","geometry":{"type":"Point","coordinates":[-88.9216,34.0747]},"properties":{"name":"Kisambo","type":"Crater","diameter_km":15.2234,"link":"https://planetarynames.wr.usgs.gov/Feature/3053"}},{"type":"Feature","geometry":{"type":"Point","coordinates":[-17.1831,-22.7795]},"properties":{"name":"Kita","type":"Crater","diameter_km":10.71563,"link":"https://planetarynames.wr.usgs.gov/Feature/3056"}},{"type":"Feature","geometry":{"type":"Point","coordinates":[133.31,-6.5739]},"properties":{"name":"Knobel","type":"Crater","diameter_km":123.308,"link":"https://planetarynames.wr.usgs.gov/Feature/3066"}},{"type":"Feature","geometry":{"type":"Point","coordinates":[-103.7593,-28.9623]},"properties":{"name":"Koga","type":"Crater","diameter_km":19.1721,"link":"https://planetarynames.wr.usgs.gov/Feature/3070"}},{"type":"Feature","geometry":{"type":"Point","coordinates":[-28.0676,15.6471]},"properties":{"name":"Kok","type":"Crater","diameter_km":6.1348701,"link":"https://planetarynames.wr.usgs.gov/Feature/3075"}},{"type":"Feature","geometry":{"type":"Point","coordinates":[-38.571,-5.3617]},"properties":{"name":"Kong","type":"Crater","diameter_km":11.6639,"link":"https://planetarynames.wr.usgs.gov/Feature/3084"}},{"type":"Feature","geometry":{"type":"Point","coordinates":[164.584,72.7677]},"properties":{"name":"Korolev","type":"Crater","diameter_km":81.368813,"link":"https://planetarynames.wr.usgs.gov/Feature/3091"}},{"type":"Feature","geometry":{"type":"Point","coordinates":[105.4506,19.3423]},"properties":{"name":"Korph","type":"Crater","diameter_km":7.3312502,"link":"https://planetarynames.wr.usgs.gov/Feature/3092"}},{"type":"Feature","geometry":{"type":"Point","coordinates":[132.7822,46.7307]},"properties":{"name":"Kourou","type":"Crater","diameter_km":1.84392,"link":"https://planetarynames.wr.usgs.gov/Feature/3102"}},{"type":"Feature","geometry":{"type":"Point","coordinates":[-141.5409,-29.5601]},"properties":{"name":"Koval sky","type":"Crater","diameter_km":296.66638,"link":"https://planetarynames.wr.usgs.gov/Feature/3106"}},{"type":"Feature","geometry":{"type":"Point","coordinates":[-50.4068,21.4656]},"properties":{"name":"Koy","type":"Crater","diameter_km":7.1181202,"link":"https://planetarynames.wr.usgs.gov/Feature/3107"}},{"type":"Feature","geometry":{"type":"Point","coordinates":[143.8382,35.8534]},"properties":{"name":"Krasnoye","type":"Crater","diameter_km":6.54565,"link":"https://planetarynames.wr.usgs.gov/Feature/3116"}},{"type":"Feature","geometry":{"type":"Point","coordinates":[-43.5115,-42.9964]},"properties":{"name":"Kribi","type":"Crater","diameter_km":13.1805,"link":"https://planetarynames.wr.usgs.gov/Feature/3119"}},{"type":"Feature","geometry":{"type":"Point","coordinates":[97.3443,-48.0864]},"properties":{"name":"Krishtofovich","type":"Crater","diameter_km":111.08942,"link":"https://planetarynames.wr.usgs.gov/Feature/3122"}},{"type":"Feature","geometry":{"type":"Point","coordinates":[-19.64,-25.3116]},"properties":{"name":"Kuba","type":"Crater","diameter_km":26.587999,"link":"https://planetarynames.wr.usgs.gov/Feature/3134"}},{"type":"Feature","geometry":{"type":"Point","coordinates":[120.301,40.357]},"properties":{"name":"Kufra","type":"Crater","diameter_km":37.482101,"link":"https://planetarynames.wr.usgs.gov/Feature/3136"}},{"type":"Feature","geometry":{"type":"Point","coordinates":[-157.1346,-56.9936]},"properties":{"name":"Kuiper","type":"Crater","diameter_km":81.780487,"link":"https://planetarynames.wr.usgs.gov/Feature/3139"}},{"type":"Feature","geometry":{"type":"Point","coordinates":[108.1426,16.3931]},"properties":{"name":"Kular","type":"Crater","diameter_km":8.4755802,"link":"https://planetarynames.wr.usgs.gov/Feature/3141"}},{"type":"Feature","geometry":{"type":"Point","coordinates":[-68.068,-35.4737]},"properties":{"name":"Kumak","type":"Crater","diameter_km":13.5032,"link":"https://planetarynames.wr.usgs.gov/Feature/3148"}},{"type":"Feature","geometry":{"type":"Point","coordinates":[128.556,43.0317]},"properties":{"name":"Kumara","type":"Crater","diameter_km":11.8662,"link":"https://planetarynames.wr.usgs.gov/Feature/3151"}},{"type":"Feature","geometry":{"type":"Point","coordinates":[107.9379,-25.2384]},"properties":{"name":"Kunes","type":"Crater","diameter_km":15.1299,"link":"https://planetarynames.wr.usgs.gov/Feature/3158"}},{"type":"Feature","geometry":{"type":"Point","coordinates":[-9.64330000000001,56.8232]},"properties":{"name":"Kunowsky","type":"Crater","diameter_km":66.293701,"link":"https://planetarynames.wr.usgs.gov/Feature/3162"}},{"type":"Feature","geometry":{"type":"Point","coordinates":[-35.512,-43.9587]},"properties":{"name":"Kushva","type":"Crater","diameter_km":37.548698,"link":"https://planetarynames.wr.usgs.gov/Feature/3171"}},{"type":"Feature","geometry":{"type":"Point","coordinates":[-44.7,-4.4645]},"properties":{"name":"Kaid","type":"Crater","diameter_km":7.67203,"link":"https://planetarynames.wr.usgs.gov/Feature/3179"}},{"type":"Feature","geometry":{"type":"Point","coordinates":[-48.0722,-34.9353]},"properties":{"name":"Labria","type":"Crater","diameter_km":52.640629,"link":"https://planetarynames.wr.usgs.gov/Feature/3195"}},{"type":"Feature","geometry":{"type":"Point","coordinates":[-39.7568,-4.2669]},"properties":{"name":"Lachute","type":"Crater","diameter_km":15.14707,"link":"https://planetarynames.wr.usgs.gov/Feature/3200"}},{"type":"Feature","geometry":{"type":"Point","coordinates":[-5.90260000000001,48.0118]},"properties":{"name":"Laf","type":"Crater","diameter_km":2.8589799,"link":"https://planetarynames.wr.usgs.gov/Feature/3227"}},{"type":"Feature","geometry":{"type":"Point","coordinates":[-8.29159999999996,49.8638]},"properties":{"name":"Lagarto","type":"Crater","diameter_km":19.793329,"link":"https://planetarynames.wr.usgs.gov/Feature/3230"}},{"type":"Feature","geometry":{"type":"Point","coordinates":[-20.6382,-26.9948]},"properties":{"name":"Lamas","type":"Crater","diameter_km":22.9869,"link":"https://planetarynames.wr.usgs.gov/Feature/3250"}},{"type":"Feature","geometry":{"type":"Point","coordinates":[25.3869,-19.9694]},"properties":{"name":"Lambert","type":"Crater","diameter_km":92.527802,"link":"https://planetarynames.wr.usgs.gov/Feature/3254"}},{"type":"Feature","geometry":{"type":"Point","coordinates":[-113.5427,-58.1739]},"properties":{"name":"Lamont","type":"Crater","diameter_km":76.616966,"link":"https://planetarynames.wr.usgs.gov/Feature/3257"}},{"type":"Feature","geometry":{"type":"Point","coordinates":[-79.519,-35.5419]},"properties":{"name":"Lampland","type":"Crater","diameter_km":76.777977,"link":"https://planetarynames.wr.usgs.gov/Feature/3260"}},{"type":"Feature","geometry":{"type":"Point","coordinates":[-8.71679999999998,48.2593]},"properties":{"name":"Land","type":"Crater","diameter_km":5.1982098,"link":"https://planetarynames.wr.usgs.gov/Feature/3263"}},{"type":"Feature","geometry":{"type":"Point","coordinates":[107.4882,20.322]},"properties":{"name":"Lapri","type":"Crater","diameter_km":3.0129499,"link":"https://planetarynames.wr.usgs.gov/Feature/3277"}},{"type":"Feature","geometry":{"type":"Point","coordinates":[-29.104,-25.8309]},"properties":{"name":"Lar","type":"Crater","diameter_km":6.8502898,"link":"https://planetarynames.wr.usgs.gov/Feature/3278"}},{"type":"Feature","geometry":{"type":"Point","coordinates":[-62.4575,-20.608]},"properties":{"name":"Lassell","type":"Crater","diameter_km":85.598198,"link":"https://planetarynames.wr.usgs.gov/Feature/3287"}},{"type":"Feature","geometry":{"type":"Point","coordinates":[-55.0131,23.908]},"properties":{"name":"Leuk","type":"Crater","diameter_km":3.4429901,"link":"https://planetarynames.wr.usgs.gov/Feature/3365"}},{"type":"Feature","geometry":{"type":"Point","coordinates":[138.306,-9.3114]},"properties":{"name":"Lasswitz","type":"Crater","diameter_km":108.035,"link":"https://planetarynames.wr.usgs.gov/Feature/3288"}},{"type":"Feature","geometry":{"type":"Point","coordinates":[-107.4754,-74.3032]},"properties":{"name":"Lau","type":"Crater","diameter_km":106.91596,"link":"https://planetarynames.wr.usgs.gov/Feature/3296"}},{"type":"Feature","geometry":{"type":"Point","coordinates":[17.0951,-37.7129]},"properties":{"name":"Le Verrier","type":"Crater","diameter_km":137.55013,"link":"https://planetarynames.wr.usgs.gov/Feature/3314"}},{"type":"Feature","geometry":{"type":"Point","coordinates":[-19.4676,-20.2907]},"properties":{"name":"Lebu","type":"Crater","diameter_km":19.337299,"link":"https://planetarynames.wr.usgs.gov/Feature/3324"}},{"type":"Feature","geometry":{"type":"Point","coordinates":[138.1674,36.461]},"properties":{"name":"Leleque","type":"Crater","diameter_km":8.4267902,"link":"https://planetarynames.wr.usgs.gov/Feature/3339"}},{"type":"Feature","geometry":{"type":"Point","coordinates":[-48.6335,21.8099]},"properties":{"name":"Lexington","type":"Crater","diameter_km":5.16716,"link":"https://planetarynames.wr.usgs.gov/Feature/3371"}},{"type":"Feature","geometry":{"type":"Point","coordinates":[-34.786,-42.5021]},"properties":{"name":"Lemgo","type":"Crater","diameter_km":15.7322,"link":"https://planetarynames.wr.usgs.gov/Feature/3341"}},{"type":"Feature","geometry":{"type":"Point","coordinates":[-106.7996,-26.719]},"properties":{"name":"Lenya","type":"Crater","diameter_km":14.9577,"link":"https://planetarynames.wr.usgs.gov/Feature/3349"}},{"type":"Feature","geometry":{"type":"Point","coordinates":[-11.8006,46.3163]},"properties":{"name":"Lota","type":"Crater","diameter_km":14.6831,"link":"https://planetarynames.wr.usgs.gov/Feature/3479"}},{"type":"Feature","geometry":{"type":"Point","coordinates":[-153.061,-46.8808]},"properties":{"name":"Li Fan","type":"Crater","diameter_km":105.584,"link":"https://planetarynames.wr.usgs.gov/Feature/3379"}},{"type":"Feature","geometry":{"type":"Point","coordinates":[132.2839,-69.3239]},"properties":{"name":"Thyles Rupes","type":"Rupes","diameter_km":548.7536,"link":"https://planetarynames.wr.usgs.gov/Feature/5987"}},{"type":"Feature","geometry":{"type":"Point","coordinates":[-68.7538,-62.1536]},"properties":{"name":"Argyre Rupes","type":"Rupes","diameter_km":335.42322,"link":"https://planetarynames.wr.usgs.gov/Feature/372"}},{"type":"Feature","geometry":{"type":"Point","coordinates":[-29.4062,23.0591]},"properties":{"name":"Libertad","type":"Crater","diameter_km":31.189699,"link":"https://planetarynames.wr.usgs.gov/Feature/3387"}},{"type":"Feature","geometry":{"type":"Point","coordinates":[107.1424,15.6993]},"properties":{"name":"Littleton","type":"Crater","diameter_km":7.34656,"link":"https://planetarynames.wr.usgs.gov/Feature/3426"}},{"type":"Feature","geometry":{"type":"Point","coordinates":[113.2068,18.142]},"properties":{"name":"Linpu","type":"Crater","diameter_km":18.1604,"link":"https://planetarynames.wr.usgs.gov/Feature/3414"}},{"type":"Feature","geometry":{"type":"Point","coordinates":[-29.8004,15.7589]},"properties":{"name":"Lins","type":"Crater","diameter_km":6.17278,"link":"https://planetarynames.wr.usgs.gov/Feature/3415"}},{"type":"Feature","geometry":{"type":"Point","coordinates":[-171.5528,-53.1973]},"properties":{"name":"Liu Hsin","type":"Crater","diameter_km":134.506,"link":"https://planetarynames.wr.usgs.gov/Feature/3428"}},{"type":"Feature","geometry":{"type":"Point","coordinates":[-38.0879,-3.3912]},"properties":{"name":"Locana","type":"Crater","diameter_km":6.6410198,"link":"https://planetarynames.wr.usgs.gov/Feature/3441"}},{"type":"Feature","geometry":{"type":"Point","coordinates":[-29.1188,-27.1615]},"properties":{"name":"Livny","type":"Crater","diameter_km":9.2932796,"link":"https://planetarynames.wr.usgs.gov/Feature/3430"}},{"type":"Feature","geometry":{"type":"Point","coordinates":[-101.1124,-28.1816]},"properties":{"name":"Llanesco","type":"Crater","diameter_km":29.4025,"link":"https://planetarynames.wr.usgs.gov/Feature/3432"}},{"type":"Feature","geometry":{"type":"Point","coordinates":[160.5104,27.8428]},"properties":{"name":"Lockyer","type":"Crater","diameter_km":71.351501,"link":"https://planetarynames.wr.usgs.gov/Feature/3444"}},{"type":"Feature","geometry":{"type":"Point","coordinates":[-111.024,2.7336]},"properties":{"name":"Pavonis Chasma","type":"Chasma","diameter_km":45.941841,"link":"https://planetarynames.wr.usgs.gov/Feature/4618"}},{"type":"Feature","geometry":{"type":"Point","coordinates":[-65.5123,10.7933]},"properties":{"name":"Lunae Planum","type":"Planum","diameter_km":1817.6647,"link":"https://planetarynames.wr.usgs.gov/Feature/3519"}},{"type":"Feature","geometry":{"type":"Point","coordinates":[-31.5386,20.9839]},"properties":{"name":"Lod","type":"Crater","diameter_km":7.5985999,"link":"https://planetarynames.wr.usgs.gov/Feature/3446"}},{"type":"Feature","geometry":{"type":"Point","coordinates":[-43.317,-55.0921]},"properties":{"name":"Lodwar","type":"Crater","diameter_km":15.0098,"link":"https://planetarynames.wr.usgs.gov/Feature/3448"}},{"type":"Feature","geometry":{"type":"Point","coordinates":[-16.6876,-43.236]},"properties":{"name":"Lohse","type":"Crater","diameter_km":151.0119,"link":"https://planetarynames.wr.usgs.gov/Feature/3454"}},{"type":"Feature","geometry":{"type":"Point","coordinates":[136.2131,41.2208]},"properties":{"name":"Loja","type":"Crater","diameter_km":9.8980999,"link":"https://planetarynames.wr.usgs.gov/Feature/3457"}},{"type":"Feature","geometry":{"type":"Point","coordinates":[-56.1929,-81.6501]},"properties":{"name":"Lomela","type":"Crater","diameter_km":11.1636,"link":"https://planetarynames.wr.usgs.gov/Feature/3461"}},{"type":"Feature","geometry":{"type":"Point","coordinates":[-9.23499999999996,65.0406]},"properties":{"name":"Lomonosov","type":"Crater","diameter_km":130.533,"link":"https://planetarynames.wr.usgs.gov/Feature/3463"}},{"type":"Feature","geometry":{"type":"Point","coordinates":[-25.9412,-20.6673]},"properties":{"name":"Longa","type":"Crater","diameter_km":10.9729,"link":"https://planetarynames.wr.usgs.gov/Feature/3464"}},{"type":"Feature","geometry":{"type":"Point","coordinates":[113.4508,-18.8401]},"properties":{"name":"Loon","type":"Crater","diameter_km":7.70648,"link":"https://planetarynames.wr.usgs.gov/Feature/3469"}},{"type":"Feature","geometry":{"type":"Point","coordinates":[-28.3338,-19.8284]},"properties":{"name":"Lorica","type":"Crater","diameter_km":58.485199,"link":"https://planetarynames.wr.usgs.gov/Feature/3474"}},{"type":"Feature","geometry":{"type":"Point","coordinates":[-76.2283,-35.0773]},"properties":{"name":"Los","type":"Crater","diameter_km":8.0542498,"link":"https://planetarynames.wr.usgs.gov/Feature/3476"}},{"type":"Feature","geometry":{"type":"Point","coordinates":[-22.4387,-21.8834]},"properties":{"name":"Loto","type":"Crater","diameter_km":22.1376,"link":"https://planetarynames.wr.usgs.gov/Feature/3480"}},{"type":"Feature","geometry":{"type":"Point","coordinates":[-92.9246,42.4134]},"properties":{"name":"Lowbury","type":"Crater","diameter_km":17.183399,"link":"https://planetarynames.wr.usgs.gov/Feature/3492"}},{"type":"Feature","geometry":{"type":"Point","coordinates":[-81.5044,-51.9579]},"properties":{"name":"Lowell","type":"Crater","diameter_km":202.21979,"link":"https://planetarynames.wr.usgs.gov/Feature/3494"}},{"type":"Feature","geometry":{"type":"Point","coordinates":[163.7142,40.3967]},"properties":{"name":"Phlegra Montes","type":"Mons","diameter_km":1350.6467,"link":"https://planetarynames.wr.usgs.gov/Feature/4701"}},{"type":"Feature","geometry":{"type":"Point","coordinates":[-36.9072,17.262]},"properties":{"name":"Luck","type":"Crater","diameter_km":7.7529001,"link":"https://planetarynames.wr.usgs.gov/Feature/3504"}},{"type":"Feature","geometry":{"type":"Point","coordinates":[-47.4169,-44.2491]},"properties":{"name":"Luga","type":"Crater","diameter_km":44.56086,"link":"https://planetarynames.wr.usgs.gov/Feature/3509"}},{"type":"Feature","geometry":{"type":"Point","coordinates":[-37.3678,-29.5337]},"properties":{"name":"Luki","type":"Crater","diameter_km":20.801701,"link":"https://planetarynames.wr.usgs.gov/Feature/3512"}},{"type":"Feature","geometry":{"type":"Point","coordinates":[-3.0872,38.6998]},"properties":{"name":"Lutsk","type":"Crater","diameter_km":4.8540502,"link":"https://planetarynames.wr.usgs.gov/Feature/3524"}},{"type":"Feature","geometry":{"type":"Point","coordinates":[31.2821,27.0622]},"properties":{"name":"Luzin","type":"Crater","diameter_km":101.044,"link":"https://planetarynames.wr.usgs.gov/Feature/3525"}},{"type":"Feature","geometry":{"type":"Point","coordinates":[-31.9516,24.4227]},"properties":{"name":"Lydda","type":"Crater","diameter_km":33.830601,"link":"https://planetarynames.wr.usgs.gov/Feature/3530"}},{"type":"Feature","geometry":{"type":"Point","coordinates":[-15.472,-69.9068]},"properties":{"name":"Lyell","type":"Crater","diameter_km":121.833,"link":"https://planetarynames.wr.usgs.gov/Feature/3533"}},{"type":"Feature","geometry":{"type":"Point","coordinates":[29.3413,50.4671]},"properties":{"name":"Lyot","type":"Crater","diameter_km":221.53101,"link":"https://planetarynames.wr.usgs.gov/Feature/3538"}},{"type":"Feature","geometry":{"type":"Point","coordinates":[135.4356,48.4497]},"properties":{"name":"Madrid","type":"Crater","diameter_km":3.7997701,"link":"https://planetarynames.wr.usgs.gov/Feature/3567"}},{"type":"Feature","geometry":{"type":"Point","coordinates":[-53.1495,-44.0192]},"properties":{"name":"Mafra","type":"Crater","diameter_km":13.3485,"link":"https://planetarynames.wr.usgs.gov/Feature/3573"}},{"type":"Feature","geometry":{"type":"Point","coordinates":[-46.0693,-34.519]},"properties":{"name":"Magadi","type":"Crater","diameter_km":50.786201,"link":"https://planetarynames.wr.usgs.gov/Feature/3575"}},{"type":"Feature","geometry":{"type":"Point","coordinates":[-174.5784,-32.3566]},"properties":{"name":"Magelhaens","type":"Crater","diameter_km":103.79858,"link":"https://planetarynames.wr.usgs.gov/Feature/3579"}},{"type":"Feature","geometry":{"type":"Point","coordinates":[9.4997,27.7818]},"properties":{"name":"Maggini","type":"Crater","diameter_km":139.064,"link":"https://planetarynames.wr.usgs.gov/Feature/3580"}},{"type":"Feature","geometry":{"type":"Point","coordinates":[105.3583,15.9249]},"properties":{"name":"Mago","type":"Crater","diameter_km":2.73928,"link":"https://planetarynames.wr.usgs.gov/Feature/3583"}},{"type":"Feature","geometry":{"type":"Point","coordinates":[-54.2222,-41.5589]},"properties":{"name":"Maidstone","type":"Crater","diameter_km":9.3864298,"link":"https://planetarynames.wr.usgs.gov/Feature/3594"}},{"type":"Feature","geometry":{"type":"Point","coordinates":[49.0091,-76.5411]},"properties":{"name":"Main","type":"Crater","diameter_km":110.993,"link":"https://planetarynames.wr.usgs.gov/Feature/3596"}},{"type":"Feature","geometry":{"type":"Point","coordinates":[-53.6269,12.2216]},"properties":{"name":"Mandora","type":"Crater","diameter_km":55.942001,"link":"https://planetarynames.wr.usgs.gov/Feature/3626"}},{"type":"Feature","geometry":{"type":"Point","coordinates":[-37.5727,-3.5783]},"properties":{"name":"Manti","type":"Crater","diameter_km":15.6424,"link":"https://planetarynames.wr.usgs.gov/Feature/3639"}},{"type":"Feature","geometry":{"type":"Point","coordinates":[-27.4709,-22.1467]},"properties":{"name":"Manzi","type":"Crater","diameter_km":7.5180998,"link":"https://planetarynames.wr.usgs.gov/Feature/3648"}},{"type":"Feature","geometry":{"type":"Point","coordinates":[-31.9564,-61.9189]},"properties":{"name":"Maraldi","type":"Crater","diameter_km":118.24,"link":"https://planetarynames.wr.usgs.gov/Feature/3651"}},{"type":"Feature","geometry":{"type":"Point","coordinates":[111.034,17.6469]},"properties":{"name":"Marbach","type":"Crater","diameter_km":24.743,"link":"https://planetarynames.wr.usgs.gov/Feature/3654"}},{"type":"Feature","geometry":{"type":"Point","coordinates":[-158.1491,-9.9804]},"properties":{"name":"Marca","type":"Crater","diameter_km":78.351402,"link":"https://planetarynames.wr.usgs.gov/Feature/3655"}},{"type":"Feature","geometry":{"type":"Point","coordinates":[-45.8841,-52.0115]},"properties":{"name":"Mari","type":"Crater","diameter_km":37.047901,"link":"https://planetarynames.wr.usgs.gov/Feature/3703"}},{"type":"Feature","geometry":{"type":"Point","coordinates":[-164.235,-34.6817]},"properties":{"name":"Mariner","type":"Crater","diameter_km":156.576,"link":"https://planetarynames.wr.usgs.gov/Feature/3711"}},{"type":"Feature","geometry":{"type":"Point","coordinates":[-3.44709999999998,12.9366]},"properties":{"name":"Marth","type":"Crater","diameter_km":96.687202,"link":"https://planetarynames.wr.usgs.gov/Feature/3725"}},{"type":"Feature","geometry":{"type":"Point","coordinates":[144.1769,-34.9148]},"properties":{"name":"Martz","type":"Crater","diameter_km":92.744637,"link":"https://planetarynames.wr.usgs.gov/Feature/3729"}},{"type":"Feature","geometry":{"type":"Point","coordinates":[-86.2063,36.3799]},"properties":{"name":"N  Mareotis Tholus","type":"Tholus","diameter_km":3.5787599,"link":"https://planetarynames.wr.usgs.gov/Feature/4097"}},{"type":"Feature","geometry":{"type":"Point","coordinates":[-32.305,12.0673]},"properties":{"name":"Masursky","type":"Crater","diameter_km":115.342,"link":"https://planetarynames.wr.usgs.gov/Feature/3746"}},{"type":"Feature","geometry":{"type":"Point","coordinates":[1.7514,-49.6039]},"properties":{"name":"Maunder","type":"Crater","diameter_km":90.844597,"link":"https://planetarynames.wr.usgs.gov/Feature/3757"}},{"type":"Feature","geometry":{"type":"Point","coordinates":[-22.367,21.8966]},"properties":{"name":"McLaughlin","type":"Crater","diameter_km":90.920403,"link":"https://planetarynames.wr.usgs.gov/Feature/3782"}},{"type":"Feature","geometry":{"type":"Point","coordinates":[-56.5685,18.6418]},"properties":{"name":"Medrissa","type":"Crater","diameter_km":19.5247,"link":"https://planetarynames.wr.usgs.gov/Feature/3794"}},{"type":"Feature","geometry":{"type":"Point","coordinates":[-157.8584,-41.5727]},"properties":{"name":"Palikir","type":"Crater","diameter_km":15.574,"link":"https://planetarynames.wr.usgs.gov/Feature/14872"}},{"type":"Feature","geometry":{"type":"Point","coordinates":[-36.9048,-1.4305]},"properties":{"name":"Mega","type":"Crater","diameter_km":16.947901,"link":"https://planetarynames.wr.usgs.gov/Feature/3799"}},{"type":"Feature","geometry":{"type":"Point","coordinates":[107.3128,18.8649]},"properties":{"name":"Meget","type":"Crater","diameter_km":4.58568,"link":"https://planetarynames.wr.usgs.gov/Feature/3801"}},{"type":"Feature","geometry":{"type":"Point","coordinates":[-117.5769,-48.1022]},"properties":{"name":"Raga","type":"Crater","diameter_km":3.434,"link":"https://planetarynames.wr.usgs.gov/Feature/14873"}},{"type":"Feature","geometry":{"type":"Point","coordinates":[-23.741,-72.6274]},"properties":{"name":"Mellish","type":"Crater","diameter_km":104.952,"link":"https://planetarynames.wr.usgs.gov/Feature/3821"}},{"type":"Feature","geometry":{"type":"Point","coordinates":[-153.8211,-23.6269]},"properties":{"name":"Memnonia Fossae","type":"Fossa","diameter_km":1585.2823,"link":"https://planetarynames.wr.usgs.gov/Feature/3827"}},{"type":"Feature","geometry":{"type":"Point","coordinates":[-68.2152,24.642]},"properties":{"name":"Sacra Mensa","type":"Mensa","diameter_km":577.0,"link":"https://planetarynames.wr.usgs.gov/Feature/5268"}},{"type":"Feature","geometry":{"type":"Point","coordinates":[-79.9618,2.4716]},"properties":{"name":"Echus Chasma","type":"Chasma","diameter_km":391.09521,"link":"https://planetarynames.wr.usgs.gov/Feature/1712"}},{"type":"Feature","geometry":{"type":"Point","coordinates":[-18.757,-32.1097]},"properties":{"name":"Mena","type":"Crater","diameter_km":29.91028,"link":"https://planetarynames.wr.usgs.gov/Feature/3831"}},{"type":"Feature","geometry":{"type":"Point","coordinates":[-148.1284,-5.1576]},"properties":{"name":"Dubis Vallis","type":"Vallis","diameter_km":45.416241,"link":"https://planetarynames.wr.usgs.gov/Feature/1653"}},{"type":"Feature","geometry":{"type":"Point","coordinates":[-62.5005,23.9108]},"properties":{"name":"Lunae Mensa","type":"Mensa","diameter_km":114.75086,"link":"https://planetarynames.wr.usgs.gov/Feature/3517"}},{"type":"Feature","geometry":{"type":"Point","coordinates":[-119.3461,-7.4691]},"properties":{"name":"Arsia Chasmata","type":"Chasma","diameter_km":97.057053,"link":"https://planetarynames.wr.usgs.gov/Feature/393"}},{"type":"Feature","geometry":{"type":"Point","coordinates":[-40.2921,-58.0971]},"properties":{"name":"Charitum Montes","type":"Mons","diameter_km":933.54047,"link":"https://planetarynames.wr.usgs.gov/Feature/1149"}},{"type":"Feature","geometry":{"type":"Point","coordinates":[161.2488,-58.7836]},"properties":{"name":"Mendel","type":"Crater","diameter_km":77.320381,"link":"https://planetarynames.wr.usgs.gov/Feature/3836"}},{"type":"Feature","geometry":{"type":"Point","coordinates":[138.3319,35.8277]},"properties":{"name":"Mendota","type":"Crater","diameter_km":8.8593197,"link":"https://planetarynames.wr.usgs.gov/Feature/3839"}},{"type":"Feature","geometry":{"type":"Point","coordinates":[9.5303,-45.9271]},"properties":{"name":"Tivat","type":"Crater","diameter_km":3.622,"link":"https://planetarynames.wr.usgs.gov/Feature/14874"}},{"type":"Feature","geometry":{"type":"Point","coordinates":[139.6548,48.1646]},"properties":{"name":"Mie","type":"Crater","diameter_km":100.908,"link":"https://planetarynames.wr.usgs.gov/Feature/3886"}},{"type":"Feature","geometry":{"type":"Point","coordinates":[-20.7513,-27.1635]},"properties":{"name":"Mila","type":"Crater","diameter_km":10.8734,"link":"https://planetarynames.wr.usgs.gov/Feature/3891"}},{"type":"Feature","geometry":{"type":"Point","coordinates":[140.6184,21.5967]},"properties":{"name":"Hyblaeus Catena","type":"Catena","diameter_km":10.48567,"link":"https://planetarynames.wr.usgs.gov/Feature/2598"}},{"type":"Feature","geometry":{"type":"Point","coordinates":[-146.5786,54.4617]},"properties":{"name":"Milankovic","type":"Crater","diameter_km":113.513,"link":"https://planetarynames.wr.usgs.gov/Feature/3893"}},{"type":"Feature","geometry":{"type":"Point","coordinates":[-41.4906,-52.4123]},"properties":{"name":"Milford","type":"Crater","diameter_km":24.972099,"link":"https://planetarynames.wr.usgs.gov/Feature/3896"}},{"type":"Feature","geometry":{"type":"Point","coordinates":[106.6256,-21.3872]},"properties":{"name":"Tyrrhena Patera","type":"Patera","diameter_km":12.63728,"link":"https://planetarynames.wr.usgs.gov/Feature/6174"}},{"type":"Feature","geometry":{"type":"Point","coordinates":[-147.6958,-9.8387]},"properties":{"name":"Arimanes Rupes","type":"Rupes","diameter_km":192.67213,"link":"https://planetarynames.wr.usgs.gov/Feature/378"}},{"type":"Feature","geometry":{"type":"Point","coordinates":[-149.639,-53.9497]},"properties":{"name":"Millman","type":"Crater","diameter_km":73.840599,"link":"https://planetarynames.wr.usgs.gov/Feature/3901"}},{"type":"Feature","geometry":{"type":"Point","coordinates":[85.1049,-21.1894]},"properties":{"name":"Millochau","type":"Crater","diameter_km":112.892,"link":"https://planetarynames.wr.usgs.gov/Feature/3902"}},{"type":"Feature","geometry":{"type":"Point","coordinates":[-51.7556,22.1248]},"properties":{"name":"Mirtos","type":"Crater","diameter_km":6.3825898,"link":"https://planetarynames.wr.usgs.gov/Feature/3924"}},{"type":"Feature","geometry":{"type":"Point","coordinates":[-109.1292,-24.6808]},"properties":{"name":"Mistretta","type":"Crater","diameter_km":16.5646,"link":"https://planetarynames.wr.usgs.gov/Feature/3930"}},{"type":"Feature","geometry":{"type":"Point","coordinates":[102.6843,9.0748]},"properties":{"name":"Amenthes Fossae","type":"Fossa","diameter_km":850.0,"link":"https://planetarynames.wr.usgs.gov/Feature/227"}},{"type":"Feature","geometry":{"type":"Point","coordinates":[76.0077,-67.526]},"properties":{"name":"Mitchel","type":"Crater","diameter_km":135.89735,"link":"https://planetarynames.wr.usgs.gov/Feature/3931"}},{"type":"Feature","geometry":{"type":"Point","coordinates":[87.9844,-39.607]},"properties":{"name":"Mliba","type":"Crater","diameter_km":11.85124,"link":"https://planetarynames.wr.usgs.gov/Feature/3937"}},{"type":"Feature","geometry":{"type":"Point","coordinates":[148.1452,5.7765]},"properties":{"name":"Cerberus Palus","type":"Palus","diameter_km":466.67776,"link":"https://planetarynames.wr.usgs.gov/Feature/14162"}},{"type":"Feature","geometry":{"type":"Point","coordinates":[150.5673,23.2526]},"properties":{"name":"Stygis Catena","type":"Catena","diameter_km":65.380836,"link":"https://planetarynames.wr.usgs.gov/Feature/5732"}},{"type":"Feature","geometry":{"type":"Point","coordinates":[-5.35129999999998,42.888]},"properties":{"name":"Mohawk","type":"Crater","diameter_km":17.4937,"link":"https://planetarynames.wr.usgs.gov/Feature/3945"}},{"type":"Feature","geometry":{"type":"Point","coordinates":[-32.9864,7.4841]},"properties":{"name":"Mojave","type":"Crater","diameter_km":57.969898,"link":"https://planetarynames.wr.usgs.gov/Feature/3951"}},{"type":"Feature","geometry":{"type":"Point","coordinates":[-76.5602,80.7206]},"properties":{"name":"Abalos Scopuli","type":"Scopulus","diameter_km":109.16144,"link":"https://planetarynames.wr.usgs.gov/Feature/14148"}},{"type":"Feature","geometry":{"type":"Point","coordinates":[149.2705,-27.4952]},"properties":{"name":"Molesworth","type":"Crater","diameter_km":168.86723,"link":"https://planetarynames.wr.usgs.gov/Feature/3953"}},{"type":"Feature","geometry":{"type":"Point","coordinates":[-54.2651,15.2515]},"properties":{"name":"Montevallo","type":"Crater","diameter_km":50.421101,"link":"https://planetarynames.wr.usgs.gov/Feature/4021"}},{"type":"Feature","geometry":{"type":"Point","coordinates":[150.1209,32.0845]},"properties":{"name":"Trebia Valles","type":"Vallis","diameter_km":179.79619,"link":"https://planetarynames.wr.usgs.gov/Feature/6078"}},{"type":"Feature","geometry":{"type":"Point","coordinates":[-51.387,-9.5799]},"properties":{"name":"Morella","type":"Crater","diameter_km":76.973198,"link":"https://planetarynames.wr.usgs.gov/Feature/4033"}},{"type":"Feature","geometry":{"type":"Point","coordinates":[44.5439,41.7922]},"properties":{"name":"Moreux","type":"Crater","diameter_km":131.548,"link":"https://planetarynames.wr.usgs.gov/Feature/4035"}},{"type":"Feature","geometry":{"type":"Point","coordinates":[153.7297,-1.0807]},"properties":{"name":"Zephyria Planum","type":"Planum","diameter_km":575.10687,"link":"https://planetarynames.wr.usgs.gov/Feature/14164"}},{"type":"Feature","geometry":{"type":"Point","coordinates":[109.488,19.2335]},"properties":{"name":"Moss","type":"Crater","diameter_km":9.0850096,"link":"https://planetarynames.wr.usgs.gov/Feature/4050"}},{"type":"Feature","geometry":{"type":"Point","coordinates":[-22.4456,-23.6371]},"properties":{"name":"Murgoo","type":"Crater","diameter_km":22.6434,"link":"https://planetarynames.wr.usgs.gov/Feature/4073"}},{"type":"Feature","geometry":{"type":"Point","coordinates":[-35.762,22.3562]},"properties":{"name":"Mut","type":"Crater","diameter_km":6.9727602,"link":"https://planetarynames.wr.usgs.gov/Feature/4080"}},{"type":"Feature","geometry":{"type":"Point","coordinates":[-55.207,0.5954]},"properties":{"name":"Mutch","type":"Crater","diameter_km":198.811,"link":"https://planetarynames.wr.usgs.gov/Feature/4082"}},{"type":"Feature","geometry":{"type":"Point","coordinates":[2.7656,-10.6538]},"properties":{"name":"Madler","type":"Crater","diameter_km":124.161,"link":"https://planetarynames.wr.usgs.gov/Feature/4092"}},{"type":"Feature","geometry":{"type":"Point","coordinates":[127.8865,-25.7357]},"properties":{"name":"Muller","type":"Crater","diameter_km":120.515,"link":"https://planetarynames.wr.usgs.gov/Feature/4096"}},{"type":"Feature","geometry":{"type":"Point","coordinates":[-42.1299,22.9137]},"properties":{"name":"Naar","type":"Crater","diameter_km":11.33719,"link":"https://planetarynames.wr.usgs.gov/Feature/4098"}},{"type":"Feature","geometry":{"type":"Point","coordinates":[107.4394,24.4533]},"properties":{"name":"Naic","type":"Crater","diameter_km":8.6783895,"link":"https://planetarynames.wr.usgs.gov/Feature/4113"}},{"type":"Feature","geometry":{"type":"Point","coordinates":[-115.826,19.7665]},"properties":{"name":"Jovis Fossae","type":"Fossa","diameter_km":348.63239,"link":"https://planetarynames.wr.usgs.gov/Feature/2849"}},{"type":"Feature","geometry":{"type":"Point","coordinates":[126.8428,41.4675]},"properties":{"name":"Nain","type":"Crater","diameter_km":6.88587,"link":"https://planetarynames.wr.usgs.gov/Feature/4115"}},{"type":"Feature","geometry":{"type":"Point","coordinates":[105.7725,23.5046]},"properties":{"name":"Never","type":"Crater","diameter_km":2.75301,"link":"https://planetarynames.wr.usgs.gov/Feature/4228"}},{"type":"Feature","geometry":{"type":"Point","coordinates":[-70.6143,38.6877]},"properties":{"name":"Tempe Terra","type":"Terra","diameter_km":1954.9379,"link":"https://planetarynames.wr.usgs.gov/Feature/5916"}},{"type":"Feature","geometry":{"type":"Point","coordinates":[-97.2514,24.0021]},"properties":{"name":"Ceraunius Tholus","type":"Tholus","diameter_km":128.57986,"link":"https://planetarynames.wr.usgs.gov/Feature/1106"}},{"type":"Feature","geometry":{"type":"Point","coordinates":[122.8566,44.9871]},"properties":{"name":"Naju","type":"Crater","diameter_km":8.0291204,"link":"https://planetarynames.wr.usgs.gov/Feature/4116"}},{"type":"Feature","geometry":{"type":"Point","coordinates":[-127.7283,10.0188]},"properties":{"name":"Gigas Sulci","type":"Sulcus","diameter_km":418.56281,"link":"https://planetarynames.wr.usgs.gov/Feature/2158"}},{"type":"Feature","geometry":{"type":"Point","coordinates":[-19.9376,-26.6891]},"properties":{"name":"Nan","type":"Crater","diameter_km":2.28649,"link":"https://planetarynames.wr.usgs.gov/Feature/4133"}},{"type":"Feature","geometry":{"type":"Point","coordinates":[-140.4219,-49.9182]},"properties":{"name":"Nansen","type":"Crater","diameter_km":74.626991,"link":"https://planetarynames.wr.usgs.gov/Feature/4143"}},{"type":"Feature","geometry":{"type":"Point","coordinates":[-127.6,14.8317]},"properties":{"name":"Gordii Fossae","type":"Fossa","diameter_km":369.0,"link":"https://planetarynames.wr.usgs.gov/Feature/2223"}},{"type":"Feature","geometry":{"type":"Point","coordinates":[36.8634,-66.8798]},"properties":{"name":"Pityusa Patera","type":"Patera","diameter_km":196.50578,"link":"https://planetarynames.wr.usgs.gov/Feature/4742"}},{"type":"Feature","geometry":{"type":"Point","coordinates":[-49.2622,22.0752]},"properties":{"name":"New Haven","type":"Crater","diameter_km":1.51489,"link":"https://planetarynames.wr.usgs.gov/Feature/4230"}},{"type":"Feature","geometry":{"type":"Point","coordinates":[-32.8414,-27.5053]},"properties":{"name":"Nardo","type":"Crater","diameter_km":25.104601,"link":"https://planetarynames.wr.usgs.gov/Feature/4153"}},{"type":"Feature","geometry":{"type":"Point","coordinates":[-30.5759,21.2545]},"properties":{"name":"Naukan","type":"Crater","diameter_km":7.4654198,"link":"https://planetarynames.wr.usgs.gov/Feature/4164"}},{"type":"Feature","geometry":{"type":"Point","coordinates":[-126.0448,27.3461]},"properties":{"name":"Halex Fossae","type":"Fossa","diameter_km":147.24525,"link":"https://planetarynames.wr.usgs.gov/Feature/2323"}},{"type":"Feature","geometry":{"type":"Point","coordinates":[-23.5029,-25.8859]},"properties":{"name":"Navan","type":"Crater","diameter_km":24.8643,"link":"https://planetarynames.wr.usgs.gov/Feature/4169"}},{"type":"Feature","geometry":{"type":"Point","coordinates":[93.671,-31.6268]},"properties":{"name":"Nazca","type":"Crater","diameter_km":15.0144,"link":"https://planetarynames.wr.usgs.gov/Feature/4173"}},{"type":"Feature","geometry":{"type":"Point","coordinates":[-117.4146,18.204]},"properties":{"name":"Jovis Tholus","type":"Tholus","diameter_km":58.07085,"link":"https://planetarynames.wr.usgs.gov/Feature/2850"}},{"type":"Feature","geometry":{"type":"Point","coordinates":[95.9969,-35.7998]},"properties":{"name":"Negele","type":"Crater","diameter_km":36.927422,"link":"https://planetarynames.wr.usgs.gov/Feature/4192"}},{"type":"Feature","geometry":{"type":"Point","coordinates":[107.0739,23.1826]},"properties":{"name":"Neive","type":"Crater","diameter_km":2.7871201,"link":"https://planetarynames.wr.usgs.gov/Feature/4199"}},{"type":"Feature","geometry":{"type":"Point","coordinates":[-133.8025,18.6528]},"properties":{"name":"Olympus Mons","type":"Mons","diameter_km":610.13,"link":"https://planetarynames.wr.usgs.gov/Feature/4453"}},{"type":"Feature","geometry":{"type":"Point","coordinates":[-52.1278,20.6954]},"properties":{"name":"Nema","type":"Crater","diameter_km":14.5425,"link":"https://planetarynames.wr.usgs.gov/Feature/4202"}},{"type":"Feature","geometry":{"type":"Point","coordinates":[-19.6656,-24.9736]},"properties":{"name":"Nepa","type":"Crater","diameter_km":16.157,"link":"https://planetarynames.wr.usgs.gov/Feature/4205"}},{"type":"Feature","geometry":{"type":"Point","coordinates":[68.7657,6.9812]},"properties":{"name":"Meroe Patera","type":"Patera","diameter_km":52.596771,"link":"https://planetarynames.wr.usgs.gov/Feature/3859"}},{"type":"Feature","geometry":{"type":"Point","coordinates":[-34.0431,35.8995]},"properties":{"name":"Xanthe Dorsa","type":"Dorsum","diameter_km":0.0,"link":"https://planetarynames.wr.usgs.gov/Feature/6597"}},{"type":"Feature","geometry":{"type":"Point","coordinates":[175.8688,-15.7766]},"properties":{"name":"New Plymouth","type":"Crater","diameter_km":31.5389,"link":"https://planetarynames.wr.usgs.gov/Feature/4231"}},{"type":"Feature","geometry":{"type":"Point","coordinates":[-36.5616,-51.0535]},"properties":{"name":"Horarum Mons","type":"Mons","diameter_km":20.50345,"link":"https://planetarynames.wr.usgs.gov/Feature/2553"}},{"type":"Feature","geometry":{"type":"Point","coordinates":[-26.929,3.0875]},"properties":{"name":"Hydaspis Chaos","type":"Chaos","diameter_km":336.04138,"link":"https://planetarynames.wr.usgs.gov/Feature/2603"}},{"type":"Feature","geometry":{"type":"Point","coordinates":[-48.9574,22.238]},"properties":{"name":"Newport","type":"Crater","diameter_km":1.97259,"link":"https://planetarynames.wr.usgs.gov/Feature/4234"}},{"type":"Feature","geometry":{"type":"Point","coordinates":[-86.4913,38.7372]},"properties":{"name":"Tanais Fossae","type":"Fossa","diameter_km":172.94775,"link":"https://planetarynames.wr.usgs.gov/Feature/5851"}},{"type":"Feature","geometry":{"type":"Point","coordinates":[-164.4305,0.2111]},"properties":{"name":"Nicholson","type":"Crater","diameter_km":102.45141,"link":"https://planetarynames.wr.usgs.gov/Feature/4249"}},{"type":"Feature","geometry":{"type":"Point","coordinates":[-158.0288,-40.502]},"properties":{"name":"Newton","type":"Crater","diameter_km":299.93536,"link":"https://planetarynames.wr.usgs.gov/Feature/4236"}},{"type":"Feature","geometry":{"type":"Point","coordinates":[-103.3306,-28.6786]},"properties":{"name":"Nhill","type":"Crater","diameter_km":23.703739,"link":"https://planetarynames.wr.usgs.gov/Feature/4242"}},{"type":"Feature","geometry":{"type":"Point","coordinates":[101.1155,-16.1817]},"properties":{"name":"Tyrrhenus Labyrinthus","type":"Labyrinthus","diameter_km":102.67686,"link":"https://planetarynames.wr.usgs.gov/Feature/7024"}},{"type":"Feature","geometry":{"type":"Point","coordinates":[106.109,42.7876]},"properties":{"name":"Nier","type":"Crater","diameter_km":46.298599,"link":"https://planetarynames.wr.usgs.gov/Feature/4258"}},{"type":"Feature","geometry":{"type":"Point","coordinates":[-112.9624,1.4801]},"properties":{"name":"Pavonis Mons","type":"Mons","diameter_km":366.52951,"link":"https://planetarynames.wr.usgs.gov/Feature/4620"}},{"type":"Feature","geometry":{"type":"Point","coordinates":[57.7455,-27.9996]},"properties":{"name":"Niesten","type":"Crater","diameter_km":114.807,"link":"https://planetarynames.wr.usgs.gov/Feature/4259"}},{"type":"Feature","geometry":{"type":"Point","coordinates":[-56.235,19.9058]},"properties":{"name":"Nif","type":"Crater","diameter_km":8.4839096,"link":"https://planetarynames.wr.usgs.gov/Feature/4260"}},{"type":"Feature","geometry":{"type":"Point","coordinates":[-117.3686,4.0135]},"properties":{"name":"Pavonis Sulci","type":"Sulcus","diameter_km":425.80225,"link":"https://planetarynames.wr.usgs.gov/Feature/4621"}},{"type":"Feature","geometry":{"type":"Point","coordinates":[-81.8414,33.759]},"properties":{"name":"Nipigon","type":"Crater","diameter_km":8.8901901,"link":"https://planetarynames.wr.usgs.gov/Feature/4305"}},{"type":"Feature","geometry":{"type":"Point","coordinates":[-24.0044,-21.2624]},"properties":{"name":"Nitro","type":"Crater","diameter_km":29.339001,"link":"https://planetarynames.wr.usgs.gov/Feature/4313"}},{"type":"Feature","geometry":{"type":"Point","coordinates":[-117.0895,-9.6303]},"properties":{"name":"Oti Fossae","type":"Fossa","diameter_km":373.58765,"link":"https://planetarynames.wr.usgs.gov/Feature/4523"}},{"type":"Feature","geometry":{"type":"Point","coordinates":[88.2121,12.9239]},"properties":{"name":"Isidis Dorsa","type":"Dorsum","diameter_km":1074.6984,"link":"https://planetarynames.wr.usgs.gov/Feature/2734"}},{"type":"Feature","geometry":{"type":"Point","coordinates":[-25.3424,46.6938]},"properties":{"name":"Acidalia Mensa","type":"Mensa","diameter_km":226.86055,"link":"https://planetarynames.wr.usgs.gov/Feature/37"}},{"type":"Feature","geometry":{"type":"Point","coordinates":[85.1086,-35.2498]},"properties":{"name":"Njesko","type":"Crater","diameter_km":27.768721,"link":"https://planetarynames.wr.usgs.gov/Feature/4316"}},{"type":"Feature","geometry":{"type":"Point","coordinates":[-24.3056,-25.4284]},"properties":{"name":"Noma","type":"Crater","diameter_km":40.492161,"link":"https://planetarynames.wr.usgs.gov/Feature/4327"}},{"type":"Feature","geometry":{"type":"Point","coordinates":[-5.1567,-50.4072]},"properties":{"name":"Noachis Terra","type":"Terra","diameter_km":5519.4453,"link":"https://planetarynames.wr.usgs.gov/Feature/4319"}},{"type":"Feature","geometry":{"type":"Point","coordinates":[-158.7592,-52.3664]},"properties":{"name":"Nordenskiold","type":"Crater","diameter_km":85.600098,"link":"https://planetarynames.wr.usgs.gov/Feature/4332"}},{"type":"Feature","geometry":{"type":"Point","coordinates":[-54.478,18.5235]},"properties":{"name":"Northport","type":"Crater","diameter_km":18.441999,"link":"https://planetarynames.wr.usgs.gov/Feature/4343"}},{"type":"Feature","geometry":{"type":"Point","coordinates":[-42.2169,11.874]},"properties":{"name":"Xanthe Chaos","type":"Chaos","diameter_km":34.36623,"link":"https://planetarynames.wr.usgs.gov/Feature/14161"}},{"type":"Feature","geometry":{"type":"Point","coordinates":[-38.7599,17.5501]},"properties":{"name":"Nune","type":"Crater","diameter_km":8.4703102,"link":"https://planetarynames.wr.usgs.gov/Feature/4357"}},{"type":"Feature","geometry":{"type":"Point","coordinates":[-30.2562,17.4146]},"properties":{"name":"Nutak","type":"Crater","diameter_km":11.26421,"link":"https://planetarynames.wr.usgs.gov/Feature/4365"}},{"type":"Feature","geometry":{"type":"Point","coordinates":[113.792,14.0097]},"properties":{"name":"Nepenthes Planum","type":"Planum","diameter_km":1650.1404,"link":"https://planetarynames.wr.usgs.gov/Feature/14572"}},{"type":"Feature","geometry":{"type":"Point","coordinates":[150.4661,18.867]},"properties":{"name":"Albor Tholus","type":"Tholus","diameter_km":158.3759,"link":"https://planetarynames.wr.usgs.gov/Feature/166"}},{"type":"Feature","geometry":{"type":"Point","coordinates":[138.304,32.665]},"properties":{"name":"Ocampo","type":"Crater","diameter_km":7.1605501,"link":"https://planetarynames.wr.usgs.gov/Feature/4392"}},{"type":"Feature","geometry":{"type":"Point","coordinates":[-31.8599,-42.1145]},"properties":{"name":"Ochakov","type":"Crater","diameter_km":31.049761,"link":"https://planetarynames.wr.usgs.gov/Feature/4396"}},{"type":"Feature","geometry":{"type":"Point","coordinates":[-143.7094,-2.1507]},"properties":{"name":"Amazonis Sulci","type":"Sulcus","diameter_km":250.59178,"link":"https://planetarynames.wr.usgs.gov/Feature/221"}},{"type":"Feature","geometry":{"type":"Point","coordinates":[-38.1126,-3.1073]},"properties":{"name":"Oglala","type":"Crater","diameter_km":17.5868,"link":"https://planetarynames.wr.usgs.gov/Feature/4413"}},{"type":"Feature","geometry":{"type":"Point","coordinates":[-47.3328,22.9656]},"properties":{"name":"Okhotsk","type":"Crater","diameter_km":1.66949,"link":"https://planetarynames.wr.usgs.gov/Feature/4426"}},{"type":"Feature","geometry":{"type":"Point","coordinates":[-37.1896,9.8646]},"properties":{"name":"Chryse Chaos","type":"Chaos","diameter_km":658.88721,"link":"https://planetarynames.wr.usgs.gov/Feature/14386"}},{"type":"Feature","geometry":{"type":"Point","coordinates":[84.4111,-21.2069]},"properties":{"name":"Okotoks","type":"Crater","diameter_km":21.783199,"link":"https://planetarynames.wr.usgs.gov/Feature/4428"}},{"type":"Feature","geometry":{"type":"Point","coordinates":[-54.2157,19.8749]},"properties":{"name":"Olenek","type":"Crater","diameter_km":3.0632999,"link":"https://planetarynames.wr.usgs.gov/Feature/4436"}},{"type":"Feature","geometry":{"type":"Point","coordinates":[-38.0075,19.0867]},"properties":{"name":"Simud Valles","type":"Vallis","diameter_km":987.99158,"link":"https://planetarynames.wr.usgs.gov/Feature/5544"}},{"type":"Feature","geometry":{"type":"Point","coordinates":[-57.6595,22.9627]},"properties":{"name":"Olom","type":"Crater","diameter_km":5.8882499,"link":"https://planetarynames.wr.usgs.gov/Feature/4444"}},{"type":"Feature","geometry":{"type":"Point","coordinates":[104.0232,20.5999]},"properties":{"name":"Ome","type":"Crater","diameter_km":2.85287,"link":"https://planetarynames.wr.usgs.gov/Feature/4458"}},{"type":"Feature","geometry":{"type":"Point","coordinates":[51.3035,2.7188]},"properties":{"name":"Terra Sabaea","type":"Terra","diameter_km":4688.4385,"link":"https://planetarynames.wr.usgs.gov/Feature/5931"}},{"type":"Feature","geometry":{"type":"Point","coordinates":[50.3724,14.0451]},"properties":{"name":"Cusus Valles","type":"Vallis","diameter_km":250.24068,"link":"https://planetarynames.wr.usgs.gov/Feature/1355"}},{"type":"Feature","geometry":{"type":"Point","coordinates":[102.4757,16.134]},"properties":{"name":"Onon","type":"Crater","diameter_km":3.4175799,"link":"https://planetarynames.wr.usgs.gov/Feature/4469"}},{"type":"Feature","geometry":{"type":"Point","coordinates":[-34.174,-52.4281]},"properties":{"name":"Oodnadatta","type":"Crater","diameter_km":25.439301,"link":"https://planetarynames.wr.usgs.gov/Feature/4470"}},{"type":"Feature","geometry":{"type":"Point","coordinates":[-42.421,-12.0703]},"properties":{"name":"Daga Vallis","type":"Vallis","diameter_km":49.85656,"link":"https://planetarynames.wr.usgs.gov/Feature/14154"}},{"type":"Feature","geometry":{"type":"Point","coordinates":[88.3772,13.9357]},"properties":{"name":"Isidis Planitia","type":"Planitia","diameter_km":1224.5798,"link":"https://planetarynames.wr.usgs.gov/Feature/2735"}},{"type":"Feature","geometry":{"type":"Point","coordinates":[-32.344,17.2165]},"properties":{"name":"Oraibi","type":"Crater","diameter_km":32.3741,"link":"https://planetarynames.wr.usgs.gov/Feature/4483"}},{"type":"Feature","geometry":{"type":"Point","coordinates":[-33.9303,16.7803]},"properties":{"name":"Ore","type":"Crater","diameter_km":7.14884,"link":"https://planetarynames.wr.usgs.gov/Feature/4486"}},{"type":"Feature","geometry":{"type":"Point","coordinates":[-71.6499,76.8291]},"properties":{"name":"Abalos Colles","type":"Collis","diameter_km":235.82761,"link":"https://planetarynames.wr.usgs.gov/Feature/4"}},{"type":"Feature","geometry":{"type":"Point","coordinates":[124.2679,37.5382]},"properties":{"name":"Tinjar Valles","type":"Vallis","diameter_km":400.58453,"link":"https://planetarynames.wr.usgs.gov/Feature/6019"}},{"type":"Feature","geometry":{"type":"Point","coordinates":[126.981,45.3682]},"properties":{"name":"Orinda","type":"Crater","diameter_km":9.0290203,"link":"https://planetarynames.wr.usgs.gov/Feature/4491"}},{"type":"Feature","geometry":{"type":"Point","coordinates":[-45.9003,-0.1902]},"properties":{"name":"Orson Welles","type":"Crater","diameter_km":115.992,"link":"https://planetarynames.wr.usgs.gov/Feature/4499"}},{"type":"Feature","geometry":{"type":"Point","coordinates":[-49.6973,79.9145]},"properties":{"name":"Hyperborei Cavi","type":"Cavus","diameter_km":92.80925,"link":"https://planetarynames.wr.usgs.gov/Feature/2612"}},{"type":"Feature","geometry":{"type":"Point","coordinates":[-102.7917,26.9991]},"properties":{"name":"Tractus Catena","type":"Catena","diameter_km":910.57172,"link":"https://planetarynames.wr.usgs.gov/Feature/6074"}},{"type":"Feature","geometry":{"type":"Point","coordinates":[-28.108,-26.5463]},"properties":{"name":"Ostrov","type":"Crater","diameter_km":72.976402,"link":"https://planetarynames.wr.usgs.gov/Feature/4513"}},{"type":"Feature","geometry":{"type":"Point","coordinates":[-55.7535,24.5837]},"properties":{"name":"Ottumwa","type":"Crater","diameter_km":51.621262,"link":"https://planetarynames.wr.usgs.gov/Feature/4526"}},{"type":"Feature","geometry":{"type":"Point","coordinates":[-59.7509,80.2838]},"properties":{"name":"Hyperboreus Labyrinthus","type":"Labyrinthus","diameter_km":111.97221,"link":"https://planetarynames.wr.usgs.gov/Feature/2614"}},{"type":"Feature","geometry":{"type":"Point","coordinates":[-91.771,-9.8446]},"properties":{"name":"Oudemans","type":"Crater","diameter_km":124.159,"link":"https://planetarynames.wr.usgs.gov/Feature/4528"}},{"type":"Feature","geometry":{"type":"Point","coordinates":[-23.0821,-26.8971]},"properties":{"name":"Pabo","type":"Crater","diameter_km":9.18118,"link":"https://planetarynames.wr.usgs.gov/Feature/4542"}},{"type":"Feature","geometry":{"type":"Point","coordinates":[150.2443,32.1195]},"properties":{"name":"Hecates Tholus","type":"Tholus","diameter_km":181.57188,"link":"https://planetarynames.wr.usgs.gov/Feature/2407"}},{"type":"Feature","geometry":{"type":"Point","coordinates":[-42.0448,-7.6642]},"properties":{"name":"Paks","type":"Crater","diameter_km":6.90412,"link":"https://planetarynames.wr.usgs.gov/Feature/4551"}},{"type":"Feature","geometry":{"type":"Point","coordinates":[102.0236,21.0371]},"properties":{"name":"Palana","type":"Crater","diameter_km":4.5263901,"link":"https://planetarynames.wr.usgs.gov/Feature/4552"}},{"type":"Feature","geometry":{"type":"Point","coordinates":[110.8982,-2.6896]},"properties":{"name":"Palos","type":"Crater","diameter_km":54.815102,"link":"https://planetarynames.wr.usgs.gov/Feature/4564"}},{"type":"Feature","geometry":{"type":"Point","coordinates":[-98.1314,21.9851]},"properties":{"name":"Paros","type":"Crater","diameter_km":34.609299,"link":"https://planetarynames.wr.usgs.gov/Feature/4592"}},{"type":"Feature","geometry":{"type":"Point","coordinates":[-62.0873,-15.0039]},"properties":{"name":"Coprates Catena","type":"Catena","diameter_km":302.0582,"link":"https://planetarynames.wr.usgs.gov/Feature/1301"}},{"type":"Feature","geometry":{"type":"Point","coordinates":[24.6181,19.3091]},"properties":{"name":"Pasteur","type":"Crater","diameter_km":116.149,"link":"https://planetarynames.wr.usgs.gov/Feature/4605"}},{"type":"Feature","geometry":{"type":"Point","coordinates":[-47.5999,20.3267]},"properties":{"name":"Peixe","type":"Crater","diameter_km":9.3528099,"link":"https://planetarynames.wr.usgs.gov/Feature/4635"}},{"type":"Feature","geometry":{"type":"Point","coordinates":[-53.5382,80.318]},"properties":{"name":"Hyperborea Lingula","type":"Lingula","diameter_km":124.79977,"link":"https://planetarynames.wr.usgs.gov/Feature/14155"}},{"type":"Feature","geometry":{"type":"Point","coordinates":[83.9134,25.5101]},"properties":{"name":"Peridier","type":"Crater","diameter_km":94.2108,"link":"https://planetarynames.wr.usgs.gov/Feature/4659"}},{"type":"Feature","geometry":{"type":"Point","coordinates":[-77.9375,-2.8219]},"properties":{"name":"Perrotin","type":"Crater","diameter_km":82.823273,"link":"https://planetarynames.wr.usgs.gov/Feature/4663"}},{"type":"Feature","geometry":{"type":"Point","coordinates":[-120.0925,-8.2571]},"properties":{"name":"Arsia Mons","type":"Mons","diameter_km":470.0,"link":"https://planetarynames.wr.usgs.gov/Feature/394"}},{"type":"Feature","geometry":{"type":"Point","coordinates":[-9.09659999999997,-21.2588]},"properties":{"name":"Peta","type":"Crater","diameter_km":75.748398,"link":"https://planetarynames.wr.usgs.gov/Feature/4667"}},{"type":"Feature","geometry":{"type":"Point","coordinates":[-173.8663,12.2524]},"properties":{"name":"Pettit","type":"Crater","diameter_km":92.491096,"link":"https://planetarynames.wr.usgs.gov/Feature/4677"}},{"type":"Feature","geometry":{"type":"Point","coordinates":[171.0221,-1.734]},"properties":{"name":"Avernus Colles","type":"Collis","diameter_km":238.69585,"link":"https://planetarynames.wr.usgs.gov/Feature/504"}},{"type":"Feature","geometry":{"type":"Point","coordinates":[-47.985,21.7599]},"properties":{"name":"Philadelphia","type":"Crater","diameter_km":1.6452301,"link":"https://planetarynames.wr.usgs.gov/Feature/4687"}},{"type":"Feature","geometry":{"type":"Point","coordinates":[-44.891,-66.3351]},"properties":{"name":"Phillips","type":"Crater","diameter_km":185.453,"link":"https://planetarynames.wr.usgs.gov/Feature/4690"}},{"type":"Feature","geometry":{"type":"Point","coordinates":[-50.346,73.0556]},"properties":{"name":"Aspledon Undae","type":"Unda","diameter_km":215.20496,"link":"https://planetarynames.wr.usgs.gov/Feature/14279"}},{"type":"Feature","geometry":{"type":"Point","coordinates":[102.7864,15.5275]},"properties":{"name":"Phon","type":"Crater","diameter_km":10.0235,"link":"https://planetarynames.wr.usgs.gov/Feature/4709"}},{"type":"Feature","geometry":{"type":"Point","coordinates":[-53.234,19.8155]},"properties":{"name":"Pica","type":"Crater","diameter_km":2.40453,"link":"https://planetarynames.wr.usgs.gov/Feature/4719"}},{"type":"Feature","geometry":{"type":"Point","coordinates":[-150.3482,77.553]},"properties":{"name":"Scandia Cavi","type":"Cavus","diameter_km":663.79529,"link":"https://planetarynames.wr.usgs.gov/Feature/5355"}},{"type":"Feature","geometry":{"type":"Point","coordinates":[-132.6147,-33.4786]},"properties":{"name":"Pickering","type":"Crater","diameter_km":115.197,"link":"https://planetarynames.wr.usgs.gov/Feature/4723"}},{"type":"Feature","geometry":{"type":"Point","coordinates":[111.7415,18.3669]},"properties":{"name":"Pina","type":"Crater","diameter_km":5.0515399,"link":"https://planetarynames.wr.usgs.gov/Feature/4731"}},{"type":"Feature","geometry":{"type":"Point","coordinates":[-139.1276,65.467]},"properties":{"name":"Scandia Colles","type":"Collis","diameter_km":1521.6758,"link":"https://planetarynames.wr.usgs.gov/Feature/5356"}},{"type":"Feature","geometry":{"type":"Point","coordinates":[-36.7558,-2.9183]},"properties":{"name":"Pinglo","type":"Crater","diameter_km":15.89968,"link":"https://planetarynames.wr.usgs.gov/Feature/4734"}},{"type":"Feature","geometry":{"type":"Point","coordinates":[106.629,-22.8764]},"properties":{"name":"Piyi","type":"Crater","diameter_km":11.6272,"link":"https://planetarynames.wr.usgs.gov/Feature/4745"}},{"type":"Feature","geometry":{"type":"Point","coordinates":[-158.7197,73.9139]},"properties":{"name":"Scandia Tholi","type":"Tholus","diameter_km":398.26852,"link":"https://planetarynames.wr.usgs.gov/Feature/5357"}},{"type":"Feature","geometry":{"type":"Point","coordinates":[-87.9587,35.5584]},"properties":{"name":"W  Mareotis Tholus","type":"Tholus","diameter_km":13.19076,"link":"https://planetarynames.wr.usgs.gov/Feature/6467"}},{"type":"Feature","geometry":{"type":"Point","coordinates":[113.1752,16.031]},"properties":{"name":"Platte","type":"Crater","diameter_km":3.4211299,"link":"https://planetarynames.wr.usgs.gov/Feature/4758"}},{"type":"Feature","geometry":{"type":"Point","coordinates":[-125.7801,-77.913]},"properties":{"name":"Playfair","type":"Crater","diameter_km":62.213699,"link":"https://planetarynames.wr.usgs.gov/Feature/4760"}},{"type":"Feature","geometry":{"type":"Point","coordinates":[-19.0748,-26.0653]},"properties":{"name":"Plum","type":"Crater","diameter_km":2.7579601,"link":"https://planetarynames.wr.usgs.gov/Feature/4764"}},{"type":"Feature","geometry":{"type":"Point","coordinates":[-43.14,-44.1089]},"properties":{"name":"Podor","type":"Crater","diameter_km":25.078199,"link":"https://planetarynames.wr.usgs.gov/Feature/4773"}},{"type":"Feature","geometry":{"type":"Point","coordinates":[147.7458,-32.6795]},"properties":{"name":"Terra Cimmeria","type":"Terra","diameter_km":5855.8726,"link":"https://planetarynames.wr.usgs.gov/Feature/5930"}},{"type":"Feature","geometry":{"type":"Point","coordinates":[25.2565,-7.79]},"properties":{"name":"Pollack","type":"Crater","diameter_km":96.346298,"link":"https://planetarynames.wr.usgs.gov/Feature/4782"}},{"type":"Feature","geometry":{"type":"Point","coordinates":[-26.3352,-19.89]},"properties":{"name":"Polotsk","type":"Crater","diameter_km":30.115801,"link":"https://planetarynames.wr.usgs.gov/Feature/4784"}},{"type":"Feature","geometry":{"type":"Point","coordinates":[119.9751,78.0016]},"properties":{"name":"Olympia Mensae","type":"Mensa","diameter_km":335.41675,"link":"https://planetarynames.wr.usgs.gov/Feature/14158"}},{"type":"Feature","geometry":{"type":"Point","coordinates":[-59.1008,18.9824]},"properties":{"name":"Pompeii","type":"Crater","diameter_km":31.131399,"link":"https://planetarynames.wr.usgs.gov/Feature/4792"}},{"type":"Feature","geometry":{"type":"Point","coordinates":[-52.3167,23.7578]},"properties":{"name":"Poona","type":"Crater","diameter_km":19.866501,"link":"https://planetarynames.wr.usgs.gov/Feature/4799"}},{"type":"Feature","geometry":{"type":"Point","coordinates":[-92.9591,81.1273]},"properties":{"name":"Tenuis Mensa","type":"Mensa","diameter_km":120.91915,"link":"https://planetarynames.wr.usgs.gov/Feature/14160"}},{"type":"Feature","geometry":{"type":"Point","coordinates":[-113.759,-50.3619]},"properties":{"name":"Porter","type":"Crater","diameter_km":103.989,"link":"https://planetarynames.wr.usgs.gov/Feature/4804"}},{"type":"Feature","geometry":{"type":"Point","coordinates":[104.2118,21.1915]},"properties":{"name":"Porth","type":"Crater","diameter_km":9.5192299,"link":"https://planetarynames.wr.usgs.gov/Feature/4805"}},{"type":"Feature","geometry":{"type":"Point","coordinates":[97.0044,-64.3701]},"properties":{"name":"Promethei Terra","type":"Terra","diameter_km":3244.2959,"link":"https://planetarynames.wr.usgs.gov/Feature/4835"}},{"type":"Feature","geometry":{"type":"Point","coordinates":[-40.8108,-43.3019]},"properties":{"name":"Porvoo","type":"Crater","diameter_km":9.8530903,"link":"https://planetarynames.wr.usgs.gov/Feature/4807"}},{"type":"Feature","geometry":{"type":"Point","coordinates":[86.561,-36.3107]},"properties":{"name":"Poti","type":"Crater","diameter_km":30.5515,"link":"https://planetarynames.wr.usgs.gov/Feature/4811"}},{"type":"Feature","geometry":{"type":"Point","coordinates":[-135.0238,38.2742]},"properties":{"name":"Acheron Fossae","type":"Fossa","diameter_km":703.11096,"link":"https://planetarynames.wr.usgs.gov/Feature/35"}},{"type":"Feature","geometry":{"type":"Point","coordinates":[-112.754,8.423]},"properties":{"name":"Poynting","type":"Crater","diameter_km":69.698303,"link":"https://planetarynames.wr.usgs.gov/Feature/4816"}},{"type":"Feature","geometry":{"type":"Point","coordinates":[130.6985,-54.1236]},"properties":{"name":"Priestley","type":"Crater","diameter_km":42.26255,"link":"https://planetarynames.wr.usgs.gov/Feature/4823"}},{"type":"Feature","geometry":{"type":"Point","coordinates":[-137.5601,55.8961]},"properties":{"name":"Arcadia Dorsa","type":"Dorsum","diameter_km":1952.6526,"link":"https://planetarynames.wr.usgs.gov/Feature/347"}},{"type":"Feature","geometry":{"type":"Point","coordinates":[-49.1077,21.6936]},"properties":{"name":"Princeton","type":"Crater","diameter_km":2.1605899,"link":"https://planetarynames.wr.usgs.gov/Feature/4824"}},{"type":"Feature","geometry":{"type":"Point","coordinates":[29.7223,-47.6349]},"properties":{"name":"Proctor","type":"Crater","diameter_km":172.55846,"link":"https://planetarynames.wr.usgs.gov/Feature/4829"}},{"type":"Feature","geometry":{"type":"Point","coordinates":[-76.1231,44.3428]},"properties":{"name":"Mareotis Fossae","type":"Fossa","diameter_km":1907.9448,"link":"https://planetarynames.wr.usgs.gov/Feature/3695"}},{"type":"Feature","geometry":{"type":"Point","coordinates":[-144.1422,4.1069]},"properties":{"name":"Gordii Dorsum","type":"Dorsum","diameter_km":481.56091,"link":"https://planetarynames.wr.usgs.gov/Feature/2222"}},{"type":"Feature","geometry":{"type":"Point","coordinates":[-157.6013,-45.8762]},"properties":{"name":"Ptolemaeus","type":"Crater","diameter_km":165.18239,"link":"https://planetarynames.wr.usgs.gov/Feature/4861"}},{"type":"Feature","geometry":{"type":"Point","coordinates":[-76.619,-36.4058]},"properties":{"name":"Pulawy","type":"Crater","diameter_km":51.843601,"link":"https://planetarynames.wr.usgs.gov/Feature/4867"}},{"type":"Feature","geometry":{"type":"Point","coordinates":[42.7599,-44.3682]},"properties":{"name":"Hellespontus Montes","type":"Mons","diameter_km":711.45984,"link":"https://planetarynames.wr.usgs.gov/Feature/2435"}},{"type":"Feature","geometry":{"type":"Point","coordinates":[-121.1714,31.2538]},"properties":{"name":"Cyane Fossae","type":"Fossa","diameter_km":913.17188,"link":"https://planetarynames.wr.usgs.gov/Feature/1358"}},{"type":"Feature","geometry":{"type":"Point","coordinates":[-30.0845,16.7903]},"properties":{"name":"Pylos","type":"Crater","diameter_km":18.938,"link":"https://planetarynames.wr.usgs.gov/Feature/4882"}},{"type":"Feature","geometry":{"type":"Point","coordinates":[-41.13,20.62]},"properties":{"name":"Punsk","type":"Crater","diameter_km":11.2411,"link":"https://planetarynames.wr.usgs.gov/Feature/4888"}},{"type":"Feature","geometry":{"type":"Point","coordinates":[-174.9771,35.6613]},"properties":{"name":"Erebus Montes","type":"Mons","diameter_km":811.66711,"link":"https://planetarynames.wr.usgs.gov/Feature/1821"}},{"type":"Feature","geometry":{"type":"Point","coordinates":[103.0881,17.1282]},"properties":{"name":"Qiba","type":"Crater","diameter_km":4.0781999,"link":"https://planetarynames.wr.usgs.gov/Feature/4895"}},{"type":"Feature","geometry":{"type":"Point","coordinates":[136.0611,44.9666]},"properties":{"name":"Rimac","type":"Crater","diameter_km":7.2930002,"link":"https://planetarynames.wr.usgs.gov/Feature/5090"}},{"type":"Feature","geometry":{"type":"Point","coordinates":[40.6717,34.2678]},"properties":{"name":"Quenisset","type":"Crater","diameter_km":136.664,"link":"https://planetarynames.wr.usgs.gov/Feature/4896"}},{"type":"Feature","geometry":{"type":"Point","coordinates":[-95.6842,35.9263]},"properties":{"name":"Tantalus Fluctus","type":"Fluctus","diameter_km":794.34229,"link":"https://planetarynames.wr.usgs.gov/Feature/5859"}},{"type":"Feature","geometry":{"type":"Point","coordinates":[-49.2473,18.1875]},"properties":{"name":"Quick","type":"Crater","diameter_km":13.308,"link":"https://planetarynames.wr.usgs.gov/Feature/4900"}},{"type":"Feature","geometry":{"type":"Point","coordinates":[89.252,-41.8555]},"properties":{"name":"Quines","type":"Crater","diameter_km":10.7481,"link":"https://planetarynames.wr.usgs.gov/Feature/4903"}},{"type":"Feature","geometry":{"type":"Point","coordinates":[-106.8249,49.3945]},"properties":{"name":"Alba Fossae","type":"Fossa","diameter_km":2072.0208,"link":"https://planetarynames.wr.usgs.gov/Feature/158"}},{"type":"Feature","geometry":{"type":"Point","coordinates":[-88.517,39.4728]},"properties":{"name":"Pindus Mons","type":"Mons","diameter_km":16.29549,"link":"https://planetarynames.wr.usgs.gov/Feature/4732"}},{"type":"Feature","geometry":{"type":"Point","coordinates":[-33.6167,-5.5553]},"properties":{"name":"Quorn","type":"Crater","diameter_km":6.3281498,"link":"https://planetarynames.wr.usgs.gov/Feature/4905"}},{"type":"Feature","geometry":{"type":"Point","coordinates":[34.9067,-43.6099]},"properties":{"name":"Rabe","type":"Crater","diameter_km":106.948,"link":"https://planetarynames.wr.usgs.gov/Feature/4909"}},{"type":"Feature","geometry":{"type":"Point","coordinates":[-109.1758,39.5258]},"properties":{"name":"Alba Patera","type":"Patera","diameter_km":65.97522,"link":"https://planetarynames.wr.usgs.gov/Feature/159"}},{"type":"Feature","geometry":{"type":"Point","coordinates":[-43.4155,-7.6681]},"properties":{"name":"Sfax","type":"Crater","diameter_km":6.69837,"link":"https://planetarynames.wr.usgs.gov/Feature/5449"}},{"type":"Feature","geometry":{"type":"Point","coordinates":[-4.70599999999996,16.954]},"properties":{"name":"Radau","type":"Crater","diameter_km":109.959,"link":"https://planetarynames.wr.usgs.gov/Feature/4916"}},{"type":"Feature","geometry":{"type":"Point","coordinates":[-43.3629,-4.5679]},"properties":{"name":"Rakke","type":"Crater","diameter_km":18.4667,"link":"https://planetarynames.wr.usgs.gov/Feature/4933"}},{"type":"Feature","geometry":{"type":"Point","coordinates":[-80.7765,40.5923]},"properties":{"name":"Ascuris Planum","type":"Planum","diameter_km":617.66235,"link":"https://planetarynames.wr.usgs.gov/Feature/419"}},{"type":"Feature","geometry":{"type":"Point","coordinates":[-85.1333,35.9164]},"properties":{"name":"E  Mareotis Tholus","type":"Tholus","diameter_km":4.6027999,"link":"https://planetarynames.wr.usgs.gov/Feature/1700"}},{"type":"Feature","geometry":{"type":"Point","coordinates":[-21.7975,-25.5946]},"properties":{"name":"Rana","type":"Crater","diameter_km":12.3335,"link":"https://planetarynames.wr.usgs.gov/Feature/4942"}},{"type":"Feature","geometry":{"type":"Point","coordinates":[135.1143,42.3802]},"properties":{"name":"Raub","type":"Crater","diameter_km":6.9452901,"link":"https://planetarynames.wr.usgs.gov/Feature/4955"}},{"type":"Feature","geometry":{"type":"Point","coordinates":[-90.8823,41.2143]},"properties":{"name":"Gonnus Mons","type":"Mons","diameter_km":49.38446,"link":"https://planetarynames.wr.usgs.gov/Feature/2219"}},{"type":"Feature","geometry":{"type":"Point","coordinates":[-94.8276,36.0546]},"properties":{"name":"Issedon Tholus","type":"Tholus","diameter_km":54.532661,"link":"https://planetarynames.wr.usgs.gov/Feature/2746"}},{"type":"Feature","geometry":{"type":"Point","coordinates":[-58.1343,21.5599]},"properties":{"name":"Rauch","type":"Crater","diameter_km":32.8955,"link":"https://planetarynames.wr.usgs.gov/Feature/4956"}},{"type":"Feature","geometry":{"type":"Point","coordinates":[102.4342,-18.4537]},"properties":{"name":"Rayadurg","type":"Crater","diameter_km":21.3771,"link":"https://planetarynames.wr.usgs.gov/Feature/4964"}},{"type":"Feature","geometry":{"type":"Point","coordinates":[-110.1746,46.1235]},"properties":{"name":"Ravius Valles","type":"Vallis","diameter_km":388.18494,"link":"https://planetarynames.wr.usgs.gov/Feature/4963"}},{"type":"Feature","geometry":{"type":"Point","coordinates":[92.7995,-60.3279]},"properties":{"name":"Redi","type":"Crater","diameter_km":60.3092,"link":"https://planetarynames.wr.usgs.gov/Feature/4975"}},{"type":"Feature","geometry":{"type":"Point","coordinates":[62.6797,42.0442]},"properties":{"name":"Renaudot","type":"Crater","diameter_km":63.744499,"link":"https://planetarynames.wr.usgs.gov/Feature/4992"}},{"type":"Feature","geometry":{"type":"Point","coordinates":[-90.8307,39.5495]},"properties":{"name":"Tanaica Montes","type":"Mons","diameter_km":178.54756,"link":"https://planetarynames.wr.usgs.gov/Feature/5849"}},{"type":"Feature","geometry":{"type":"Point","coordinates":[-43.629,-43.4521]},"properties":{"name":"Rengo","type":"Crater","diameter_km":13.6976,"link":"https://planetarynames.wr.usgs.gov/Feature/4994"}},{"type":"Feature","geometry":{"type":"Point","coordinates":[166.9287,-9.6306]},"properties":{"name":"Reuyl","type":"Crater","diameter_km":84.269836,"link":"https://planetarynames.wr.usgs.gov/Feature/5007"}},{"type":"Feature","geometry":{"type":"Point","coordinates":[-39.8676,0.2205]},"properties":{"name":"Oxia Chaos","type":"Chaos","diameter_km":24.116911,"link":"https://planetarynames.wr.usgs.gov/Feature/4533"}},{"type":"Feature","geometry":{"type":"Point","coordinates":[-28.4982,-24.2791]},"properties":{"name":"Revda","type":"Crater","diameter_km":26.6012,"link":"https://planetarynames.wr.usgs.gov/Feature/5008"}},{"type":"Feature","geometry":{"type":"Point","coordinates":[-86.1434,40.4816]},"properties":{"name":"Reykholt","type":"Crater","diameter_km":52.1702,"link":"https://planetarynames.wr.usgs.gov/Feature/5009"}},{"type":"Feature","geometry":{"type":"Point","coordinates":[-96.087,49.8345]},"properties":{"name":"Tantalus Fossae","type":"Fossa","diameter_km":2361.8625,"link":"https://planetarynames.wr.usgs.gov/Feature/5860"}},{"type":"Feature","geometry":{"type":"Point","coordinates":[-157.5927,-74.9872]},"properties":{"name":"Reynolds","type":"Crater","diameter_km":90.688904,"link":"https://planetarynames.wr.usgs.gov/Feature/5010"}},{"type":"Feature","geometry":{"type":"Point","coordinates":[-29.1554,16.4874]},"properties":{"name":"Ribe","type":"Crater","diameter_km":11.137,"link":"https://planetarynames.wr.usgs.gov/Feature/5021"}},{"type":"Feature","geometry":{"type":"Point","coordinates":[-82.5647,33.7499]},"properties":{"name":"Tempe Colles","type":"Collis","diameter_km":34.487659,"link":"https://planetarynames.wr.usgs.gov/Feature/5913"}},{"type":"Feature","geometry":{"type":"Point","coordinates":[60.8676,-58.6962]},"properties":{"name":"Amphitrites Patera","type":"Patera","diameter_km":129.7963,"link":"https://planetarynames.wr.usgs.gov/Feature/242"}},{"type":"Feature","geometry":{"type":"Point","coordinates":[-43.0064,-7.9953]},"properties":{"name":"Rincon","type":"Crater","diameter_km":13.3596,"link":"https://planetarynames.wr.usgs.gov/Feature/5150"}},{"type":"Feature","geometry":{"type":"Point","coordinates":[-71.4002,40.4186]},"properties":{"name":"Tempe Fossae","type":"Fossa","diameter_km":2116.2397,"link":"https://planetarynames.wr.usgs.gov/Feature/5914"}},{"type":"Feature","geometry":{"type":"Point","coordinates":[-18.1685,-25.3953]},"properties":{"name":"Romny","type":"Crater","diameter_km":5.3906398,"link":"https://planetarynames.wr.usgs.gov/Feature/5178"}},{"type":"Feature","geometry":{"type":"Point","coordinates":[-50.9898,-28.4228]},"properties":{"name":"Ritchey","type":"Crater","diameter_km":77.2314,"link":"https://planetarynames.wr.usgs.gov/Feature/5156"}},{"type":"Feature","geometry":{"type":"Point","coordinates":[-4.42529999999999,-49.375]},"properties":{"name":"Roddenberry","type":"Crater","diameter_km":139.14923,"link":"https://planetarynames.wr.usgs.gov/Feature/5168"}},{"type":"Feature","geometry":{"type":"Point","coordinates":[-156.3978,4.7921]},"properties":{"name":"Eumenides Dorsum","type":"Dorsum","diameter_km":569.26031,"link":"https://planetarynames.wr.usgs.gov/Feature/1868"}},{"type":"Feature","geometry":{"type":"Point","coordinates":[-45.3489,22.4566]},"properties":{"name":"Rong","type":"Crater","diameter_km":8.9157495,"link":"https://planetarynames.wr.usgs.gov/Feature/5182"}},{"type":"Feature","geometry":{"type":"Point","coordinates":[-110.7094,41.082]},"properties":{"name":"Alba Mons","type":"Mons","diameter_km":548.02307,"link":"https://planetarynames.wr.usgs.gov/Feature/14306"}},{"type":"Feature","geometry":{"type":"Point","coordinates":[-23.0886,50.336]},"properties":{"name":"Acidalia Colles","type":"Collis","diameter_km":356.30338,"link":"https://planetarynames.wr.usgs.gov/Feature/36"}},{"type":"Feature","geometry":{"type":"Point","coordinates":[-55.4369,26.3308]},"properties":{"name":"Rongxar","type":"Crater","diameter_km":21.630501,"link":"https://planetarynames.wr.usgs.gov/Feature/5184"}},{"type":"Feature","geometry":{"type":"Point","coordinates":[-107.8387,-57.3921]},"properties":{"name":"Ross","type":"Crater","diameter_km":82.507004,"link":"https://planetarynames.wr.usgs.gov/Feature/5193"}},{"type":"Feature","geometry":{"type":"Point","coordinates":[148.0388,25.2442]},"properties":{"name":"Elysium Rupes","type":"Rupes","diameter_km":140.49632,"link":"https://planetarynames.wr.usgs.gov/Feature/1785"}},{"type":"Feature","geometry":{"type":"Point","coordinates":[50.9584,38.0334]},"properties":{"name":"Rudaux","type":"Crater","diameter_km":107.184,"link":"https://planetarynames.wr.usgs.gov/Feature/5215"}},{"type":"Feature","geometry":{"type":"Point","coordinates":[167.9231,-47.5249]},"properties":{"name":"Rossby","type":"Crater","diameter_km":80.417999,"link":"https://planetarynames.wr.usgs.gov/Feature/5194"}},{"type":"Feature","geometry":{"type":"Point","coordinates":[-179.8643,-72.4705]},"properties":{"name":"Richardson","type":"Crater","diameter_km":89.0,"link":"https://planetarynames.wr.usgs.gov/Feature/5028"}},{"type":"Feature","geometry":{"type":"Point","coordinates":[-17.0738,-25.2355]},"properties":{"name":"Ruby","type":"Crater","diameter_km":26.428301,"link":"https://planetarynames.wr.usgs.gov/Feature/5214"}},{"type":"Feature","geometry":{"type":"Point","coordinates":[12.4325,-54.5048]},"properties":{"name":"Russell","type":"Crater","diameter_km":135.07845,"link":"https://planetarynames.wr.usgs.gov/Feature/5236"}},{"type":"Feature","geometry":{"type":"Point","coordinates":[-92.692,4.6434]},"properties":{"name":"Fortuna Fossae","type":"Fossa","diameter_km":324.27841,"link":"https://planetarynames.wr.usgs.gov/Feature/1996"}},{"type":"Feature","geometry":{"type":"Point","coordinates":[-10.5944,19.0324]},"properties":{"name":"Rutherford","type":"Crater","diameter_km":107.083,"link":"https://planetarynames.wr.usgs.gov/Feature/5240"}},{"type":"Feature","geometry":{"type":"Point","coordinates":[-52.715,-34.0004]},"properties":{"name":"Ruza","type":"Crater","diameter_km":22.252199,"link":"https://planetarynames.wr.usgs.gov/Feature/5244"}},{"type":"Feature","geometry":{"type":"Point","coordinates":[-12.2208,39.0744]},"properties":{"name":"Cydonia Colles","type":"Collis","diameter_km":362.78366,"link":"https://planetarynames.wr.usgs.gov/Feature/1365"}},{"type":"Feature","geometry":{"type":"Point","coordinates":[121.7599,44.126]},"properties":{"name":"Rynok","type":"Crater","diameter_km":8.4870005,"link":"https://planetarynames.wr.usgs.gov/Feature/5247"}},{"type":"Feature","geometry":{"type":"Point","coordinates":[-40.8931,-1.2838]},"properties":{"name":"Rypin","type":"Crater","diameter_km":18.175659,"link":"https://planetarynames.wr.usgs.gov/Feature/5248"}},{"type":"Feature","geometry":{"type":"Point","coordinates":[-147.1993,-5.4923]},"properties":{"name":"Abus Vallis","type":"Vallis","diameter_km":60.99279,"link":"https://planetarynames.wr.usgs.gov/Feature/25"}},{"type":"Feature","geometry":{"type":"Point","coordinates":[-100.7965,37.474]},"properties":{"name":"Acheron Catena","type":"Catena","diameter_km":421.76953,"link":"https://planetarynames.wr.usgs.gov/Feature/34"}},{"type":"Feature","geometry":{"type":"Point","coordinates":[-48.9422,25.1726]},"properties":{"name":"Sabo","type":"Crater","diameter_km":4.3916402,"link":"https://planetarynames.wr.usgs.gov/Feature/5262"}},{"type":"Feature","geometry":{"type":"Point","coordinates":[-30.6032,10.723]},"properties":{"name":"Sagan","type":"Crater","diameter_km":90.257088,"link":"https://planetarynames.wr.usgs.gov/Feature/5276"}},{"type":"Feature","geometry":{"type":"Point","coordinates":[-12.0566,41.2907]},"properties":{"name":"Cydonia Labyrinthus","type":"Labyrinthus","diameter_km":344.05099,"link":"https://planetarynames.wr.usgs.gov/Feature/1366"}},{"type":"Feature","geometry":{"type":"Point","coordinates":[-36.7136,-28.3432]},"properties":{"name":"Runa Vallis","type":"Vallis","diameter_km":36.0,"link":"https://planetarynames.wr.usgs.gov/Feature/5221"}},{"type":"Feature","geometry":{"type":"Point","coordinates":[23.9184,45.1095]},"properties":{"name":"Deuteronilus Mensae","type":"Mensa","diameter_km":919.16699,"link":"https://planetarynames.wr.usgs.gov/Feature/1509"}},{"type":"Feature","geometry":{"type":"Point","coordinates":[113.1555,-22.8014]},"properties":{"name":"Hesperia Dorsa","type":"Dorsum","diameter_km":818.25452,"link":"https://planetarynames.wr.usgs.gov/Feature/2487"}},{"type":"Feature","geometry":{"type":"Point","coordinates":[-51.1057,-47.1867]},"properties":{"name":"Salaga","type":"Crater","diameter_km":28.0333,"link":"https://planetarynames.wr.usgs.gov/Feature/5281"}},{"type":"Feature","geometry":{"type":"Point","coordinates":[-30.3504,-25.5569]},"properties":{"name":"Sandila","type":"Crater","diameter_km":13.3169,"link":"https://planetarynames.wr.usgs.gov/Feature/5303"}},{"type":"Feature","geometry":{"type":"Point","coordinates":[-12.3333,34.5618]},"properties":{"name":"Cydonia Mensae","type":"Mensa","diameter_km":764.95697,"link":"https://planetarynames.wr.usgs.gov/Feature/1367"}},{"type":"Feature","geometry":{"type":"Point","coordinates":[-51.1957,37.3317]},"properties":{"name":"Idaeus Fossae","type":"Fossa","diameter_km":202.00861,"link":"https://planetarynames.wr.usgs.gov/Feature/2647"}},{"type":"Feature","geometry":{"type":"Point","coordinates":[-24.335,-27.5292]},"properties":{"name":"Sangar","type":"Crater","diameter_km":30.330601,"link":"https://planetarynames.wr.usgs.gov/Feature/5306"}},{"type":"Feature","geometry":{"type":"Point","coordinates":[-47.9473,19.2823]},"properties":{"name":"Santa Fe","type":"Crater","diameter_km":20.296301,"link":"https://planetarynames.wr.usgs.gov/Feature/5311"}},{"type":"Feature","geometry":{"type":"Point","coordinates":[-51.9487,30.4806]},"properties":{"name":"Nilokeras Mensae","type":"Mensa","diameter_km":450.88351,"link":"https://planetarynames.wr.usgs.gov/Feature/4276"}},{"type":"Feature","geometry":{"type":"Point","coordinates":[87.372,-41.0635]},"properties":{"name":"Santaca","type":"Crater","diameter_km":15.8496,"link":"https://planetarynames.wr.usgs.gov/Feature/5313"}},{"type":"Feature","geometry":{"type":"Point","coordinates":[-54.7157,-77.3358]},"properties":{"name":"Sarn","type":"Crater","diameter_km":11.3666,"link":"https://planetarynames.wr.usgs.gov/Feature/5326"}},{"type":"Feature","geometry":{"type":"Point","coordinates":[-9.30439999999999,53.9028]},"properties":{"name":"Ortygia Colles","type":"Collis","diameter_km":255.61681,"link":"https://planetarynames.wr.usgs.gov/Feature/4502"}},{"type":"Feature","geometry":{"type":"Point","coordinates":[56.7804,36.6501]},"properties":{"name":"Coloe Fossae","type":"Fossa","diameter_km":575.89429,"link":"https://planetarynames.wr.usgs.gov/Feature/1272"}},{"type":"Feature","geometry":{"type":"Point","coordinates":[-54.1505,-44.3656]},"properties":{"name":"Sarno","type":"Crater","diameter_km":20.287861,"link":"https://planetarynames.wr.usgs.gov/Feature/5327"}},{"type":"Feature","geometry":{"type":"Point","coordinates":[-36.936,-42.6766]},"properties":{"name":"Satka","type":"Crater","diameter_km":18.804899,"link":"https://planetarynames.wr.usgs.gov/Feature/5338"}},{"type":"Feature","geometry":{"type":"Point","coordinates":[21.6971,41.9489]},"properties":{"name":"Deuteronilus Colles","type":"Collis","diameter_km":59.013401,"link":"https://planetarynames.wr.usgs.gov/Feature/1508"}},{"type":"Feature","geometry":{"type":"Point","coordinates":[-32.5573,-44.6665]},"properties":{"name":"Sauk","type":"Crater","diameter_km":3.0776601,"link":"https://planetarynames.wr.usgs.gov/Feature/5339"}},{"type":"Feature","geometry":{"type":"Point","coordinates":[96.1219,-27.4861]},"properties":{"name":"Savich","type":"Crater","diameter_km":179.056,"link":"https://planetarynames.wr.usgs.gov/Feature/5345"}},{"type":"Feature","geometry":{"type":"Point","coordinates":[-29.669,-28.0681]},"properties":{"name":"Say","type":"Crater","diameter_km":13.587,"link":"https://planetarynames.wr.usgs.gov/Feature/5347"}},{"type":"Feature","geometry":{"type":"Point","coordinates":[62.8762,38.7204]},"properties":{"name":"Colles Nili","type":"Collis","diameter_km":653.66827,"link":"https://planetarynames.wr.usgs.gov/Feature/1270"}},{"type":"Feature","geometry":{"type":"Point","coordinates":[68.4704,34.7749]},"properties":{"name":"Nilosyrtis Mensae","type":"Mensa","diameter_km":676.02509,"link":"https://planetarynames.wr.usgs.gov/Feature/4279"}},{"type":"Feature","geometry":{"type":"Point","coordinates":[50.225,-24.374]},"properties":{"name":"Schaeberle","type":"Crater","diameter_km":158.672,"link":"https://planetarynames.wr.usgs.gov/Feature/5362"}},{"type":"Feature","geometry":{"type":"Point","coordinates":[61.5326,-39.3795]},"properties":{"name":"Alpheus Colles","type":"Collis","diameter_km":633.02539,"link":"https://planetarynames.wr.usgs.gov/Feature/205"}},{"type":"Feature","geometry":{"type":"Point","coordinates":[8.7476,41.5146]},"properties":{"name":"Semeykin","type":"Crater","diameter_km":73.513199,"link":"https://planetarynames.wr.usgs.gov/Feature/5423"}},{"type":"Feature","geometry":{"type":"Point","coordinates":[16.7716,-2.7138]},"properties":{"name":"Schiaparelli","type":"Crater","diameter_km":458.52045,"link":"https://planetarynames.wr.usgs.gov/Feature/5366"}},{"type":"Feature","geometry":{"type":"Point","coordinates":[-77.896,-72.0661]},"properties":{"name":"Schmidt","type":"Crater","diameter_km":201.34875,"link":"https://planetarynames.wr.usgs.gov/Feature/5375"}},{"type":"Feature","geometry":{"type":"Point","coordinates":[55.9937,-1.8957]},"properties":{"name":"Schroeter","type":"Crater","diameter_km":291.59299,"link":"https://planetarynames.wr.usgs.gov/Feature/5380"}},{"type":"Feature","geometry":{"type":"Point","coordinates":[50.6993,19.931]},"properties":{"name":"Schoner","type":"Crater","diameter_km":198.965,"link":"https://planetarynames.wr.usgs.gov/Feature/5390"}},{"type":"Feature","geometry":{"type":"Point","coordinates":[99.4086,-39.5005]},"properties":{"name":"Sebec","type":"Crater","diameter_km":63.5364,"link":"https://planetarynames.wr.usgs.gov/Feature/5399"}},{"type":"Feature","geometry":{"type":"Point","coordinates":[102.1534,-57.8355]},"properties":{"name":"Secchi","type":"Crater","diameter_km":223.40724,"link":"https://planetarynames.wr.usgs.gov/Feature/5402"}},{"type":"Feature","geometry":{"type":"Point","coordinates":[-19.1074,-24.183]},"properties":{"name":"Seminole","type":"Crater","diameter_km":20.638901,"link":"https://planetarynames.wr.usgs.gov/Feature/5424"}},{"type":"Feature","geometry":{"type":"Point","coordinates":[-35.2915,1.1179]},"properties":{"name":"Hydraotes Chaos","type":"Chaos","diameter_km":419.04355,"link":"https://planetarynames.wr.usgs.gov/Feature/2605"}},{"type":"Feature","geometry":{"type":"Point","coordinates":[103.0298,18.8944]},"properties":{"name":"Sevi","type":"Crater","diameter_km":3.19537,"link":"https://planetarynames.wr.usgs.gov/Feature/5445"}},{"type":"Feature","geometry":{"type":"Point","coordinates":[-30.687,-20.58]},"properties":{"name":"Shambe","type":"Crater","diameter_km":35.577599,"link":"https://planetarynames.wr.usgs.gov/Feature/5463"}},{"type":"Feature","geometry":{"type":"Point","coordinates":[-58.5305,26.9977]},"properties":{"name":"Sharonov","type":"Crater","diameter_km":99.916397,"link":"https://planetarynames.wr.usgs.gov/Feature/5470"}},{"type":"Feature","geometry":{"type":"Point","coordinates":[38.3526,41.3145]},"properties":{"name":"Ismeniae Fossae","type":"Fossa","diameter_km":286.90793,"link":"https://planetarynames.wr.usgs.gov/Feature/2741"}},{"type":"Feature","geometry":{"type":"Point","coordinates":[-48.004,19.964]},"properties":{"name":"Sian","type":"Crater","diameter_km":4.0599499,"link":"https://planetarynames.wr.usgs.gov/Feature/5511"}},{"type":"Feature","geometry":{"type":"Point","coordinates":[-14.887,-32.3566]},"properties":{"name":"Shatskiy","type":"Crater","diameter_km":69.456902,"link":"https://planetarynames.wr.usgs.gov/Feature/5477"}},{"type":"Feature","geometry":{"type":"Point","coordinates":[-26.2714,21.2373]},"properties":{"name":"Oxia Colles","type":"Collis","diameter_km":595.23737,"link":"https://planetarynames.wr.usgs.gov/Feature/4534"}},{"type":"Feature","geometry":{"type":"Point","coordinates":[-31.5114,22.4879]},"properties":{"name":"Shawnee","type":"Crater","diameter_km":16.712549,"link":"https://planetarynames.wr.usgs.gov/Feature/5478"}},{"type":"Feature","geometry":{"type":"Point","coordinates":[17.075,33.8981]},"properties":{"name":"Ismenius Cavus","type":"Cavus","diameter_km":90.610977,"link":"https://planetarynames.wr.usgs.gov/Feature/14592"}},{"type":"Feature","geometry":{"type":"Point","coordinates":[-19.7208,-23.0222]},"properties":{"name":"Sibu","type":"Crater","diameter_km":17.634899,"link":"https://planetarynames.wr.usgs.gov/Feature/5513"}},{"type":"Feature","geometry":{"type":"Point","coordinates":[-125.7259,19.0248]},"properties":{"name":"Sulci Gordii","type":"Sulcus","diameter_km":400.0,"link":"https://planetarynames.wr.usgs.gov/Feature/5752"}},{"type":"Feature","geometry":{"type":"Point","coordinates":[-30.812,-20.3145]},"properties":{"name":"Sigli","type":"Crater","diameter_km":30.299,"link":"https://planetarynames.wr.usgs.gov/Feature/5526"}},{"type":"Feature","geometry":{"type":"Point","coordinates":[-90.6927,13.2541]},"properties":{"name":"Tharsis Tholus","type":"Tholus","diameter_km":149.30457,"link":"https://planetarynames.wr.usgs.gov/Feature/5949"}},{"type":"Feature","geometry":{"type":"Point","coordinates":[111.279,15.7461]},"properties":{"name":"Sinda","type":"Crater","diameter_km":6.6655998,"link":"https://planetarynames.wr.usgs.gov/Feature/5553"}},{"type":"Feature","geometry":{"type":"Point","coordinates":[48.8636,43.8694]},"properties":{"name":"Protonilus Mensae","type":"Mensa","diameter_km":1033.9739,"link":"https://planetarynames.wr.usgs.gov/Feature/4852"}},{"type":"Feature","geometry":{"type":"Point","coordinates":[-17.3345,-22.435]},"properties":{"name":"Singa","type":"Crater","diameter_km":13.1364,"link":"https://planetarynames.wr.usgs.gov/Feature/5555"}},{"type":"Feature","geometry":{"type":"Point","coordinates":[110.622,-23.2828]},"properties":{"name":"Sinop","type":"Crater","diameter_km":14.7236,"link":"https://planetarynames.wr.usgs.gov/Feature/5557"}},{"type":"Feature","geometry":{"type":"Point","coordinates":[105.1166,35.7035]},"properties":{"name":"Adamas Labyrinthus","type":"Labyrinthus","diameter_km":853.0,"link":"https://planetarynames.wr.usgs.gov/Feature/45"}},{"type":"Feature","geometry":{"type":"Point","coordinates":[-39.2284,-4.2827]},"properties":{"name":"Sitka","type":"Crater","diameter_km":16.888229,"link":"https://planetarynames.wr.usgs.gov/Feature/5586"}},{"type":"Feature","geometry":{"type":"Point","coordinates":[-2.95389999999998,33.5162]},"properties":{"name":"Sklodowska","type":"Crater","diameter_km":109.72462,"link":"https://planetarynames.wr.usgs.gov/Feature/5593"}},{"type":"Feature","geometry":{"type":"Point","coordinates":[88.0803,35.4585]},"properties":{"name":"Astapus Colles","type":"Collis","diameter_km":597.0,"link":"https://planetarynames.wr.usgs.gov/Feature/436"}},{"type":"Feature","geometry":{"type":"Point","coordinates":[-40.6764,-42.3711]},"properties":{"name":"Sokol","type":"Crater","diameter_km":22.1835,"link":"https://planetarynames.wr.usgs.gov/Feature/5620"}},{"type":"Feature","geometry":{"type":"Point","coordinates":[-84.4587,-47.3434]},"properties":{"name":"Slipher","type":"Crater","diameter_km":127.137,"link":"https://planetarynames.wr.usgs.gov/Feature/5600"}},{"type":"Feature","geometry":{"type":"Point","coordinates":[-102.731,-65.7629]},"properties":{"name":"Smith","type":"Crater","diameter_km":74.328438,"link":"https://planetarynames.wr.usgs.gov/Feature/5603"}},{"type":"Feature","geometry":{"type":"Point","coordinates":[108.9475,-26.7385]},"properties":{"name":"Solano","type":"Crater","diameter_km":8.9986601,"link":"https://planetarynames.wr.usgs.gov/Feature/5622"}},{"type":"Feature","geometry":{"type":"Point","coordinates":[112.2092,52.5315]},"properties":{"name":"Cydnus Rupes","type":"Rupes","diameter_km":1550.8141,"link":"https://planetarynames.wr.usgs.gov/Feature/1363"}},{"type":"Feature","geometry":{"type":"Point","coordinates":[-57.4558,0.7665]},"properties":{"name":"Havel Vallis","type":"Vallis","diameter_km":240.187,"link":"https://planetarynames.wr.usgs.gov/Feature/14918"}},{"type":"Feature","geometry":{"type":"Point","coordinates":[-51.2554,-9.7338]},"properties":{"name":"Somerset","type":"Crater","diameter_km":3.3270199,"link":"https://planetarynames.wr.usgs.gov/Feature/5643"}},{"type":"Feature","geometry":{"type":"Point","coordinates":[-28.8172,16.7257]},"properties":{"name":"Soochow","type":"Crater","diameter_km":30.0567,"link":"https://planetarynames.wr.usgs.gov/Feature/5647"}},{"type":"Feature","geometry":{"type":"Point","coordinates":[113.314,19.473]},"properties":{"name":"Souris","type":"Crater","diameter_km":2.93046,"link":"https://planetarynames.wr.usgs.gov/Feature/5654"}},{"type":"Feature","geometry":{"type":"Point","coordinates":[-112.5835,1.5703]},"properties":{"name":"Tharsis Montes","type":"Mons","diameter_km":2058.9111,"link":"https://planetarynames.wr.usgs.gov/Feature/5948"}},{"type":"Feature","geometry":{"type":"Point","coordinates":[-124.3827,2.5236]},"properties":{"name":"Biblis Tholus","type":"Tholus","diameter_km":168.59972,"link":"https://planetarynames.wr.usgs.gov/Feature/14308"}},{"type":"Feature","geometry":{"type":"Point","coordinates":[-38.4309,-3.6956]},"properties":{"name":"Spry","type":"Crater","diameter_km":7.6668501,"link":"https://planetarynames.wr.usgs.gov/Feature/5672"}},{"type":"Feature","geometry":{"type":"Point","coordinates":[21.909,-76.9357]},"properties":{"name":"South","type":"Crater","diameter_km":101.843,"link":"https://planetarynames.wr.usgs.gov/Feature/5656"}},{"type":"Feature","geometry":{"type":"Point","coordinates":[86.3784,-58.005]},"properties":{"name":"Spallanzani","type":"Crater","diameter_km":71.694504,"link":"https://planetarynames.wr.usgs.gov/Feature/5663"}},{"type":"Feature","geometry":{"type":"Point","coordinates":[88.2284,1.4424]},"properties":{"name":"Libya Montes","type":"Mons","diameter_km":1043.6345,"link":"https://planetarynames.wr.usgs.gov/Feature/3391"}},{"type":"Feature","geometry":{"type":"Point","coordinates":[-52.2628,22.0152]},"properties":{"name":"Spur","type":"Crater","diameter_km":8.0926199,"link":"https://planetarynames.wr.usgs.gov/Feature/5674"}},{"type":"Feature","geometry":{"type":"Point","coordinates":[-54.5875,23.6886]},"properties":{"name":"Sucre","type":"Crater","diameter_km":13.5645,"link":"https://planetarynames.wr.usgs.gov/Feature/5742"}},{"type":"Feature","geometry":{"type":"Point","coordinates":[-100.7119,-30.7404]},"properties":{"name":"Sripur","type":"Crater","diameter_km":22.99099,"link":"https://planetarynames.wr.usgs.gov/Feature/5677"}},{"type":"Feature","geometry":{"type":"Point","coordinates":[-59.5014,3.7548]},"properties":{"name":"Stege","type":"Crater","diameter_km":76.443199,"link":"https://planetarynames.wr.usgs.gov/Feature/5689"}},{"type":"Feature","geometry":{"type":"Point","coordinates":[66.3129,50.3948]},"properties":{"name":"Pyramus Fossae","type":"Fossa","diameter_km":298.18271,"link":"https://planetarynames.wr.usgs.gov/Feature/4883"}},{"type":"Feature","geometry":{"type":"Point","coordinates":[86.0326,43.5326]},"properties":{"name":"Utopia Rupes","type":"Rupes","diameter_km":2492.6814,"link":"https://planetarynames.wr.usgs.gov/Feature/6261"}},{"type":"Feature","geometry":{"type":"Point","coordinates":[-78.6065,18.1709]},"properties":{"name":"Sulak","type":"Crater","diameter_km":24.99963,"link":"https://planetarynames.wr.usgs.gov/Feature/5751"}},{"type":"Feature","geometry":{"type":"Point","coordinates":[-115.3731,-67.7511]},"properties":{"name":"Steno","type":"Crater","diameter_km":103.537,"link":"https://planetarynames.wr.usgs.gov/Feature/5697"}},{"type":"Feature","geometry":{"type":"Point","coordinates":[-38.2992,-4.9557]},"properties":{"name":"Stobs","type":"Crater","diameter_km":12.0598,"link":"https://planetarynames.wr.usgs.gov/Feature/5710"}},{"type":"Feature","geometry":{"type":"Point","coordinates":[171.291,55.6276]},"properties":{"name":"Stokes","type":"Crater","diameter_km":62.7355,"link":"https://planetarynames.wr.usgs.gov/Feature/5712"}},{"type":"Feature","geometry":{"type":"Point","coordinates":[122.5521,46.8722]},"properties":{"name":"Ston","type":"Crater","diameter_km":6.4940701,"link":"https://planetarynames.wr.usgs.gov/Feature/5714"}},{"type":"Feature","geometry":{"type":"Point","coordinates":[-101.2827,25.8938]},"properties":{"name":"Tractus Fossae","type":"Fossa","diameter_km":403.05527,"link":"https://planetarynames.wr.usgs.gov/Feature/6075"}},{"type":"Feature","geometry":{"type":"Point","coordinates":[-138.511,-69.6095]},"properties":{"name":"Stoney","type":"Crater","diameter_km":161.368,"link":"https://planetarynames.wr.usgs.gov/Feature/5717"}},{"type":"Feature","geometry":{"type":"Point","coordinates":[106.667,-18.9066]},"properties":{"name":"Suata","type":"Crater","diameter_km":23.8974,"link":"https://planetarynames.wr.usgs.gov/Feature/5739"}},{"type":"Feature","geometry":{"type":"Point","coordinates":[48.2644,8.8434]},"properties":{"name":"Locras Valles","type":"Vallis","diameter_km":351.3154,"link":"https://planetarynames.wr.usgs.gov/Feature/3445"}},{"type":"Feature","geometry":{"type":"Point","coordinates":[-178.4854,-66.8831]},"properties":{"name":"Suess","type":"Crater","diameter_km":71.895119,"link":"https://planetarynames.wr.usgs.gov/Feature/5747"}},{"type":"Feature","geometry":{"type":"Point","coordinates":[-123.0672,9.9474]},"properties":{"name":"Ulysses Fossae","type":"Fossa","diameter_km":849.94336,"link":"https://planetarynames.wr.usgs.gov/Feature/6210"}},{"type":"Feature","geometry":{"type":"Point","coordinates":[-30.6427,16.8492]},"properties":{"name":"Surt","type":"Crater","diameter_km":9.8460798,"link":"https://planetarynames.wr.usgs.gov/Feature/5771"}},{"type":"Feature","geometry":{"type":"Point","coordinates":[-48.6709,-36.5315]},"properties":{"name":"Sumgin","type":"Crater","diameter_km":78.604446,"link":"https://planetarynames.wr.usgs.gov/Feature/5760"}},{"type":"Feature","geometry":{"type":"Point","coordinates":[-97.5706,26.2512]},"properties":{"name":"Uranius Tholus","type":"Tholus","diameter_km":61.38636,"link":"https://planetarynames.wr.usgs.gov/Feature/6238"}},{"type":"Feature","geometry":{"type":"Point","coordinates":[-33.6748,26.4524]},"properties":{"name":"Swanage","type":"Crater","diameter_km":18.678101,"link":"https://planetarynames.wr.usgs.gov/Feature/5785"}},{"type":"Feature","geometry":{"type":"Point","coordinates":[86.0966,-27.4067]},"properties":{"name":"Suzhi","type":"Crater","diameter_km":24.625799,"link":"https://planetarynames.wr.usgs.gov/Feature/5780"}},{"type":"Feature","geometry":{"type":"Point","coordinates":[146.5183,33.8276]},"properties":{"name":"Galaxias Chaos","type":"Chaos","diameter_km":234.48283,"link":"https://planetarynames.wr.usgs.gov/Feature/2065"}},{"type":"Feature","geometry":{"type":"Point","coordinates":[-35.0398,-45.1036]},"properties":{"name":"Tabou","type":"Crater","diameter_km":7.67663,"link":"https://planetarynames.wr.usgs.gov/Feature/5812"}},{"type":"Feature","geometry":{"type":"Point","coordinates":[-53.055,42.4183]},"properties":{"name":"Sytinskaya","type":"Crater","diameter_km":89.161102,"link":"https://planetarynames.wr.usgs.gov/Feature/5797"}},{"type":"Feature","geometry":{"type":"Point","coordinates":[147.4815,36.8022]},"properties":{"name":"Galaxias Colles","type":"Collis","diameter_km":610.33813,"link":"https://planetarynames.wr.usgs.gov/Feature/2066"}},{"type":"Feature","geometry":{"type":"Point","coordinates":[-38.2242,16.3416]},"properties":{"name":"Suf","type":"Crater","diameter_km":9.4059801,"link":"https://planetarynames.wr.usgs.gov/Feature/5803"}},{"type":"Feature","geometry":{"type":"Point","coordinates":[-55.151,21.431]},"properties":{"name":"Sogel","type":"Crater","diameter_km":28.448299,"link":"https://planetarynames.wr.usgs.gov/Feature/5805"}},{"type":"Feature","geometry":{"type":"Point","coordinates":[143.0287,30.9565]},"properties":{"name":"Galaxias Fluctus","type":"Fluctus","diameter_km":607.03046,"link":"https://planetarynames.wr.usgs.gov/Feature/2067"}},{"type":"Feature","geometry":{"type":"Point","coordinates":[142.313,34.7635]},"properties":{"name":"Galaxius Mons","type":"Mons","diameter_km":22.225389,"link":"https://planetarynames.wr.usgs.gov/Feature/2069"}},{"type":"Feature","geometry":{"type":"Point","coordinates":[129.8345,64.3717]},"properties":{"name":"Panchaia Rupes","type":"Rupes","diameter_km":1113.3997,"link":"https://planetarynames.wr.usgs.gov/Feature/4573"}},{"type":"Feature","geometry":{"type":"Point","coordinates":[-105.6281,8.7654]},"properties":{"name":"Ascraeus Chasmata","type":"Chasma","diameter_km":105.19788,"link":"https://planetarynames.wr.usgs.gov/Feature/415"}},{"type":"Feature","geometry":{"type":"Point","coordinates":[108.1129,17.3068]},"properties":{"name":"Turma","type":"Crater","diameter_km":6.6803598,"link":"https://planetarynames.wr.usgs.gov/Feature/6143"}},{"type":"Feature","geometry":{"type":"Point","coordinates":[-58.3291,-35.4988]},"properties":{"name":"Tabor","type":"Crater","diameter_km":19.1143,"link":"https://planetarynames.wr.usgs.gov/Feature/5811"}},{"type":"Feature","geometry":{"type":"Point","coordinates":[85.6576,-35.2049]},"properties":{"name":"Taejin","type":"Crater","diameter_km":28.063299,"link":"https://planetarynames.wr.usgs.gov/Feature/5819"}},{"type":"Feature","geometry":{"type":"Point","coordinates":[-28.6529,-26.0234]},"properties":{"name":"Tak","type":"Crater","diameter_km":5.2095699,"link":"https://planetarynames.wr.usgs.gov/Feature/5829"}},{"type":"Feature","geometry":{"type":"Point","coordinates":[-121.5028,2.963]},"properties":{"name":"Ulysses Tholus","type":"Tholus","diameter_km":102.46586,"link":"https://planetarynames.wr.usgs.gov/Feature/14311"}},{"type":"Feature","geometry":{"type":"Point","coordinates":[112.7907,-20.3376]},"properties":{"name":"Tala","type":"Crater","diameter_km":8.5124102,"link":"https://planetarynames.wr.usgs.gov/Feature/5834"}},{"type":"Feature","geometry":{"type":"Point","coordinates":[-49.368,-41.5255]},"properties":{"name":"Talsi","type":"Crater","diameter_km":9.5870705,"link":"https://planetarynames.wr.usgs.gov/Feature/5840"}},{"type":"Feature","geometry":{"type":"Point","coordinates":[-92.1503,26.8984]},"properties":{"name":"Uranius Mons","type":"Mons","diameter_km":265.17038,"link":"https://planetarynames.wr.usgs.gov/Feature/14312"}},{"type":"Feature","geometry":{"type":"Point","coordinates":[-107.9887,-22.725]},"properties":{"name":"Tame","type":"Crater","diameter_km":13.8035,"link":"https://planetarynames.wr.usgs.gov/Feature/5843"}},{"type":"Feature","geometry":{"type":"Point","coordinates":[28.7339,-0.0239]},"properties":{"name":"Tuscaloosa","type":"Crater","diameter_km":59.664799,"link":"https://planetarynames.wr.usgs.gov/Feature/6149"}},{"type":"Feature","geometry":{"type":"Point","coordinates":[-36.089,-2.8033]},"properties":{"name":"Tuskegee","type":"Crater","diameter_km":62.879601,"link":"https://planetarynames.wr.usgs.gov/Feature/6152"}},{"type":"Feature","geometry":{"type":"Point","coordinates":[147.2138,25.0232]},"properties":{"name":"Elysium Mons","type":"Mons","diameter_km":401.0,"link":"https://planetarynames.wr.usgs.gov/Feature/1783"}},{"type":"Feature","geometry":{"type":"Point","coordinates":[169.9733,39.733]},"properties":{"name":"Tyndall","type":"Crater","diameter_km":83.0494,"link":"https://planetarynames.wr.usgs.gov/Feature/6168"}},{"type":"Feature","geometry":{"type":"Point","coordinates":[76.6395,-8.1425]},"properties":{"name":"Oenotria Plana","type":"Planum","diameter_km":61.25312,"link":"https://planetarynames.wr.usgs.gov/Feature/14858"}},{"type":"Feature","geometry":{"type":"Point","coordinates":[153.1471,36.8177]},"properties":{"name":"Aesacus Dorsum","type":"Dorsum","diameter_km":276.68933,"link":"https://planetarynames.wr.usgs.gov/Feature/69"}},{"type":"Feature","geometry":{"type":"Point","coordinates":[-47.8851,-7.9552]},"properties":{"name":"Ganges Chasma","type":"Chasma","diameter_km":574.0752,"link":"https://planetarynames.wr.usgs.gov/Feature/2096"}},{"type":"Feature","geometry":{"type":"Point","coordinates":[102.2629,-43.3658]},"properties":{"name":"Teviot Vallis","type":"Vallis","diameter_km":143.88831,"link":"https://planetarynames.wr.usgs.gov/Feature/5942"}},{"type":"Feature","geometry":{"type":"Point","coordinates":[-11.2666,-19.2721]},"properties":{"name":"Noord","type":"Crater","diameter_km":7.8,"link":"https://planetarynames.wr.usgs.gov/Feature/14794"}},{"type":"Feature","geometry":{"type":"Point","coordinates":[108.8679,-27.9371]},"properties":{"name":"Resen","type":"Crater","diameter_km":7.4,"link":"https://planetarynames.wr.usgs.gov/Feature/14795"}},{"type":"Feature","geometry":{"type":"Point","coordinates":[5.7185,21.249]},"properties":{"name":"Arabia Terra","type":"Terra","diameter_km":4851.7363,"link":"https://planetarynames.wr.usgs.gov/Feature/336"}},{"type":"Feature","geometry":{"type":"Point","coordinates":[79.6694,-0.219]},"properties":{"name":"Lipany","type":"Crater","diameter_km":50.099998,"link":"https://planetarynames.wr.usgs.gov/Feature/14857"}},{"type":"Feature","geometry":{"type":"Point","coordinates":[-9.37449999999995,2.7345]},"properties":{"name":"Firsoff","type":"Crater","diameter_km":90.0,"link":"https://planetarynames.wr.usgs.gov/Feature/14782"}},{"type":"Feature","geometry":{"type":"Point","coordinates":[-80.0764,24.3542]},"properties":{"name":"Canala","type":"Crater","diameter_km":12.0,"link":"https://planetarynames.wr.usgs.gov/Feature/14793"}},{"type":"Feature","geometry":{"type":"Point","coordinates":[-53.6658,-10.0105]},"properties":{"name":"Dogana","type":"Crater","diameter_km":41.200001,"link":"https://planetarynames.wr.usgs.gov/Feature/14856"}},{"type":"Feature","geometry":{"type":"Point","coordinates":[80.5901,0.3201]},"properties":{"name":"Zarqa Valles","type":"Vallis","diameter_km":21.36607,"link":"https://planetarynames.wr.usgs.gov/Feature/14859"}},{"type":"Feature","geometry":{"type":"Point","coordinates":[-117.5173,44.4075]},"properties":{"name":"Rubicon Valles","type":"Vallis","diameter_km":308.20865,"link":"https://planetarynames.wr.usgs.gov/Feature/5212"}},{"type":"Feature","geometry":{"type":"Point","coordinates":[-72.5387,-10.5178]},"properties":{"name":"Melas Chasma","type":"Chasma","diameter_km":563.52191,"link":"https://planetarynames.wr.usgs.gov/Feature/3812"}},{"type":"Feature","geometry":{"type":"Point","coordinates":[-40.3073,28.4333]},"properties":{"name":"Chryse Planitia","type":"Planitia","diameter_km":1542.4379,"link":"https://planetarynames.wr.usgs.gov/Feature/1203"}},{"type":"Feature","geometry":{"type":"Point","coordinates":[-87.4993,78.5167]},"properties":{"name":"Abalos Undae","type":"Unda","diameter_km":442.74353,"link":"https://planetarynames.wr.usgs.gov/Feature/5"}},{"type":"Feature","geometry":{"type":"Point","coordinates":[-47.6403,82.5412]},"properties":{"name":"Chasma Boreale","type":"Chasma","diameter_km":459.88284,"link":"https://planetarynames.wr.usgs.gov/Feature/1161"}},{"type":"Feature","geometry":{"type":"Point","coordinates":[-75.6041,81.1699]},"properties":{"name":"Abalos Mensa","type":"Mensa","diameter_km":129.18269,"link":"https://planetarynames.wr.usgs.gov/Feature/14147"}},{"type":"Feature","geometry":{"type":"Point","coordinates":[67.103,9.2007]},"properties":{"name":"Syrtis Major Planum","type":"Planum","diameter_km":1214.864,"link":"https://planetarynames.wr.usgs.gov/Feature/5796"}},{"type":"Feature","geometry":{"type":"Point","coordinates":[-84.3891,-7.2894]},"properties":{"name":"Ius Chasma","type":"Chasma","diameter_km":839.90857,"link":"https://planetarynames.wr.usgs.gov/Feature/2757"}},{"type":"Feature","geometry":{"type":"Point","coordinates":[82.9305,24.6276]},"properties":{"name":"Arena Colles","type":"Collis","diameter_km":580.12494,"link":"https://planetarynames.wr.usgs.gov/Feature/356"}},{"type":"Feature","geometry":{"type":"Point","coordinates":[160.0181,-68.776]},"properties":{"name":"Ulyxis Rupes","type":"Rupes","diameter_km":383.08801,"link":"https://planetarynames.wr.usgs.gov/Feature/6212"}},{"type":"Feature","geometry":{"type":"Point","coordinates":[-108.7538,12.0609]},"properties":{"name":"Ascraeus Sulci","type":"Sulcus","diameter_km":138.69705,"link":"https://planetarynames.wr.usgs.gov/Feature/418"}},{"type":"Feature","geometry":{"type":"Point","coordinates":[0.5877,-84.3835]},"properties":{"name":"McMurdo","type":"Crater","diameter_km":26.897921,"link":"https://planetarynames.wr.usgs.gov/Feature/3784"}},{"type":"Feature","geometry":{"type":"Point","coordinates":[-49.4855,79.965]},"properties":{"name":"Hyperboreae Undae","type":"Unda","diameter_km":463.64603,"link":"https://planetarynames.wr.usgs.gov/Feature/2611"}},{"type":"Feature","geometry":{"type":"Point","coordinates":[-76.8483,-4.9174]},"properties":{"name":"Candor Sulci","type":"Sulcus","diameter_km":73.364998,"link":"https://planetarynames.wr.usgs.gov/Feature/15093"}},{"type":"Feature","geometry":{"type":"Point","coordinates":[105.8809,-21.6299]},"properties":{"name":"Tyrrhenus Mons","type":"Mons","diameter_km":269.76767,"link":"https://planetarynames.wr.usgs.gov/Feature/14310"}},{"type":"Feature","geometry":{"type":"Point","coordinates":[-123.8177,2.3558]},"properties":{"name":"Biblis Patera","type":"Patera","diameter_km":53.645081,"link":"https://planetarynames.wr.usgs.gov/Feature/737"}},{"type":"Feature","geometry":{"type":"Point","coordinates":[-81.7746,-8.41]},"properties":{"name":"Louros Valles","type":"Vallis","diameter_km":516.13623,"link":"https://planetarynames.wr.usgs.gov/Feature/3484"}},{"type":"Feature","geometry":{"type":"Point","coordinates":[-114.5774,35.0444]},"properties":{"name":"Alba Catena","type":"Catena","diameter_km":144.86136,"link":"https://planetarynames.wr.usgs.gov/Feature/157"}},{"type":"Feature","geometry":{"type":"Point","coordinates":[149.7252,17.6861]},"properties":{"name":"Elysium Catena","type":"Catena","diameter_km":48.50074,"link":"https://planetarynames.wr.usgs.gov/Feature/1780"}},{"type":"Feature","geometry":{"type":"Point","coordinates":[-146.1711,-5.3681]},"properties":{"name":"Munda Vallis","type":"Vallis","diameter_km":9.1322403,"link":"https://planetarynames.wr.usgs.gov/Feature/4068"}},{"type":"Feature","geometry":{"type":"Point","coordinates":[-48.6163,5.0487]},"properties":{"name":"Nanedi Valles","type":"Vallis","diameter_km":550.0,"link":"https://planetarynames.wr.usgs.gov/Feature/4136"}},{"type":"Feature","geometry":{"type":"Point","coordinates":[109.894,-21.4226]},"properties":{"name":"Hesperia Planum","type":"Planum","diameter_km":1601.7285,"link":"https://planetarynames.wr.usgs.gov/Feature/2488"}},{"type":"Feature","geometry":{"type":"Point","coordinates":[-53.1461,11.6337]},"properties":{"name":"Subur Vallis","type":"Vallis","diameter_km":26.19689,"link":"https://planetarynames.wr.usgs.gov/Feature/5741"}},{"type":"Feature","geometry":{"type":"Point","coordinates":[-51.966,13.4055]},"properties":{"name":"Vistula Valles","type":"Vallis","diameter_km":193.0,"link":"https://planetarynames.wr.usgs.gov/Feature/6411"}},{"type":"Feature","geometry":{"type":"Point","coordinates":[-144.4701,28.1404]},"properties":{"name":"Lycus Sulci","type":"Sulcus","diameter_km":1350.6146,"link":"https://planetarynames.wr.usgs.gov/Feature/3529"}},{"type":"Feature","geometry":{"type":"Point","coordinates":[-111.2856,4.1486]},"properties":{"name":"Pavonis Fossae","type":"Fossa","diameter_km":156.0809,"link":"https://planetarynames.wr.usgs.gov/Feature/4619"}},{"type":"Feature","geometry":{"type":"Point","coordinates":[-107.8916,11.7246]},"properties":{"name":"Ascraeus Mensa","type":"Mensa","diameter_km":34.86021,"link":"https://planetarynames.wr.usgs.gov/Feature/416"}},{"type":"Feature","geometry":{"type":"Point","coordinates":[-104.0808,11.9216]},"properties":{"name":"Ascraeus Mons","type":"Mons","diameter_km":456.39645,"link":"https://planetarynames.wr.usgs.gov/Feature/417"}},{"type":"Feature","geometry":{"type":"Point","coordinates":[-45.9872,-54.8625]},"properties":{"name":"Cleia Dorsum","type":"Dorsum","diameter_km":131.69405,"link":"https://planetarynames.wr.usgs.gov/Feature/1237"}},{"type":"Feature","geometry":{"type":"Point","coordinates":[-110.1478,27.0037]},"properties":{"name":"Ceraunius Fossae","type":"Fossa","diameter_km":1166.6342,"link":"https://planetarynames.wr.usgs.gov/Feature/1105"}},{"type":"Feature","geometry":{"type":"Point","coordinates":[-128.659,25.4033]},"properties":{"name":"Cyane Sulci","type":"Sulcus","diameter_km":335.93698,"link":"https://planetarynames.wr.usgs.gov/Feature/1359"}},{"type":"Feature","geometry":{"type":"Point","coordinates":[-121.4207,2.9462]},"properties":{"name":"Ulysses Patera","type":"Patera","diameter_km":57.86274,"link":"https://planetarynames.wr.usgs.gov/Feature/6211"}},{"type":"Feature","geometry":{"type":"Point","coordinates":[76.6948,22.0182]},"properties":{"name":"Nili Fossae","type":"Fossa","diameter_km":727.90631,"link":"https://planetarynames.wr.usgs.gov/Feature/4271"}},{"type":"Feature","geometry":{"type":"Point","coordinates":[-90.1295,25.2883]},"properties":{"name":"Uranius Fossae","type":"Fossa","diameter_km":394.11484,"link":"https://planetarynames.wr.usgs.gov/Feature/6236"}},{"type":"Feature","geometry":{"type":"Point","coordinates":[-92.804,26.3168]},"properties":{"name":"Uranius Patera","type":"Patera","diameter_km":114.0,"link":"https://planetarynames.wr.usgs.gov/Feature/6237"}},{"type":"Feature","geometry":{"type":"Point","coordinates":[-74.9476,-6.5866]},"properties":{"name":"Nia Tholus","type":"Tholus","diameter_km":34.007,"link":"https://planetarynames.wr.usgs.gov/Feature/15094"}},{"type":"Feature","geometry":{"type":"Point","coordinates":[-74.719,10.7879]},"properties":{"name":"Echus Chaos","type":"Chaos","diameter_km":480.51239,"link":"https://planetarynames.wr.usgs.gov/Feature/1711"}},{"type":"Feature","geometry":{"type":"Point","coordinates":[-76.7465,2.6112]},"properties":{"name":"Echus Fossae","type":"Fossa","diameter_km":421.03055,"link":"https://planetarynames.wr.usgs.gov/Feature/1713"}},{"type":"Feature","geometry":{"type":"Point","coordinates":[67.1673,8.9688]},"properties":{"name":"Nili Patera","type":"Patera","diameter_km":67.514473,"link":"https://planetarynames.wr.usgs.gov/Feature/4272"}},{"type":"Feature","geometry":{"type":"Point","coordinates":[-77.95,7.8145]},"properties":{"name":"Echus Montes","type":"Mons","diameter_km":397.06052,"link":"https://planetarynames.wr.usgs.gov/Feature/1714"}},{"type":"Feature","geometry":{"type":"Point","coordinates":[-57.8285,24.5946]},"properties":{"name":"Nilokeras Fossa","type":"Fossa","diameter_km":267.0,"link":"https://planetarynames.wr.usgs.gov/Feature/4275"}},{"type":"Feature","geometry":{"type":"Point","coordinates":[-56.5629,12.9536]},"properties":{"name":"Ister Chaos","type":"Chaos","diameter_km":109.10216,"link":"https://planetarynames.wr.usgs.gov/Feature/2748"}},{"type":"Feature","geometry":{"type":"Point","coordinates":[-119.4513,47.6924]},"properties":{"name":"Artynia Catena","type":"Catena","diameter_km":279.27853,"link":"https://planetarynames.wr.usgs.gov/Feature/406"}},{"type":"Feature","geometry":{"type":"Point","coordinates":[-84.5281,24.5762]},"properties":{"name":"Labeatis Fossae","type":"Fossa","diameter_km":1496.3558,"link":"https://planetarynames.wr.usgs.gov/Feature/3191"}},{"type":"Feature","geometry":{"type":"Point","coordinates":[-76.9547,25.3871]},"properties":{"name":"Nilus Chaos","type":"Chaos","diameter_km":283.0,"link":"https://planetarynames.wr.usgs.gov/Feature/4281"}},{"type":"Feature","geometry":{"type":"Point","coordinates":[144.1887,23.9281]},"properties":{"name":"Zephyrus Fossae","type":"Fossa","diameter_km":306.18753,"link":"https://planetarynames.wr.usgs.gov/Feature/6722"}},{"type":"Feature","geometry":{"type":"Point","coordinates":[-72.2271,22.2002]},"properties":{"name":"Nilus Mensae","type":"Mensa","diameter_km":206.83624,"link":"https://planetarynames.wr.usgs.gov/Feature/4283"}},{"type":"Feature","geometry":{"type":"Point","coordinates":[-54.9182,18.132]},"properties":{"name":"Xanthe Montes","type":"Mons","diameter_km":499.3205,"link":"https://planetarynames.wr.usgs.gov/Feature/6598"}},{"type":"Feature","geometry":{"type":"Point","coordinates":[-41.8641,8.1507]},"properties":{"name":"Chryse Colles","type":"Collis","diameter_km":48.658989,"link":"https://planetarynames.wr.usgs.gov/Feature/14152"}},{"type":"Feature","geometry":{"type":"Point","coordinates":[-66.0857,11.2146]},"properties":{"name":"Sacra Dorsa","type":"Dorsum","diameter_km":1416.0,"link":"https://planetarynames.wr.usgs.gov/Feature/5266"}},{"type":"Feature","geometry":{"type":"Point","coordinates":[154.7372,2.979]},"properties":{"name":"Elysium Planitia","type":"Planitia","diameter_km":3000.7893,"link":"https://planetarynames.wr.usgs.gov/Feature/1784"}},{"type":"Feature","geometry":{"type":"Point","coordinates":[173.5843,8.4648]},"properties":{"name":"Rahway Valles","type":"Vallis","diameter_km":346.19482,"link":"https://planetarynames.wr.usgs.gov/Feature/4927"}},{"type":"Feature","geometry":{"type":"Point","coordinates":[-70.0009,20.3611]},"properties":{"name":"Sacra Fossae","type":"Fossa","diameter_km":950.0,"link":"https://planetarynames.wr.usgs.gov/Feature/5267"}},{"type":"Feature","geometry":{"type":"Point","coordinates":[-74.7,22.1627]},"properties":{"name":"Sacra Sulci","type":"Sulcus","diameter_km":1009.0531,"link":"https://planetarynames.wr.usgs.gov/Feature/5269"}},{"type":"Feature","geometry":{"type":"Point","coordinates":[-71.5905,27.9357]},"properties":{"name":"Tempe Mensa","type":"Mensa","diameter_km":55.392471,"link":"https://planetarynames.wr.usgs.gov/Feature/5915"}},{"type":"Feature","geometry":{"type":"Point","coordinates":[-48.0534,1.5956]},"properties":{"name":"Xanthe Terra","type":"Terra","diameter_km":1867.6538,"link":"https://planetarynames.wr.usgs.gov/Feature/6600"}},{"type":"Feature","geometry":{"type":"Point","coordinates":[130.3232,13.1629]},"properties":{"name":"Hyblaeus Dorsa","type":"Dorsum","diameter_km":887.53296,"link":"https://planetarynames.wr.usgs.gov/Feature/2600"}},{"type":"Feature","geometry":{"type":"Point","coordinates":[114.5201,16.231]},"properties":{"name":"Amenthes Cavi","type":"Cavus","diameter_km":1330.4968,"link":"https://planetarynames.wr.usgs.gov/Feature/6960"}},{"type":"Feature","geometry":{"type":"Point","coordinates":[-175.8269,-7.1612]},"properties":{"name":"Memnonia Sulci","type":"Sulcus","diameter_km":452.66144,"link":"https://planetarynames.wr.usgs.gov/Feature/3828"}},{"type":"Feature","geometry":{"type":"Point","coordinates":[-22.3916,2.5233]},"properties":{"name":"Aram Chaos","type":"Chaos","diameter_km":283.81137,"link":"https://planetarynames.wr.usgs.gov/Feature/339"}},{"type":"Feature","geometry":{"type":"Point","coordinates":[129.9709,30.5765]},"properties":{"name":"Granicus Valles","type":"Vallis","diameter_km":777.77618,"link":"https://planetarynames.wr.usgs.gov/Feature/2237"}},{"type":"Feature","geometry":{"type":"Point","coordinates":[122.847,20.8358]},"properties":{"name":"Hephaestus Fossae","type":"Fossa","diameter_km":633.3186,"link":"https://planetarynames.wr.usgs.gov/Feature/2457"}},{"type":"Feature","geometry":{"type":"Point","coordinates":[119.4206,9.1922]},"properties":{"name":"Nepenthes Mensae","type":"Mensa","diameter_km":2176.2336,"link":"https://planetarynames.wr.usgs.gov/Feature/4207"}},{"type":"Feature","geometry":{"type":"Point","coordinates":[-72.585,-6.9367]},"properties":{"name":"Candor Chaos","type":"Chaos","diameter_km":0.0,"link":"https://planetarynames.wr.usgs.gov/Feature/999"}},{"type":"Feature","geometry":{"type":"Point","coordinates":[63.1805,-71.0471]},"properties":{"name":"Dorsa Brevia","type":"Dorsum","diameter_km":650.99445,"link":"https://planetarynames.wr.usgs.gov/Feature/1590"}},{"type":"Feature","geometry":{"type":"Point","coordinates":[86.6525,-29.805]},"properties":{"name":"Anseris Mons","type":"Mons","diameter_km":52.513821,"link":"https://planetarynames.wr.usgs.gov/Feature/288"}},{"type":"Feature","geometry":{"type":"Point","coordinates":[171.3429,3.7909]},"properties":{"name":"Hibes Montes","type":"Mons","diameter_km":140.0,"link":"https://planetarynames.wr.usgs.gov/Feature/2496"}},{"type":"Feature","geometry":{"type":"Point","coordinates":[-146.9043,-1.9776]},"properties":{"name":"Amazonis Mensa","type":"Mensa","diameter_km":414.04413,"link":"https://planetarynames.wr.usgs.gov/Feature/219"}},{"type":"Feature","geometry":{"type":"Point","coordinates":[-148.8844,-4.6121]},"properties":{"name":"Tinia Valles","type":"Vallis","diameter_km":17.83382,"link":"https://planetarynames.wr.usgs.gov/Feature/6017"}},{"type":"Feature","geometry":{"type":"Point","coordinates":[141.2615,21.9755]},"properties":{"name":"Hyblaeus Chasma","type":"Chasma","diameter_km":56.61026,"link":"https://planetarynames.wr.usgs.gov/Feature/2599"}},{"type":"Feature","geometry":{"type":"Point","coordinates":[-164.1956,-2.1663]},"properties":{"name":"Medusae Fossae","type":"Fossa","diameter_km":278.52072,"link":"https://planetarynames.wr.usgs.gov/Feature/3795"}},{"type":"Feature","geometry":{"type":"Point","coordinates":[-149.6135,-4.2946]},"properties":{"name":"Asopus Vallis","type":"Vallis","diameter_km":40.817768,"link":"https://planetarynames.wr.usgs.gov/Feature/432"}},{"type":"Feature","geometry":{"type":"Point","coordinates":[178.3538,14.1332]},"properties":{"name":"Orcus Patera","type":"Patera","diameter_km":387.63602,"link":"https://planetarynames.wr.usgs.gov/Feature/4484"}},{"type":"Feature","geometry":{"type":"Point","coordinates":[167.5435,15.4593]},"properties":{"name":"Tartarus Montes","type":"Mons","diameter_km":1086.4637,"link":"https://planetarynames.wr.usgs.gov/Feature/5875"}},{"type":"Feature","geometry":{"type":"Point","coordinates":[164.414,4.4815]},"properties":{"name":"Cerberus Tholi","type":"Tholus","diameter_km":698.0,"link":"https://planetarynames.wr.usgs.gov/Feature/14168"}},{"type":"Feature","geometry":{"type":"Point","coordinates":[137.0557,21.4377]},"properties":{"name":"Hyblaeus Fossae","type":"Fossa","diameter_km":375.0,"link":"https://planetarynames.wr.usgs.gov/Feature/2601"}},{"type":"Feature","geometry":{"type":"Point","coordinates":[-104.2715,-13.8804]},"properties":{"name":"Syria Mons","type":"Mons","diameter_km":73.469673,"link":"https://planetarynames.wr.usgs.gov/Feature/14573"}},{"type":"Feature","geometry":{"type":"Point","coordinates":[88.8357,-11.899]},"properties":{"name":"Tyrrhena Terra","type":"Terra","diameter_km":2470.1377,"link":"https://planetarynames.wr.usgs.gov/Feature/6175"}},{"type":"Feature","geometry":{"type":"Point","coordinates":[-159.7029,-5.0423]},"properties":{"name":"Medusae Sulci","type":"Sulcus","diameter_km":191.51976,"link":"https://planetarynames.wr.usgs.gov/Feature/3796"}},{"type":"Feature","geometry":{"type":"Point","coordinates":[-60.5777,-29.1054]},"properties":{"name":"Protva Valles","type":"Vallis","diameter_km":259.71063,"link":"https://planetarynames.wr.usgs.gov/Feature/4853"}},{"type":"Feature","geometry":{"type":"Point","coordinates":[-125.9495,-18.3477]},"properties":{"name":"Daedalia Planum","type":"Planum","diameter_km":1922.0167,"link":"https://planetarynames.wr.usgs.gov/Feature/1380"}},{"type":"Feature","geometry":{"type":"Point","coordinates":[-68.7814,-2.7]},"properties":{"name":"Ganges Catena","type":"Catena","diameter_km":81.26738,"link":"https://planetarynames.wr.usgs.gov/Feature/2094"}},{"type":"Feature","geometry":{"type":"Point","coordinates":[-98.8482,-2.6934]},"properties":{"name":"Noctis Fossae","type":"Fossa","diameter_km":712.72827,"link":"https://planetarynames.wr.usgs.gov/Feature/4323"}},{"type":"Feature","geometry":{"type":"Point","coordinates":[-48.6217,-10.4129]},"properties":{"name":"Aurorae Planum","type":"Planum","diameter_km":564.48572,"link":"https://planetarynames.wr.usgs.gov/Feature/476"}},{"type":"Feature","geometry":{"type":"Point","coordinates":[-67.7902,-11.8203]},"properties":{"name":"Coprates Labes","type":"Labes","diameter_km":61.974049,"link":"https://planetarynames.wr.usgs.gov/Feature/1303"}},{"type":"Feature","geometry":{"type":"Point","coordinates":[-75.9949,-4.7907]},"properties":{"name":"Candor Labes","type":"Labes","diameter_km":134.93755,"link":"https://planetarynames.wr.usgs.gov/Feature/1001"}},{"type":"Feature","geometry":{"type":"Point","coordinates":[-101.1889,-6.3625]},"properties":{"name":"Noctis Labyrinthus","type":"Labyrinthus","diameter_km":1190.3052,"link":"https://planetarynames.wr.usgs.gov/Feature/4324"}},{"type":"Feature","geometry":{"type":"Point","coordinates":[151.8573,30.8149]},"properties":{"name":"Styx Dorsum","type":"Dorsum","diameter_km":90.668953,"link":"https://planetarynames.wr.usgs.gov/Feature/5735"}},{"type":"Feature","geometry":{"type":"Point","coordinates":[-25.5903,-63.0244]},"properties":{"name":"Doanus Vallis","type":"Vallis","diameter_km":139.90549,"link":"https://planetarynames.wr.usgs.gov/Feature/1558"}},{"type":"Feature","geometry":{"type":"Point","coordinates":[-103.9002,-12.0883]},"properties":{"name":"Syria Planum","type":"Planum","diameter_km":735.74316,"link":"https://planetarynames.wr.usgs.gov/Feature/5794"}},{"type":"Feature","geometry":{"type":"Point","coordinates":[-64.8704,-4.2851]},"properties":{"name":"Baetis Chasma","type":"Chasma","diameter_km":92.208107,"link":"https://planetarynames.wr.usgs.gov/Feature/551"}},{"type":"Feature","geometry":{"type":"Point","coordinates":[-35.1147,-28.8001]},"properties":{"name":"Surinda Valles","type":"Vallis","diameter_km":80.066269,"link":"https://planetarynames.wr.usgs.gov/Feature/5768"}},{"type":"Feature","geometry":{"type":"Point","coordinates":[-26.9634,-3.8947]},"properties":{"name":"Aureum Chaos","type":"Chaos","diameter_km":351.02609,"link":"https://planetarynames.wr.usgs.gov/Feature/473"}},{"type":"Feature","geometry":{"type":"Point","coordinates":[-65.2236,-21.6566]},"properties":{"name":"Thaumasia Planum","type":"Planum","diameter_km":799.6004,"link":"https://planetarynames.wr.usgs.gov/Feature/5954"}},{"type":"Feature","geometry":{"type":"Point","coordinates":[-42.9697,-1.0302]},"properties":{"name":"Aromatum Chaos","type":"Chaos","diameter_km":72.797981,"link":"https://planetarynames.wr.usgs.gov/Feature/390"}},{"type":"Feature","geometry":{"type":"Point","coordinates":[-47.188,-13.7304]},"properties":{"name":"Capri Mensa","type":"Mensa","diameter_km":282.34982,"link":"https://planetarynames.wr.usgs.gov/Feature/1013"}},{"type":"Feature","geometry":{"type":"Point","coordinates":[-68.3717,-5.0278]},"properties":{"name":"Ceti Chasma","type":"Chasma","diameter_km":49.77298,"link":"https://planetarynames.wr.usgs.gov/Feature/1114"}},{"type":"Feature","geometry":{"type":"Point","coordinates":[-72.4521,-5.1663]},"properties":{"name":"Baetis Mensa","type":"Mensa","diameter_km":181.10168,"link":"https://planetarynames.wr.usgs.gov/Feature/552"}},{"type":"Feature","geometry":{"type":"Point","coordinates":[-73.5221,-6.2643]},"properties":{"name":"Candor Mensa","type":"Mensa","diameter_km":116.56377,"link":"https://planetarynames.wr.usgs.gov/Feature/1002"}},{"type":"Feature","geometry":{"type":"Point","coordinates":[-51.4463,-10.0917]},"properties":{"name":"Ganges Cavus","type":"Cavus","diameter_km":43.106232,"link":"https://planetarynames.wr.usgs.gov/Feature/2095"}},{"type":"Feature","geometry":{"type":"Point","coordinates":[171.9819,-11.6239]},"properties":{"name":"Zephyria Mensae","type":"Mensa","diameter_km":333.60544,"link":"https://planetarynames.wr.usgs.gov/Feature/6720"}},{"type":"Feature","geometry":{"type":"Point","coordinates":[142.5628,-76.3219]},"properties":{"name":"Ultima Lingula","type":"Lingula","diameter_km":551.28149,"link":"https://planetarynames.wr.usgs.gov/Feature/6203"}},{"type":"Feature","geometry":{"type":"Point","coordinates":[-46.522,-16.8183]},"properties":{"name":"Eos Chaos","type":"Chaos","diameter_km":497.84937,"link":"https://planetarynames.wr.usgs.gov/Feature/1809"}},{"type":"Feature","geometry":{"type":"Point","coordinates":[-65.9,-21.8652]},"properties":{"name":"Felis Dorsa","type":"Dorsum","diameter_km":244.0,"link":"https://planetarynames.wr.usgs.gov/Feature/1933"}},{"type":"Feature","geometry":{"type":"Point","coordinates":[-48.7531,-7.2252]},"properties":{"name":"Ganges Mensa","type":"Mensa","diameter_km":135.90155,"link":"https://planetarynames.wr.usgs.gov/Feature/2097"}},{"type":"Feature","geometry":{"type":"Point","coordinates":[-72.096,-18.9187]},"properties":{"name":"Melas Dorsa","type":"Dorsum","diameter_km":486.81027,"link":"https://planetarynames.wr.usgs.gov/Feature/3813"}},{"type":"Feature","geometry":{"type":"Point","coordinates":[-78.9245,-12.7715]},"properties":{"name":"Sinai Dorsa","type":"Dorsum","diameter_km":456.53879,"link":"https://planetarynames.wr.usgs.gov/Feature/5547"}},{"type":"Feature","geometry":{"type":"Point","coordinates":[-71.522,-26.283]},"properties":{"name":"Melas Fossae","type":"Fossa","diameter_km":568.18097,"link":"https://planetarynames.wr.usgs.gov/Feature/3814"}},{"type":"Feature","geometry":{"type":"Point","coordinates":[-71.7036,-8.5318]},"properties":{"name":"Melas Labes","type":"Labes","diameter_km":107.23906,"link":"https://planetarynames.wr.usgs.gov/Feature/3815"}},{"type":"Feature","geometry":{"type":"Point","coordinates":[-76.059,-1.0745]},"properties":{"name":"Hebes Chasma","type":"Chasma","diameter_km":316.73981,"link":"https://planetarynames.wr.usgs.gov/Feature/2402"}},{"type":"Feature","geometry":{"type":"Point","coordinates":[-76.7762,-1.0154]},"properties":{"name":"Hebes Mensa","type":"Mensa","diameter_km":112.45932,"link":"https://planetarynames.wr.usgs.gov/Feature/2403"}},{"type":"Feature","geometry":{"type":"Point","coordinates":[-57.1568,-23.085]},"properties":{"name":"Nectaris Fossae","type":"Fossa","diameter_km":623.07233,"link":"https://planetarynames.wr.usgs.gov/Feature/4184"}},{"type":"Feature","geometry":{"type":"Point","coordinates":[-81.6163,-7.7235]},"properties":{"name":"Geryon Montes","type":"Mons","diameter_km":377.82764,"link":"https://planetarynames.wr.usgs.gov/Feature/2151"}},{"type":"Feature","geometry":{"type":"Point","coordinates":[-129.5639,3.5508]},"properties":{"name":"Gigas Fossae","type":"Fossa","diameter_km":190.0,"link":"https://planetarynames.wr.usgs.gov/Feature/2157"}},{"type":"Feature","geometry":{"type":"Point","coordinates":[-46.0401,-9.7611]},"properties":{"name":"Ganges Chaos","type":"Chaos","diameter_km":113.73386,"link":"https://planetarynames.wr.usgs.gov/Feature/14169"}},{"type":"Feature","geometry":{"type":"Point","coordinates":[-62.007,-6.7507]},"properties":{"name":"Hydrae Chasma","type":"Chasma","diameter_km":55.17543,"link":"https://planetarynames.wr.usgs.gov/Feature/2604"}},{"type":"Feature","geometry":{"type":"Point","coordinates":[-78.4625,-7.4736]},"properties":{"name":"Ius Labes","type":"Labes","diameter_km":61.180641,"link":"https://planetarynames.wr.usgs.gov/Feature/2758"}},{"type":"Feature","geometry":{"type":"Point","coordinates":[-83.0389,-4.3198]},"properties":{"name":"Tithoniae Fossae","type":"Fossa","diameter_km":838.0,"link":"https://planetarynames.wr.usgs.gov/Feature/6031"}},{"type":"Feature","geometry":{"type":"Point","coordinates":[-61.387,-3.3662]},"properties":{"name":"Juventae Chasma","type":"Chasma","diameter_km":304.98666,"link":"https://planetarynames.wr.usgs.gov/Feature/2874"}},{"type":"Feature","geometry":{"type":"Point","coordinates":[88.1348,-19.8709]},"properties":{"name":"Vichada Valles","type":"Vallis","diameter_km":438.31454,"link":"https://planetarynames.wr.usgs.gov/Feature/6378"}},{"type":"Feature","geometry":{"type":"Point","coordinates":[-71.0183,0.3885]},"properties":{"name":"Juventae Dorsa","type":"Dorsum","diameter_km":481.40591,"link":"https://planetarynames.wr.usgs.gov/Feature/2875"}},{"type":"Feature","geometry":{"type":"Point","coordinates":[-84.2894,-4.6046]},"properties":{"name":"Tithonium Chasma","type":"Chasma","diameter_km":802.77606,"link":"https://planetarynames.wr.usgs.gov/Feature/6032"}},{"type":"Feature","geometry":{"type":"Point","coordinates":[-42.0659,-8.2737]},"properties":{"name":"Capri Chasma","type":"Chasma","diameter_km":1471.5568,"link":"https://planetarynames.wr.usgs.gov/Feature/1012"}},{"type":"Feature","geometry":{"type":"Point","coordinates":[-58.5877,-14.0059]},"properties":{"name":"Valles Marineris","type":"Vallis","diameter_km":3761.2778,"link":"https://planetarynames.wr.usgs.gov/Feature/6288"}},{"type":"Feature","geometry":{"type":"Point","coordinates":[115.7222,-24.1994]},"properties":{"name":"Tyrrhena Dorsa","type":"Dorsum","diameter_km":779.4007,"link":"https://planetarynames.wr.usgs.gov/Feature/6171"}},{"type":"Feature","geometry":{"type":"Point","coordinates":[-71.7745,-14.7331]},"properties":{"name":"Nia Fossae","type":"Fossa","diameter_km":379.55634,"link":"https://planetarynames.wr.usgs.gov/Feature/4243"}},{"type":"Feature","geometry":{"type":"Point","coordinates":[-55.0401,-9.886]},"properties":{"name":"Ophir Cavus","type":"Cavus","diameter_km":36.71701,"link":"https://planetarynames.wr.usgs.gov/Feature/4475"}},{"type":"Feature","geometry":{"type":"Point","coordinates":[-60.3992,-0.1671]},"properties":{"name":"Baetis Chaos","type":"Chaos","diameter_km":66.661537,"link":"https://planetarynames.wr.usgs.gov/Feature/14149"}},{"type":"Feature","geometry":{"type":"Point","coordinates":[175.7518,-17.6377]},"properties":{"name":"Apollinaris Tholus","type":"Tholus","diameter_km":32.392311,"link":"https://planetarynames.wr.usgs.gov/Feature/325"}},{"type":"Feature","geometry":{"type":"Point","coordinates":[-40.1216,-48.307]},"properties":{"name":"Argyre Cavi","type":"Cavus","diameter_km":72.327652,"link":"https://planetarynames.wr.usgs.gov/Feature/370"}},{"type":"Feature","geometry":{"type":"Point","coordinates":[-72.3516,-4.0031]},"properties":{"name":"Ophir Chasma","type":"Chasma","diameter_km":314.711,"link":"https://planetarynames.wr.usgs.gov/Feature/4476"}},{"type":"Feature","geometry":{"type":"Point","coordinates":[-68.2789,-11.0105]},"properties":{"name":"Ophir Labes","type":"Labes","diameter_km":92.52594,"link":"https://planetarynames.wr.usgs.gov/Feature/4477"}},{"type":"Feature","geometry":{"type":"Point","coordinates":[-57.8201,-8.4548]},"properties":{"name":"Ophir Planum","type":"Planum","diameter_km":642.23767,"link":"https://planetarynames.wr.usgs.gov/Feature/4478"}},{"type":"Feature","geometry":{"type":"Point","coordinates":[114.5363,-6.6756]},"properties":{"name":"Tagus Valles","type":"Vallis","diameter_km":144.58473,"link":"https://planetarynames.wr.usgs.gov/Feature/5821"}},{"type":"Feature","geometry":{"type":"Point","coordinates":[-87.7617,-13.7205]},"properties":{"name":"Sinai Planum","type":"Planum","diameter_km":901.44397,"link":"https://planetarynames.wr.usgs.gov/Feature/5548"}},{"type":"Feature","geometry":{"type":"Point","coordinates":[-79.7448,-22.8764]},"properties":{"name":"Solis Dorsa","type":"Dorsum","diameter_km":779.49707,"link":"https://planetarynames.wr.usgs.gov/Feature/5623"}},{"type":"Feature","geometry":{"type":"Point","coordinates":[-89.6669,-26.3994]},"properties":{"name":"Solis Planum","type":"Planum","diameter_km":1811.2274,"link":"https://planetarynames.wr.usgs.gov/Feature/5625"}},{"type":"Feature","geometry":{"type":"Point","coordinates":[-24.9223,-1.8497]},"properties":{"name":"Margaritifer Terra","type":"Terra","diameter_km":2733.2239,"link":"https://planetarynames.wr.usgs.gov/Feature/3701"}},{"type":"Feature","geometry":{"type":"Point","coordinates":[-27.916,-7.6574]},"properties":{"name":"Arsinoes Chaos","type":"Chaos","diameter_km":200.08405,"link":"https://planetarynames.wr.usgs.gov/Feature/396"}},{"type":"Feature","geometry":{"type":"Point","coordinates":[-40.6104,-0.2825]},"properties":{"name":"Iamuna Chaos","type":"Chaos","diameter_km":21.71851,"link":"https://planetarynames.wr.usgs.gov/Feature/2625"}},{"type":"Feature","geometry":{"type":"Point","coordinates":[140.6307,-3.2532]},"properties":{"name":"Aeolis Mensae","type":"Mensa","diameter_km":785.08899,"link":"https://planetarynames.wr.usgs.gov/Feature/66"}},{"type":"Feature","geometry":{"type":"Point","coordinates":[105.2908,-13.7396]},"properties":{"name":"Cerberus Dorsa","type":"Dorsum","diameter_km":623.05139,"link":"https://planetarynames.wr.usgs.gov/Feature/1108"}},{"type":"Feature","geometry":{"type":"Point","coordinates":[-34.8149,-8.4693]},"properties":{"name":"Aurorae Chaos","type":"Chaos","diameter_km":713.91583,"link":"https://planetarynames.wr.usgs.gov/Feature/475"}},{"type":"Feature","geometry":{"type":"Point","coordinates":[58.2466,-10.4952]},"properties":{"name":"Liris Valles","type":"Vallis","diameter_km":596.23883,"link":"https://planetarynames.wr.usgs.gov/Feature/3420"}},{"type":"Feature","geometry":{"type":"Point","coordinates":[-39.1737,-12.1472]},"properties":{"name":"Eos Chasma","type":"Chasma","diameter_km":1305.6874,"link":"https://planetarynames.wr.usgs.gov/Feature/1810"}},{"type":"Feature","geometry":{"type":"Point","coordinates":[-42.1609,-11.009]},"properties":{"name":"Eos Mensa","type":"Mensa","diameter_km":346.66953,"link":"https://planetarynames.wr.usgs.gov/Feature/1811"}},{"type":"Feature","geometry":{"type":"Point","coordinates":[177.4663,-11.0642]},"properties":{"name":"Apollinaris Sulci","type":"Sulcus","diameter_km":188.63593,"link":"https://planetarynames.wr.usgs.gov/Feature/324"}},{"type":"Feature","geometry":{"type":"Point","coordinates":[-170.9023,-37.2621]},"properties":{"name":"Gorgonum Chaos","type":"Chaos","diameter_km":150.70802,"link":"https://planetarynames.wr.usgs.gov/Feature/2224"}},{"type":"Feature","geometry":{"type":"Point","coordinates":[-106.0356,-43.2703]},"properties":{"name":"Icaria Planum","type":"Planum","diameter_km":566.58813,"link":"https://planetarynames.wr.usgs.gov/Feature/2641"}},{"type":"Feature","geometry":{"type":"Point","coordinates":[46.7155,-10.7547]},"properties":{"name":"Tisia Valles","type":"Vallis","diameter_km":384.0495,"link":"https://planetarynames.wr.usgs.gov/Feature/6028"}},{"type":"Feature","geometry":{"type":"Point","coordinates":[-17.042,-2.1921]},"properties":{"name":"Iani Chaos","type":"Chaos","diameter_km":450.50797,"link":"https://planetarynames.wr.usgs.gov/Feature/2629"}},{"type":"Feature","geometry":{"type":"Point","coordinates":[-21.7046,-9.3015]},"properties":{"name":"Margaritifer Chaos","type":"Chaos","diameter_km":383.6698,"link":"https://planetarynames.wr.usgs.gov/Feature/3699"}},{"type":"Feature","geometry":{"type":"Point","coordinates":[170.9004,-6.032]},"properties":{"name":"Avernus Dorsa","type":"Dorsum","diameter_km":296.59344,"link":"https://planetarynames.wr.usgs.gov/Feature/505"}},{"type":"Feature","geometry":{"type":"Point","coordinates":[136.796,-6.0301]},"properties":{"name":"Farah Vallis","type":"Vallis","diameter_km":76.373001,"link":"https://planetarynames.wr.usgs.gov/Feature/15109"}},{"type":"Feature","geometry":{"type":"Point","coordinates":[-28.3994,-10.4609]},"properties":{"name":"Pyrrhae Chaos","type":"Chaos","diameter_km":162.35339,"link":"https://planetarynames.wr.usgs.gov/Feature/4884"}},{"type":"Feature","geometry":{"type":"Point","coordinates":[-42.9015,-9.4391]},"properties":{"name":"Columbia Valles","type":"Vallis","diameter_km":84.820297,"link":"https://planetarynames.wr.usgs.gov/Feature/14151"}},{"type":"Feature","geometry":{"type":"Point","coordinates":[-12.3776,-21.8447]},"properties":{"name":"Erythraeum Chaos","type":"Chaos","diameter_km":147.6256,"link":"https://planetarynames.wr.usgs.gov/Feature/14325"}},{"type":"Feature","geometry":{"type":"Point","coordinates":[18.7032,-6.0791]},"properties":{"name":"Brazos Valles","type":"Vallis","diameter_km":387.50574,"link":"https://planetarynames.wr.usgs.gov/Feature/867"}},{"type":"Feature","geometry":{"type":"Point","coordinates":[14.0518,-80.1866]},"properties":{"name":"Australe Montes","type":"Mons","diameter_km":411.67239,"link":"https://planetarynames.wr.usgs.gov/Feature/486"}},{"type":"Feature","geometry":{"type":"Point","coordinates":[95.4277,-29.6067]},"properties":{"name":"Peraea Cavus","type":"Cavus","diameter_km":56.236851,"link":"https://planetarynames.wr.usgs.gov/Feature/4650"}},{"type":"Feature","geometry":{"type":"Point","coordinates":[28.3197,-63.9552]},"properties":{"name":"Pityusa Rupes","type":"Rupes","diameter_km":430.13965,"link":"https://planetarynames.wr.usgs.gov/Feature/4743"}},{"type":"Feature","geometry":{"type":"Point","coordinates":[174.1825,-8.5743]},"properties":{"name":"Apollinaris Patera","type":"Patera","diameter_km":89.601318,"link":"https://planetarynames.wr.usgs.gov/Feature/323"}},{"type":"Feature","geometry":{"type":"Point","coordinates":[-125.1617,-48.0888]},"properties":{"name":"Icaria Fossae","type":"Fossa","diameter_km":2115.449,"link":"https://planetarynames.wr.usgs.gov/Feature/2640"}},{"type":"Feature","geometry":{"type":"Point","coordinates":[172.5191,-3.7173]},"properties":{"name":"Avernus Cavi","type":"Cavus","diameter_km":115.0,"link":"https://planetarynames.wr.usgs.gov/Feature/503"}},{"type":"Feature","geometry":{"type":"Point","coordinates":[-64.4937,-33.8722]},"properties":{"name":"Bosporos Planum","type":"Planum","diameter_km":729.58099,"link":"https://planetarynames.wr.usgs.gov/Feature/834"}},{"type":"Feature","geometry":{"type":"Point","coordinates":[172.922,-19.7458]},"properties":{"name":"Zephyria Tholus","type":"Tholus","diameter_km":35.948601,"link":"https://planetarynames.wr.usgs.gov/Feature/6721"}},{"type":"Feature","geometry":{"type":"Point","coordinates":[144.7648,-1.1366]},"properties":{"name":"Aeolis Planum","type":"Planum","diameter_km":852.80737,"link":"https://planetarynames.wr.usgs.gov/Feature/14165"}},{"type":"Feature","geometry":{"type":"Point","coordinates":[-41.2259,-54.926]},"properties":{"name":"Oceanidum Mons","type":"Mons","diameter_km":33.394989,"link":"https://planetarynames.wr.usgs.gov/Feature/4394"}},{"type":"Feature","geometry":{"type":"Point","coordinates":[174.793,-9.1712]},"properties":{"name":"Apollinaris Mons","type":"Mons","diameter_km":275.39508,"link":"https://planetarynames.wr.usgs.gov/Feature/14307"}},{"type":"Feature","geometry":{"type":"Point","coordinates":[-177.309,-34.2757]},"properties":{"name":"Atlantis Chaos","type":"Chaos","diameter_km":181.36763,"link":"https://planetarynames.wr.usgs.gov/Feature/457"}},{"type":"Feature","geometry":{"type":"Point","coordinates":[-21.6471,-23.5017]},"properties":{"name":"Oltis Valles","type":"Vallis","diameter_km":169.2979,"link":"https://planetarynames.wr.usgs.gov/Feature/4446"}},{"type":"Feature","geometry":{"type":"Point","coordinates":[-37.6525,-53.7234]},"properties":{"name":"Chalce Montes","type":"Mons","diameter_km":100.0,"link":"https://planetarynames.wr.usgs.gov/Feature/1124"}},{"type":"Feature","geometry":{"type":"Point","coordinates":[-78.6745,-57.8975]},"properties":{"name":"Aonia Planum","type":"Planum","diameter_km":563.45172,"link":"https://planetarynames.wr.usgs.gov/Feature/310"}},{"type":"Feature","geometry":{"type":"Point","coordinates":[52.6453,-57.8166]},"properties":{"name":"Peneus Patera","type":"Patera","diameter_km":128.50394,"link":"https://planetarynames.wr.usgs.gov/Feature/4646"}},{"type":"Feature","geometry":{"type":"Point","coordinates":[-104.2377,-27.8873]},"properties":{"name":"Claritas Fossae","type":"Fossa","diameter_km":2030.6376,"link":"https://planetarynames.wr.usgs.gov/Feature/1230"}},{"type":"Feature","geometry":{"type":"Point","coordinates":[-80.863,-35.8159]},"properties":{"name":"Coracis Fossae","type":"Fossa","diameter_km":748.95813,"link":"https://planetarynames.wr.usgs.gov/Feature/1305"}},{"type":"Feature","geometry":{"type":"Point","coordinates":[-91.049,-47.7503]},"properties":{"name":"Thaumasia Fossae","type":"Fossa","diameter_km":996.18231,"link":"https://planetarynames.wr.usgs.gov/Feature/5953"}},{"type":"Feature","geometry":{"type":"Point","coordinates":[-126.0027,-8.4885]},"properties":{"name":"Aganippe Fossa","type":"Fossa","diameter_km":537.16272,"link":"https://planetarynames.wr.usgs.gov/Feature/79"}},{"type":"Feature","geometry":{"type":"Point","coordinates":[-43.3098,-49.8406]},"properties":{"name":"Argyre Planitia","type":"Planitia","diameter_km":892.93286,"link":"https://planetarynames.wr.usgs.gov/Feature/371"}},{"type":"Feature","geometry":{"type":"Point","coordinates":[51.5855,-63.5428]},"properties":{"name":"Malea Patera","type":"Patera","diameter_km":241.60609,"link":"https://planetarynames.wr.usgs.gov/Feature/3604"}},{"type":"Feature","geometry":{"type":"Point","coordinates":[-43.2113,-37.5732]},"properties":{"name":"Nereidum Montes","type":"Mons","diameter_km":1142.5846,"link":"https://planetarynames.wr.usgs.gov/Feature/4214"}},{"type":"Feature","geometry":{"type":"Point","coordinates":[86.1144,-31.0782]},"properties":{"name":"Peraea Mons","type":"Mons","diameter_km":14.94037,"link":"https://planetarynames.wr.usgs.gov/Feature/4651"}},{"type":"Feature","geometry":{"type":"Point","coordinates":[-45.9699,-52.5724]},"properties":{"name":"Octantis Cavi","type":"Cavus","diameter_km":71.213982,"link":"https://planetarynames.wr.usgs.gov/Feature/4398"}},{"type":"Feature","geometry":{"type":"Point","coordinates":[-42.8525,-55.2588]},"properties":{"name":"Octantis Mons","type":"Mons","diameter_km":19.085899,"link":"https://planetarynames.wr.usgs.gov/Feature/4399"}},{"type":"Feature","geometry":{"type":"Point","coordinates":[96.5536,-31.9201]},"properties":{"name":"Ausonia Cavus","type":"Cavus","diameter_km":49.497452,"link":"https://planetarynames.wr.usgs.gov/Feature/480"}},{"type":"Feature","geometry":{"type":"Point","coordinates":[97.7203,-30.0156]},"properties":{"name":"Ausonia Mensa","type":"Mensa","diameter_km":102.51453,"link":"https://planetarynames.wr.usgs.gov/Feature/481"}},{"type":"Feature","geometry":{"type":"Point","coordinates":[70.7247,-54.5265]},"properties":{"name":"Axius Valles","type":"Vallis","diameter_km":435.94598,"link":"https://planetarynames.wr.usgs.gov/Feature/515"}},{"type":"Feature","geometry":{"type":"Point","coordinates":[91.8567,-31.2938]},"properties":{"name":"Hadriacus Mons","type":"Mons","diameter_km":450.0,"link":"https://planetarynames.wr.usgs.gov/Feature/14309"}},{"type":"Feature","geometry":{"type":"Point","coordinates":[-156.8662,-7.6743]},"properties":{"name":"Deva Vallis","type":"Vallis","diameter_km":53.651562,"link":"https://planetarynames.wr.usgs.gov/Feature/1511"}},{"type":"Feature","geometry":{"type":"Point","coordinates":[165.9869,-48.8642]},"properties":{"name":"Drava Valles","type":"Vallis","diameter_km":159.02972,"link":"https://planetarynames.wr.usgs.gov/Feature/1636"}},{"type":"Feature","geometry":{"type":"Point","coordinates":[-39.3887,-21.6458]},"properties":{"name":"Roddy","type":"Crater","diameter_km":85.820999,"link":"https://planetarynames.wr.usgs.gov/Feature/15118"}},{"type":"Feature","geometry":{"type":"Point","coordinates":[-36.9965,-18.2558]},"properties":{"name":"Luba","type":"Crater","diameter_km":38.327,"link":"https://planetarynames.wr.usgs.gov/Feature/15119"}},{"type":"Feature","geometry":{"type":"Point","coordinates":[141.7941,-52.6127]},"properties":{"name":"Eridania Scopulus","type":"Scopulus","diameter_km":1017.6571,"link":"https://planetarynames.wr.usgs.gov/Feature/1827"}},{"type":"Feature","geometry":{"type":"Point","coordinates":[139.4978,-59.1362]},"properties":{"name":"Planum Chronium","type":"Planum","diameter_km":576.37781,"link":"https://planetarynames.wr.usgs.gov/Feature/4755"}},{"type":"Feature","geometry":{"type":"Point","coordinates":[95.5219,-38.6712]},"properties":{"name":"Centauri Montes","type":"Mons","diameter_km":271.0,"link":"https://planetarynames.wr.usgs.gov/Feature/1100"}},{"type":"Feature","geometry":{"type":"Point","coordinates":[154.8325,-5.8852]},"properties":{"name":"Kalba","type":"Crater","diameter_km":14.148,"link":"https://planetarynames.wr.usgs.gov/Feature/15121"}},{"type":"Feature","geometry":{"type":"Point","coordinates":[97.6087,-37.6341]},"properties":{"name":"Hellas Montes","type":"Mons","diameter_km":159.64883,"link":"https://planetarynames.wr.usgs.gov/Feature/2431"}},{"type":"Feature","geometry":{"type":"Point","coordinates":[70.5025,-42.4301]},"properties":{"name":"Hellas Planitia","type":"Planitia","diameter_km":2299.1624,"link":"https://planetarynames.wr.usgs.gov/Feature/2432"}},{"type":"Feature","geometry":{"type":"Point","coordinates":[-61.6655,-72.4944]},"properties":{"name":"Argentea Planum","type":"Planum","diameter_km":1370.6447,"link":"https://planetarynames.wr.usgs.gov/Feature/364"}},{"type":"Feature","geometry":{"type":"Point","coordinates":[-95.071,-73.6689]},"properties":{"name":"Parva Planum","type":"Planum","diameter_km":1027.3241,"link":"https://planetarynames.wr.usgs.gov/Feature/4597"}},{"type":"Feature","geometry":{"type":"Point","coordinates":[-19.3138,24.3213]},"properties":{"name":"Muara","type":"Crater","diameter_km":3.826,"link":"https://planetarynames.wr.usgs.gov/Feature/15115"}},{"type":"Feature","geometry":{"type":"Point","coordinates":[146.6631,-0.1689]},"properties":{"name":"Gunjur","type":"Crater","diameter_km":26.848,"link":"https://planetarynames.wr.usgs.gov/Feature/15120"}},{"type":"Feature","geometry":{"type":"Point","coordinates":[-112.9377,-83.4768]},"properties":{"name":"Australe Scopuli","type":"Scopulus","diameter_km":504.57782,"link":"https://planetarynames.wr.usgs.gov/Feature/487"}},{"type":"Feature","geometry":{"type":"Point","coordinates":[151.3077,-3.3927]},"properties":{"name":"Neves","type":"Crater","diameter_km":22.134001,"link":"https://planetarynames.wr.usgs.gov/Feature/15122"}},{"type":"Feature","geometry":{"type":"Point","coordinates":[150.5275,-2.0074]},"properties":{"name":"Obock","type":"Crater","diameter_km":14.451,"link":"https://planetarynames.wr.usgs.gov/Feature/15123"}},{"type":"Feature","geometry":{"type":"Point","coordinates":[149.2856,0.3989]},"properties":{"name":"Quthing","type":"Crater","diameter_km":15.587,"link":"https://planetarynames.wr.usgs.gov/Feature/15124"}},{"type":"Feature","geometry":{"type":"Point","coordinates":[148.539,4.2469]},"properties":{"name":"Wafra","type":"Crater","diameter_km":30.195,"link":"https://planetarynames.wr.usgs.gov/Feature/15126"}},{"type":"Feature","geometry":{"type":"Point","coordinates":[-19.1828,24.2643]},"properties":{"name":"Tarrafal","type":"Crater","diameter_km":4.8930001,"link":"https://planetarynames.wr.usgs.gov/Feature/15116"}},{"type":"Feature","geometry":{"type":"Point","coordinates":[-33.3872,-77.6285]},"properties":{"name":"Dorsa Argentea","type":"Dorsum","diameter_km":339.26367,"link":"https://planetarynames.wr.usgs.gov/Feature/1588"}},{"type":"Feature","geometry":{"type":"Point","coordinates":[154.6805,-3.6303]},"properties":{"name":"Asau","type":"Crater","diameter_km":25.049999,"link":"https://planetarynames.wr.usgs.gov/Feature/15125"}},{"type":"Feature","geometry":{"type":"Point","coordinates":[172.7754,-34.4978]},"properties":{"name":"Ariadnes Colles","type":"Collis","diameter_km":188.00575,"link":"https://planetarynames.wr.usgs.gov/Feature/375"}},{"type":"Feature","geometry":{"type":"Point","coordinates":[68.5593,-84.0527]},"properties":{"name":"Australe Lingula","type":"Lingula","diameter_km":436.33115,"link":"https://planetarynames.wr.usgs.gov/Feature/484"}},{"type":"Feature","geometry":{"type":"Point","coordinates":[178.0124,-61.4935]},"properties":{"name":"Chronius Mons","type":"Mons","diameter_km":56.143829,"link":"https://planetarynames.wr.usgs.gov/Feature/14180"}},{"type":"Feature","geometry":{"type":"Point","coordinates":[122.2145,-38.1485]},"properties":{"name":"Eridania Planitia","type":"Planitia","diameter_km":1062.1301,"link":"https://planetarynames.wr.usgs.gov/Feature/14779"}},{"type":"Feature","geometry":{"type":"Point","coordinates":[88.3602,-79.1841]},"properties":{"name":"Promethei Planum","type":"Planum","diameter_km":831.28461,"link":"https://planetarynames.wr.usgs.gov/Feature/4832"}},{"type":"Feature","geometry":{"type":"Point","coordinates":[172.7957,-9.1954]},"properties":{"name":"Avernus Rupes","type":"Rupes","diameter_km":223.32047,"link":"https://planetarynames.wr.usgs.gov/Feature/506"}},{"type":"Feature","geometry":{"type":"Point","coordinates":[119.892,-82.7969]},"properties":{"name":"Promethei Lingula","type":"Lingula","diameter_km":571.62677,"link":"https://planetarynames.wr.usgs.gov/Feature/4831"}},{"type":"Feature","geometry":{"type":"Point","coordinates":[133.062,-84.9859]},"properties":{"name":"Australe Sulci","type":"Sulcus","diameter_km":357.90768,"link":"https://planetarynames.wr.usgs.gov/Feature/488"}},{"type":"Feature","geometry":{"type":"Point","coordinates":[-149.9764,-4.5227]},"properties":{"name":"Padus Vallis","type":"Vallis","diameter_km":57.424358,"link":"https://planetarynames.wr.usgs.gov/Feature/4547"}},{"type":"Feature","geometry":{"type":"Point","coordinates":[126.5379,-69.8798]},"properties":{"name":"Thyles Montes","type":"Mons","diameter_km":380.0,"link":"https://planetarynames.wr.usgs.gov/Feature/14179"}},{"type":"Feature","geometry":{"type":"Point","coordinates":[-105.2607,-25.037]},"properties":{"name":"Claritas Rupes","type":"Rupes","diameter_km":952.87488,"link":"https://planetarynames.wr.usgs.gov/Feature/1231"}},{"type":"Feature","geometry":{"type":"Point","coordinates":[-74.7473,-78.1636]},"properties":{"name":"Cavi Angusti","type":"Cavus","diameter_km":640.03723,"link":"https://planetarynames.wr.usgs.gov/Feature/1088"}},{"type":"Feature","geometry":{"type":"Point","coordinates":[95.0315,-82.3546]},"properties":{"name":"Chasma Australe","type":"Chasma","diameter_km":352.60831,"link":"https://planetarynames.wr.usgs.gov/Feature/1160"}},{"type":"Feature","geometry":{"type":"Point","coordinates":[-83.2025,-79.8007]},"properties":{"name":"Planum Angustum","type":"Planum","diameter_km":206.40958,"link":"https://planetarynames.wr.usgs.gov/Feature/4752"}},{"type":"Feature","geometry":{"type":"Point","coordinates":[-97.0453,-60.2034]},"properties":{"name":"Aonia Terra","type":"Terra","diameter_km":3873.4795,"link":"https://planetarynames.wr.usgs.gov/Feature/311"}},{"type":"Feature","geometry":{"type":"Point","coordinates":[141.3855,-82.664]},"properties":{"name":"Promethei Chasma","type":"Chasma","diameter_km":295.27982,"link":"https://planetarynames.wr.usgs.gov/Feature/4830"}},{"type":"Feature","geometry":{"type":"Point","coordinates":[-162.7382,-35.5739]},"properties":{"name":"Sirenum Fossae","type":"Fossa","diameter_km":2731.2107,"link":"https://planetarynames.wr.usgs.gov/Feature/5575"}},{"type":"Feature","geometry":{"type":"Point","coordinates":[105.1835,-44.823]},"properties":{"name":"Euripus Mons","type":"Mons","diameter_km":88.913521,"link":"https://planetarynames.wr.usgs.gov/Feature/1873"}},{"type":"Feature","geometry":{"type":"Point","coordinates":[151.3677,-81.0972]},"properties":{"name":"Ultimum Chasma","type":"Chasma","diameter_km":322.08817,"link":"https://planetarynames.wr.usgs.gov/Feature/6205"}},{"type":"Feature","geometry":{"type":"Point","coordinates":[13.0797,-69.6535]},"properties":{"name":"Sisyphi Montes","type":"Mons","diameter_km":200.0,"link":"https://planetarynames.wr.usgs.gov/Feature/5580"}},{"type":"Feature","geometry":{"type":"Point","coordinates":[-63.3901,-81.6218]},"properties":{"name":"Angustus Labyrinthus","type":"Labyrinthus","diameter_km":67.52359,"link":"https://planetarynames.wr.usgs.gov/Feature/14177"}},{"type":"Feature","geometry":{"type":"Point","coordinates":[-18.5328,-75.6849]},"properties":{"name":"Sisyphi Tholus","type":"Tholus","diameter_km":27.523411,"link":"https://planetarynames.wr.usgs.gov/Feature/14178"}},{"type":"Feature","geometry":{"type":"Point","coordinates":[-154.1521,-39.4946]},"properties":{"name":"Terra Sirenum","type":"Terra","diameter_km":3635.1792,"link":"https://planetarynames.wr.usgs.gov/Feature/5932"}},{"type":"Feature","geometry":{"type":"Point","coordinates":[86.1094,-34.3094]},"properties":{"name":"Coronae Montes","type":"Mons","diameter_km":247.39606,"link":"https://planetarynames.wr.usgs.gov/Feature/1315"}},{"type":"Feature","geometry":{"type":"Point","coordinates":[64.4081,-47.1212]},"properties":{"name":"Hellas Chaos","type":"Chaos","diameter_km":590.62305,"link":"https://planetarynames.wr.usgs.gov/Feature/2430"}},{"type":"Feature","geometry":{"type":"Point","coordinates":[-28.6084,-22.4322]},"properties":{"name":"Ladon Valles","type":"Vallis","diameter_km":244.5946,"link":"https://planetarynames.wr.usgs.gov/Feature/3224"}},{"type":"Feature","geometry":{"type":"Point","coordinates":[-54.5261,-33.0279]},"properties":{"name":"Ogygis Rupes","type":"Rupes","diameter_km":184.23106,"link":"https://planetarynames.wr.usgs.gov/Feature/4416"}},{"type":"Feature","geometry":{"type":"Point","coordinates":[-177.17,-4.99]},"properties":{"name":"Lucus Planum","type":"Planum","diameter_km":899.8681,"link":"https://planetarynames.wr.usgs.gov/Feature/3506"}},{"type":"Feature","geometry":{"type":"Point","coordinates":[170.37,25.08]},"properties":{"name":"Phlegra Dorsa","type":"Dorsum","diameter_km":2818.614,"link":"https://planetarynames.wr.usgs.gov/Feature/4700"}},{"type":"Feature","geometry":{"type":"Point","coordinates":[175.189,21.245]},"properties":{"name":"Tartarus Colles","type":"Collis","diameter_km":1672.6892,"link":"https://planetarynames.wr.usgs.gov/Feature/5874"}},{"type":"Feature","geometry":{"type":"Point","coordinates":[150.7761,18.0891]},"properties":{"name":"Albor Fossae","type":"Fossa","diameter_km":155.0,"link":"https://planetarynames.wr.usgs.gov/Feature/165"}},{"type":"Feature","geometry":{"type":"Point","coordinates":[-79.0645,20.6827]},"properties":{"name":"Nilus Dorsa","type":"Dorsum","diameter_km":292.90063,"link":"https://planetarynames.wr.usgs.gov/Feature/4282"}},{"type":"Feature","geometry":{"type":"Point","coordinates":[-90.252,38.1261]},"properties":{"name":"Issedon Paterae","type":"Patera","diameter_km":5.3105698,"link":"https://planetarynames.wr.usgs.gov/Feature/2745"}},{"type":"Feature","geometry":{"type":"Point","coordinates":[-75.8557,37.4824]},"properties":{"name":"Labeatis Mons","type":"Mons","diameter_km":42.78009,"link":"https://planetarynames.wr.usgs.gov/Feature/3193"}},{"type":"Feature","geometry":{"type":"Point","coordinates":[141.5142,22.3852]},"properties":{"name":"Elysium Chasma","type":"Chasma","diameter_km":130.0,"link":"https://planetarynames.wr.usgs.gov/Feature/1781"}},{"type":"Feature","geometry":{"type":"Point","coordinates":[-37.091,-12.02]},"properties":{"name":"Tigre Valles","type":"Vallis","diameter_km":102.81902,"link":"https://planetarynames.wr.usgs.gov/Feature/14792"}},{"type":"Feature","geometry":{"type":"Point","coordinates":[-92.148,-41.8385]},"properties":{"name":"Warrego Valles","type":"Vallis","diameter_km":205.07962,"link":"https://planetarynames.wr.usgs.gov/Feature/6491"}},{"type":"Feature","geometry":{"type":"Point","coordinates":[113.7799,-33.3255]},"properties":{"name":"Waikato Vallis","type":"Vallis","diameter_km":228.0332,"link":"https://planetarynames.wr.usgs.gov/Feature/14745"}},{"type":"Feature","geometry":{"type":"Point","coordinates":[20.5659,-55.6382]},"properties":{"name":"Chalcoporos Rupes","type":"Rupes","diameter_km":404.98444,"link":"https://planetarynames.wr.usgs.gov/Feature/1125"}},{"type":"Feature","geometry":{"type":"Point","coordinates":[-3.26349999999996,-25.6776]},"properties":{"name":"Bashkaus Valles","type":"Vallis","diameter_km":246.925,"link":"https://planetarynames.wr.usgs.gov/Feature/15147"}},{"type":"Feature","geometry":{"type":"Point","coordinates":[-9.79519999999997,-23.189]},"properties":{"name":"Parana Valles","type":"Vallis","diameter_km":329.12988,"link":"https://planetarynames.wr.usgs.gov/Feature/4585"}},{"type":"Feature","geometry":{"type":"Point","coordinates":[-32.3128,-20.403]},"properties":{"name":"Arda Valles","type":"Vallis","diameter_km":173.67429,"link":"https://planetarynames.wr.usgs.gov/Feature/352"}},{"type":"Feature","geometry":{"type":"Point","coordinates":[-75.0438,23.7933]},"properties":{"name":"Uranius Dorsum","type":"Dorsum","diameter_km":542.08295,"link":"https://planetarynames.wr.usgs.gov/Feature/6235"}},{"type":"Feature","geometry":{"type":"Point","coordinates":[-24.2041,-13.5669]},"properties":{"name":"Morava Valles","type":"Vallis","diameter_km":364.09689,"link":"https://planetarynames.wr.usgs.gov/Feature/14449"}},{"type":"Feature","geometry":{"type":"Point","coordinates":[-152.2323,-66.7688]},"properties":{"name":"Chico Valles","type":"Vallis","diameter_km":446.35397,"link":"https://planetarynames.wr.usgs.gov/Feature/1179"}},{"type":"Feature","geometry":{"type":"Point","coordinates":[-25.6083,10.2924]},"properties":{"name":"Ares Vallis","type":"Vallis","diameter_km":1757.6658,"link":"https://planetarynames.wr.usgs.gov/Feature/358"}},{"type":"Feature","geometry":{"type":"Point","coordinates":[166.3738,11.2766]},"properties":{"name":"Cerberus Fossae","type":"Fossa","diameter_km":1235.0,"link":"https://planetarynames.wr.usgs.gov/Feature/1109"}},{"type":"Feature","geometry":{"type":"Point","coordinates":[-57.1439,20.4215]},"properties":{"name":"Bahram Vallis","type":"Vallis","diameter_km":269.68008,"link":"https://planetarynames.wr.usgs.gov/Feature/558"}},{"type":"Feature","geometry":{"type":"Point","coordinates":[-84.1583,38.8301]},"properties":{"name":"Baphyras Catena","type":"Catena","diameter_km":95.524971,"link":"https://planetarynames.wr.usgs.gov/Feature/599"}},{"type":"Feature","geometry":{"type":"Point","coordinates":[-57.5536,-42.7447]},"properties":{"name":"Bosporos Rupes","type":"Rupes","diameter_km":531.42126,"link":"https://planetarynames.wr.usgs.gov/Feature/835"}},{"type":"Feature","geometry":{"type":"Point","coordinates":[20.0762,-24.1412]},"properties":{"name":"Charybdis Scopulus","type":"Scopulus","diameter_km":551.25946,"link":"https://planetarynames.wr.usgs.gov/Feature/1157"}},{"type":"Feature","geometry":{"type":"Point","coordinates":[151.9641,33.1683]},"properties":{"name":"Buvinda Vallis","type":"Vallis","diameter_km":134.17229,"link":"https://planetarynames.wr.usgs.gov/Feature/938"}},{"type":"Feature","geometry":{"type":"Point","coordinates":[-87.9816,-7.4341]},"properties":{"name":"Calydon Fossa","type":"Fossa","diameter_km":351.24597,"link":"https://planetarynames.wr.usgs.gov/Feature/981"}},{"type":"Feature","geometry":{"type":"Point","coordinates":[-108.0947,37.1005]},"properties":{"name":"Ceraunius Catena","type":"Catena","diameter_km":50.48896,"link":"https://planetarynames.wr.usgs.gov/Feature/1104"}},{"type":"Feature","geometry":{"type":"Point","coordinates":[-39.5872,-51.6654]},"properties":{"name":"Chalce Fossa","type":"Fossa","diameter_km":33.972809,"link":"https://planetarynames.wr.usgs.gov/Feature/1123"}},{"type":"Feature","geometry":{"type":"Point","coordinates":[-41.4663,-55.8627]},"properties":{"name":"Charis Dorsum","type":"Dorsum","diameter_km":251.0,"link":"https://planetarynames.wr.usgs.gov/Feature/1148"}},{"type":"Feature","geometry":{"type":"Point","coordinates":[162.4073,-18.2333]},"properties":{"name":"Al Qahira Vallis","type":"Vallis","diameter_km":600.0,"link":"https://planetarynames.wr.usgs.gov/Feature/151"}},{"type":"Feature","geometry":{"type":"Point","coordinates":[135.9131,38.1681]},"properties":{"name":"Hrad Vallis","type":"Vallis","diameter_km":974.39691,"link":"https://planetarynames.wr.usgs.gov/Feature/2565"}},{"type":"Feature","geometry":{"type":"Point","coordinates":[66.6052,30.1874]},"properties":{"name":"Huo Hsing Vallis","type":"Vallis","diameter_km":332.30496,"link":"https://planetarynames.wr.usgs.gov/Feature/2585"}},{"type":"Feature","geometry":{"type":"Point","coordinates":[-44.9034,-54.7205]},"properties":{"name":"Hegemone Dorsum","type":"Dorsum","diameter_km":143.63298,"link":"https://planetarynames.wr.usgs.gov/Feature/2411"}},{"type":"Feature","geometry":{"type":"Point","coordinates":[-47.9337,-25.0751]},"properties":{"name":"Her Desher Vallis","type":"Vallis","diameter_km":117.29034,"link":"https://planetarynames.wr.usgs.gov/Feature/2463"}},{"type":"Feature","geometry":{"type":"Point","coordinates":[-147.8063,-5.3165]},"properties":{"name":"Hermus Vallis","type":"Vallis","diameter_km":53.316841,"link":"https://planetarynames.wr.usgs.gov/Feature/2473"}},{"type":"Feature","geometry":{"type":"Point","coordinates":[-22.6567,-21.54]},"properties":{"name":"Himera Valles","type":"Vallis","diameter_km":175.0,"link":"https://planetarynames.wr.usgs.gov/Feature/2507"}},{"type":"Feature","geometry":{"type":"Point","coordinates":[-35.7036,-20.6735]},"properties":{"name":"Gringauz","type":"Crater","diameter_km":71.015999,"link":"https://planetarynames.wr.usgs.gov/Feature/15150"}},{"type":"Feature","geometry":{"type":"Point","coordinates":[77.2969,-27.2473]},"properties":{"name":"Hadriacus Palus","type":"Palus","diameter_km":176.33,"link":"https://planetarynames.wr.usgs.gov/Feature/15151"}},{"type":"Feature","geometry":{"type":"Point","coordinates":[-46.4157,9.4627]},"properties":{"name":"Hypanis Valles","type":"Vallis","diameter_km":220.0,"link":"https://planetarynames.wr.usgs.gov/Feature/2609"}},{"type":"Feature","geometry":{"type":"Point","coordinates":[57.9866,33.6319]},"properties":{"name":"Hypsas Vallis","type":"Vallis","diameter_km":36.465591,"link":"https://planetarynames.wr.usgs.gov/Feature/2616"}},{"type":"Feature","geometry":{"type":"Point","coordinates":[152.0721,21.2483]},"properties":{"name":"Iberus Vallis","type":"Vallis","diameter_km":87.257622,"link":"https://planetarynames.wr.usgs.gov/Feature/2632"}},{"type":"Feature","geometry":{"type":"Point","coordinates":[58.4662,33.2402]},"properties":{"name":"Clanis Valles","type":"Vallis","diameter_km":58.0,"link":"https://planetarynames.wr.usgs.gov/Feature/1227"}},{"type":"Feature","geometry":{"type":"Point","coordinates":[16.3383,50.5632]},"properties":{"name":"Micoud","type":"Crater","diameter_km":51.846001,"link":"https://planetarynames.wr.usgs.gov/Feature/14890"}},{"type":"Feature","geometry":{"type":"Point","coordinates":[38.8777,18.9491]},"properties":{"name":"Indus Vallis","type":"Vallis","diameter_km":342.0,"link":"https://planetarynames.wr.usgs.gov/Feature/2688"}},{"type":"Feature","geometry":{"type":"Point","coordinates":[-146.416,-5.306]},"properties":{"name":"Isara Valles","type":"Vallis","diameter_km":5.3589301,"link":"https://planetarynames.wr.usgs.gov/Feature/2726"}},{"type":"Feature","geometry":{"type":"Point","coordinates":[-157.0053,-11.1106]},"properties":{"name":"Termes Vallis","type":"Vallis","diameter_km":55.601269,"link":"https://planetarynames.wr.usgs.gov/Feature/5928"}},{"type":"Feature","geometry":{"type":"Point","coordinates":[153.3186,25.4484]},"properties":{"name":"Ituxi Vallis","type":"Vallis","diameter_km":123.06941,"link":"https://planetarynames.wr.usgs.gov/Feature/2754"}},{"type":"Feature","geometry":{"type":"Point","coordinates":[-16.9726,22.4304]},"properties":{"name":"Mawrth Vallis","type":"Vallis","diameter_km":634.6344,"link":"https://planetarynames.wr.usgs.gov/Feature/3763"}},{"type":"Feature","geometry":{"type":"Point","coordinates":[166.3798,15.3768]},"properties":{"name":"Grjota Valles","type":"Vallis","diameter_km":343.76672,"link":"https://planetarynames.wr.usgs.gov/Feature/2257"}},{"type":"Feature","geometry":{"type":"Point","coordinates":[-53.8972,-9.007]},"properties":{"name":"Allegheny Vallis","type":"Vallis","diameter_km":171.07957,"link":"https://planetarynames.wr.usgs.gov/Feature/193"}},{"type":"Feature","geometry":{"type":"Point","coordinates":[110.6759,1.5093]},"properties":{"name":"Amenthes Rupes","type":"Rupes","diameter_km":335.24771,"link":"https://planetarynames.wr.usgs.gov/Feature/229"}},{"type":"Feature","geometry":{"type":"Point","coordinates":[68.937,12.706]},"properties":{"name":"Arena Dorsum","type":"Dorsum","diameter_km":372.02643,"link":"https://planetarynames.wr.usgs.gov/Feature/357"}},{"type":"Feature","geometry":{"type":"Point","coordinates":[-62.8784,25.1357]},"properties":{"name":"Kasei Valles","type":"Vallis","diameter_km":1580.0,"link":"https://planetarynames.wr.usgs.gov/Feature/2942"}},{"type":"Feature","geometry":{"type":"Point","coordinates":[-93.1709,19.4879]},"properties":{"name":"Labeatis Catenae","type":"Catena","diameter_km":220.60001,"link":"https://planetarynames.wr.usgs.gov/Feature/3190"}},{"type":"Feature","geometry":{"type":"Point","coordinates":[55.8862,37.7508]},"properties":{"name":"Anio Valles","type":"Vallis","diameter_km":54.0,"link":"https://planetarynames.wr.usgs.gov/Feature/279"}},{"type":"Feature","geometry":{"type":"Point","coordinates":[134.9913,34.9112]},"properties":{"name":"Apsus Vallis","type":"Vallis","diameter_km":121.55624,"link":"https://planetarynames.wr.usgs.gov/Feature/332"}},{"type":"Feature","geometry":{"type":"Point","coordinates":[70.6149,13.9672]},"properties":{"name":"Arnus Vallis","type":"Vallis","diameter_km":311.6059,"link":"https://planetarynames.wr.usgs.gov/Feature/389"}},{"type":"Feature","geometry":{"type":"Point","coordinates":[155.0129,8.5358]},"properties":{"name":"Athabasca Valles","type":"Vallis","diameter_km":270.0,"link":"https://planetarynames.wr.usgs.gov/Feature/453"}},{"type":"Feature","geometry":{"type":"Point","coordinates":[60.4078,30.2461]},"properties":{"name":"Auqakuh Vallis","type":"Vallis","diameter_km":347.0,"link":"https://planetarynames.wr.usgs.gov/Feature/471"}},{"type":"Feature","geometry":{"type":"Point","coordinates":[-41.7566,-55.7177]},"properties":{"name":"Auxo Dorsum","type":"Dorsum","diameter_km":82.049683,"link":"https://planetarynames.wr.usgs.gov/Feature/496"}},{"type":"Feature","geometry":{"type":"Point","coordinates":[57.0355,33.7733]},"properties":{"name":"Clasia Vallis","type":"Vallis","diameter_km":147.0,"link":"https://planetarynames.wr.usgs.gov/Feature/1234"}},{"type":"Feature","geometry":{"type":"Point","coordinates":[-50.3997,20.9709]},"properties":{"name":"Iamuna Dorsa","type":"Dorsum","diameter_km":38.18224,"link":"https://planetarynames.wr.usgs.gov/Feature/2626"}},{"type":"Feature","geometry":{"type":"Point","coordinates":[-20.5023,-25.5913]},"properties":{"name":"Clota Vallis","type":"Vallis","diameter_km":114.36383,"link":"https://planetarynames.wr.usgs.gov/Feature/1249"}},{"type":"Feature","geometry":{"type":"Point","coordinates":[-158.4761,-7.0283]},"properties":{"name":"Nestus Valles","type":"Vallis","diameter_km":38.254879,"link":"https://planetarynames.wr.usgs.gov/Feature/4222"}},{"type":"Feature","geometry":{"type":"Point","coordinates":[-21.7391,17.1888]},"properties":{"name":"Coogoon Valles","type":"Vallis","diameter_km":300.0,"link":"https://planetarynames.wr.usgs.gov/Feature/1291"}},{"type":"Feature","geometry":{"type":"Point","coordinates":[64.9436,-33.2559]},"properties":{"name":"Coronae Scopulus","type":"Scopulus","diameter_km":245.23648,"link":"https://planetarynames.wr.usgs.gov/Feature/1316"}},{"type":"Feature","geometry":{"type":"Point","coordinates":[-118.3033,36.2544]},"properties":{"name":"Cyane Catena","type":"Catena","diameter_km":204.06393,"link":"https://planetarynames.wr.usgs.gov/Feature/1357"}},{"type":"Feature","geometry":{"type":"Point","coordinates":[88.8868,-37.6126]},"properties":{"name":"Dao Vallis","type":"Vallis","diameter_km":794.00256,"link":"https://planetarynames.wr.usgs.gov/Feature/1409"}},{"type":"Feature","geometry":{"type":"Point","coordinates":[-92.7979,36.7964]},"properties":{"name":"Enipeus Vallis","type":"Vallis","diameter_km":527.06854,"link":"https://planetarynames.wr.usgs.gov/Feature/1803"}},{"type":"Feature","geometry":{"type":"Point","coordinates":[-66.8632,-1.428]},"properties":{"name":"Dittaino Valles","type":"Vallis","diameter_km":157.41711,"link":"https://planetarynames.wr.usgs.gov/Feature/1550"}},{"type":"Feature","geometry":{"type":"Point","coordinates":[-52.336,7.1717]},"properties":{"name":"Drilon Vallis","type":"Vallis","diameter_km":118.52806,"link":"https://planetarynames.wr.usgs.gov/Feature/1639"}},{"type":"Feature","geometry":{"type":"Point","coordinates":[171.9763,-17.3008]},"properties":{"name":"Durius Valles","type":"Vallis","diameter_km":240.0,"link":"https://planetarynames.wr.usgs.gov/Feature/1673"}},{"type":"Feature","geometry":{"type":"Point","coordinates":[-36.5928,-58.1017]},"properties":{"name":"Dzigai Vallis","type":"Vallis","diameter_km":327.30811,"link":"https://planetarynames.wr.usgs.gov/Feature/1690"}},{"type":"Feature","geometry":{"type":"Point","coordinates":[146.1428,24.076]},"properties":{"name":"Elysium Fossae","type":"Fossa","diameter_km":1044.0,"link":"https://planetarynames.wr.usgs.gov/Feature/1782"}},{"type":"Feature","geometry":{"type":"Point","coordinates":[-30.9427,-27.2704]},"properties":{"name":"Erythraea Fossa","type":"Fossa","diameter_km":155.1897,"link":"https://planetarynames.wr.usgs.gov/Feature/1839"}},{"type":"Feature","geometry":{"type":"Point","coordinates":[13.8265,-12.6545]},"properties":{"name":"Evros Vallis","type":"Vallis","diameter_km":358.00735,"link":"https://planetarynames.wr.usgs.gov/Feature/1890"}},{"type":"Feature","geometry":{"type":"Point","coordinates":[-14.8383,-50.0285]},"properties":{"name":"Frento Vallis","type":"Vallis","diameter_km":251.08698,"link":"https://planetarynames.wr.usgs.gov/Feature/2021"}},{"type":"Feature","geometry":{"type":"Point","coordinates":[142.0008,36.6336]},"properties":{"name":"Galaxias Fossae","type":"Fossa","diameter_km":552.0,"link":"https://planetarynames.wr.usgs.gov/Feature/2068"}},{"type":"Feature","geometry":{"type":"Point","coordinates":[-36.9806,-29.4643]},"properties":{"name":"Uzboi Vallis","type":"Vallis","diameter_km":353.52548,"link":"https://planetarynames.wr.usgs.gov/Feature/6266"}},{"type":"Feature","geometry":{"type":"Point","coordinates":[90.0638,-40.9776]},"properties":{"name":"Harmakhis Vallis","type":"Vallis","diameter_km":526.65771,"link":"https://planetarynames.wr.usgs.gov/Feature/2367"}},{"type":"Feature","geometry":{"type":"Point","coordinates":[126.7387,19.8793]},"properties":{"name":"Hebrus Valles","type":"Vallis","diameter_km":325.0,"link":"https://planetarynames.wr.usgs.gov/Feature/2404"}},{"type":"Feature","geometry":{"type":"Point","coordinates":[126.3519,-3.0499]},"properties":{"name":"Licus Vallis","type":"Vallis","diameter_km":240.0,"link":"https://planetarynames.wr.usgs.gov/Feature/3395"}},{"type":"Feature","geometry":{"type":"Point","coordinates":[50.3472,26.7032]},"properties":{"name":"Phison Rupes","type":"Rupes","diameter_km":203.0722,"link":"https://planetarynames.wr.usgs.gov/Feature/4697"}},{"type":"Feature","geometry":{"type":"Point","coordinates":[-61.1657,26.8202]},"properties":{"name":"Lobo Vallis","type":"Vallis","diameter_km":80.0,"link":"https://planetarynames.wr.usgs.gov/Feature/3440"}},{"type":"Feature","geometry":{"type":"Point","coordinates":[149.8336,26.9153]},"properties":{"name":"Stygis Fossae","type":"Fossa","diameter_km":385.0,"link":"https://planetarynames.wr.usgs.gov/Feature/5733"}},{"type":"Feature","geometry":{"type":"Point","coordinates":[-17.0299,-17.6927]},"properties":{"name":"Loire Valles","type":"Vallis","diameter_km":790.0,"link":"https://planetarynames.wr.usgs.gov/Feature/3455"}},{"type":"Feature","geometry":{"type":"Point","coordinates":[76.4676,-56.2729]},"properties":{"name":"Mad Vallis","type":"Vallis","diameter_km":537.36884,"link":"https://planetarynames.wr.usgs.gov/Feature/3561"}},{"type":"Feature","geometry":{"type":"Point","coordinates":[22.2044,-15.0915]},"properties":{"name":"Mosa Vallis","type":"Vallis","diameter_km":191.6004,"link":"https://planetarynames.wr.usgs.gov/Feature/4046"}},{"type":"Feature","geometry":{"type":"Point","coordinates":[33.3932,4.8874]},"properties":{"name":"Naktong Vallis","type":"Vallis","diameter_km":669.62958,"link":"https://planetarynames.wr.usgs.gov/Feature/4119"}},{"type":"Feature","geometry":{"type":"Point","coordinates":[125.5765,-35.9997]},"properties":{"name":"Morpheos Rupes","type":"Rupes","diameter_km":404.14828,"link":"https://planetarynames.wr.usgs.gov/Feature/4041"}},{"type":"Feature","geometry":{"type":"Point","coordinates":[-58.3799,10.227]},"properties":{"name":"Maja Valles","type":"Vallis","diameter_km":1515.0,"link":"https://planetarynames.wr.usgs.gov/Feature/3598"}},{"type":"Feature","geometry":{"type":"Point","coordinates":[-40.482,-0.4188]},"properties":{"name":"Ravi Vallis","type":"Vallis","diameter_km":148.78378,"link":"https://planetarynames.wr.usgs.gov/Feature/4961"}},{"type":"Feature","geometry":{"type":"Point","coordinates":[17.9437,40.6537]},"properties":{"name":"Mamers Valles","type":"Vallis","diameter_km":1020.0,"link":"https://planetarynames.wr.usgs.gov/Feature/3618"}},{"type":"Feature","geometry":{"type":"Point","coordinates":[177.2527,-4.2305]},"properties":{"name":"Tartarus Scopulus","type":"Scopulus","diameter_km":251.30881,"link":"https://planetarynames.wr.usgs.gov/Feature/5877"}},{"type":"Feature","geometry":{"type":"Point","coordinates":[-34.8074,-53.5278]},"properties":{"name":"Nia Vallis","type":"Vallis","diameter_km":140.0,"link":"https://planetarynames.wr.usgs.gov/Feature/4244"}},{"type":"Feature","geometry":{"type":"Point","coordinates":[-151.3921,-11.3247]},"properties":{"name":"Mangala Valles","type":"Vallis","diameter_km":900.0,"link":"https://planetarynames.wr.usgs.gov/Feature/3628"}},{"type":"Feature","geometry":{"type":"Point","coordinates":[-177.0958,14.0769]},"properties":{"name":"Marte Vallis","type":"Vallis","diameter_km":231.42642,"link":"https://planetarynames.wr.usgs.gov/Feature/3723"}},{"type":"Feature","geometry":{"type":"Point","coordinates":[176.1901,-7.6596]},"properties":{"name":"Matrona Vallis","type":"Vallis","diameter_km":61.281521,"link":"https://planetarynames.wr.usgs.gov/Feature/3752"}},{"type":"Feature","geometry":{"type":"Point","coordinates":[84.3328,-33.2583]},"properties":{"name":"Majuro","type":"Crater","diameter_km":43.431,"link":"https://planetarynames.wr.usgs.gov/Feature/14891"}},{"type":"Feature","geometry":{"type":"Point","coordinates":[-52.8531,19.507]},"properties":{"name":"Maumee Valles","type":"Vallis","diameter_km":390.0,"link":"https://planetarynames.wr.usgs.gov/Feature/3755"}},{"type":"Feature","geometry":{"type":"Point","coordinates":[177.5021,-21.9808]},"properties":{"name":"Ma adim Vallis","type":"Vallis","diameter_km":913.11328,"link":"https://planetarynames.wr.usgs.gov/Feature/3772"}},{"type":"Feature","geometry":{"type":"Point","coordinates":[-151.6716,-4.3797]},"properties":{"name":"Minio Vallis","type":"Vallis","diameter_km":90.0,"link":"https://planetarynames.wr.usgs.gov/Feature/3912"}},{"type":"Feature","geometry":{"type":"Point","coordinates":[60.7115,-3.997]},"properties":{"name":"Naro Vallis","type":"Vallis","diameter_km":442.71838,"link":"https://planetarynames.wr.usgs.gov/Feature/4155"}},{"type":"Feature","geometry":{"type":"Point","coordinates":[92.5682,-34.9595]},"properties":{"name":"Niger Vallis","type":"Vallis","diameter_km":360.0,"link":"https://planetarynames.wr.usgs.gov/Feature/4261"}},{"type":"Feature","geometry":{"type":"Point","coordinates":[142.4657,22.7092]},"properties":{"name":"Stura Vallis","type":"Vallis","diameter_km":75.0,"link":"https://planetarynames.wr.usgs.gov/Feature/5731"}},{"type":"Feature","geometry":{"type":"Point","coordinates":[-55.8519,31.7153]},"properties":{"name":"Nilokeras Scopulus","type":"Scopulus","diameter_km":901.47693,"link":"https://planetarynames.wr.usgs.gov/Feature/4277"}},{"type":"Feature","geometry":{"type":"Point","coordinates":[-41.6848,-28.1596]},"properties":{"name":"Nirgal Vallis","type":"Vallis","diameter_km":610.0,"link":"https://planetarynames.wr.usgs.gov/Feature/4307"}},{"type":"Feature","geometry":{"type":"Point","coordinates":[-29.5114,-61.5797]},"properties":{"name":"Oceanidum Fossa","type":"Fossa","diameter_km":167.15871,"link":"https://planetarynames.wr.usgs.gov/Feature/4393"}},{"type":"Feature","geometry":{"type":"Point","coordinates":[-155.9942,-8.5735]},"properties":{"name":"Varus Valles","type":"Vallis","diameter_km":90.121353,"link":"https://planetarynames.wr.usgs.gov/Feature/6324"}},{"type":"Feature","geometry":{"type":"Point","coordinates":[-152.5075,-5.013]},"properties":{"name":"Sabis Vallis","type":"Vallis","diameter_km":212.90553,"link":"https://planetarynames.wr.usgs.gov/Feature/5261"}},{"type":"Feature","geometry":{"type":"Point","coordinates":[-45.0432,7.0674]},"properties":{"name":"Ochus Valles","type":"Vallis","diameter_km":127.0,"link":"https://planetarynames.wr.usgs.gov/Feature/4397"}},{"type":"Feature","geometry":{"type":"Point","coordinates":[-113.9219,24.8531]},"properties":{"name":"Olympica Fossae","type":"Fossa","diameter_km":420.0,"link":"https://planetarynames.wr.usgs.gov/Feature/4452"}},{"type":"Feature","geometry":{"type":"Point","coordinates":[-103.2762,38.8251]},"properties":{"name":"Phlegethon Catena","type":"Catena","diameter_km":399.68546,"link":"https://planetarynames.wr.usgs.gov/Feature/4698"}},{"type":"Feature","geometry":{"type":"Point","coordinates":[-38.5909,-15.3075]},"properties":{"name":"Osuga Valles","type":"Vallis","diameter_km":164.0,"link":"https://planetarynames.wr.usgs.gov/Feature/4515"}},{"type":"Feature","geometry":{"type":"Point","coordinates":[-20.4765,-54.7337]},"properties":{"name":"Pallacopas Vallis","type":"Vallis","diameter_km":134.77432,"link":"https://planetarynames.wr.usgs.gov/Feature/4559"}},{"type":"Feature","geometry":{"type":"Point","coordinates":[-41.5769,-55.1381]},"properties":{"name":"Pasithea Dorsum","type":"Dorsum","diameter_km":282.19937,"link":"https://planetarynames.wr.usgs.gov/Feature/4602"}},{"type":"Feature","geometry":{"type":"Point","coordinates":[152.5068,23.7044]},"properties":{"name":"Patapsco Vallis","type":"Vallis","diameter_km":172.87407,"link":"https://planetarynames.wr.usgs.gov/Feature/4608"}},{"type":"Feature","geometry":{"type":"Point","coordinates":[-43.292,-53.7869]},"properties":{"name":"Phaenna Dorsum","type":"Dorsum","diameter_km":164.16478,"link":"https://planetarynames.wr.usgs.gov/Feature/4681"}},{"type":"Feature","geometry":{"type":"Point","coordinates":[90.2434,-75.5416]},"properties":{"name":"Promethei Rupes","type":"Rupes","diameter_km":1379.2096,"link":"https://planetarynames.wr.usgs.gov/Feature/4833"}},{"type":"Feature","geometry":{"type":"Point","coordinates":[104.9524,-42.1449]},"properties":{"name":"Reull Vallis","type":"Vallis","diameter_km":1051.9442,"link":"https://planetarynames.wr.usgs.gov/Feature/5006"}},{"type":"Feature","geometry":{"type":"Point","coordinates":[-91.2717,21.211]},"properties":{"name":"Rhabon Valles","type":"Vallis","diameter_km":245.0,"link":"https://planetarynames.wr.usgs.gov/Feature/5011"}},{"type":"Feature","geometry":{"type":"Point","coordinates":[-148.3181,-4.8486]},"properties":{"name":"Taus Vallis","type":"Vallis","diameter_km":10.39854,"link":"https://planetarynames.wr.usgs.gov/Feature/5882"}},{"type":"Feature","geometry":{"type":"Point","coordinates":[-49.042,10.9922]},"properties":{"name":"Sabrina Vallis","type":"Vallis","diameter_km":280.0,"link":"https://planetarynames.wr.usgs.gov/Feature/5263"}},{"type":"Feature","geometry":{"type":"Point","coordinates":[-54.4613,-9.8812]},"properties":{"name":"Walla Walla Vallis","type":"Vallis","diameter_km":22.98605,"link":"https://planetarynames.wr.usgs.gov/Feature/6476"}},{"type":"Feature","geometry":{"type":"Point","coordinates":[-28.0535,9.1306]},"properties":{"name":"Silinka Vallis","type":"Vallis","diameter_km":150.93315,"link":"https://planetarynames.wr.usgs.gov/Feature/5534"}},{"type":"Feature","geometry":{"type":"Point","coordinates":[-59.4,-9.46]},"properties":{"name":"Ophir Catenae","type":"Catena","diameter_km":509.0,"link":"https://planetarynames.wr.usgs.gov/Feature/4474"}},{"type":"Feature","geometry":{"type":"Point","coordinates":[-18.7291,-24.1682]},"properties":{"name":"Samara Valles","type":"Vallis","diameter_km":661.8396,"link":"https://planetarynames.wr.usgs.gov/Feature/5290"}},{"type":"Feature","geometry":{"type":"Point","coordinates":[154.9678,3.1572]},"properties":{"name":"Lethe Vallis","type":"Vallis","diameter_km":236.65245,"link":"https://planetarynames.wr.usgs.gov/Feature/14163"}},{"type":"Feature","geometry":{"type":"Point","coordinates":[28.5328,15.8912]},"properties":{"name":"Scamander Vallis","type":"Vallis","diameter_km":269.0,"link":"https://planetarynames.wr.usgs.gov/Feature/5353"}},{"type":"Feature","geometry":{"type":"Point","coordinates":[18.3372,-25.2199]},"properties":{"name":"Scylla Scopulus","type":"Scopulus","diameter_km":476.90692,"link":"https://planetarynames.wr.usgs.gov/Feature/5397"}},{"type":"Feature","geometry":{"type":"Point","coordinates":[-146.9601,-5.2345]},"properties":{"name":"Senus Vallis","type":"Vallis","diameter_km":22.181789,"link":"https://planetarynames.wr.usgs.gov/Feature/5430"}},{"type":"Feature","geometry":{"type":"Point","coordinates":[-65.7325,-1.0053]},"properties":{"name":"Sepik Vallis","type":"Vallis","diameter_km":58.999619,"link":"https://planetarynames.wr.usgs.gov/Feature/5434"}},{"type":"Feature","geometry":{"type":"Point","coordinates":[-42.0899,7.327]},"properties":{"name":"Shalbatana Vallis","type":"Vallis","diameter_km":1029.0,"link":"https://planetarynames.wr.usgs.gov/Feature/5460"}},{"type":"Feature","geometry":{"type":"Point","coordinates":[-48.7243,-61.2042]},"properties":{"name":"Surius Vallis","type":"Vallis","diameter_km":30.761299,"link":"https://planetarynames.wr.usgs.gov/Feature/5769"}},{"type":"Feature","geometry":{"type":"Point","coordinates":[-152.2992,-48.7843]},"properties":{"name":"Tader Valles","type":"Vallis","diameter_km":200.0,"link":"https://planetarynames.wr.usgs.gov/Feature/5818"}},{"type":"Feature","geometry":{"type":"Point","coordinates":[175.7144,-6.5018]},"properties":{"name":"Tartarus Rupes","type":"Rupes","diameter_km":97.455521,"link":"https://planetarynames.wr.usgs.gov/Feature/5876"}},{"type":"Feature","geometry":{"type":"Point","coordinates":[111.4952,-3.9689]},"properties":{"name":"Tinto Vallis","type":"Vallis","diameter_km":191.97179,"link":"https://planetarynames.wr.usgs.gov/Feature/6021"}},{"type":"Feature","geometry":{"type":"Point","coordinates":[-81.8244,-5.4957]},"properties":{"name":"Tithoniae Catenae","type":"Catena","diameter_km":562.0,"link":"https://planetarynames.wr.usgs.gov/Feature/6030"}},{"type":"Feature","geometry":{"type":"Point","coordinates":[-55.4835,19.1192]},"properties":{"name":"Vedra Valles","type":"Vallis","diameter_km":118.0,"link":"https://planetarynames.wr.usgs.gov/Feature/6340"}},{"type":"Feature","geometry":{"type":"Point","coordinates":[29.8797,-0.5013]},"properties":{"name":"Verde Vallis","type":"Vallis","diameter_km":133.0,"link":"https://planetarynames.wr.usgs.gov/Feature/6353"}},{"type":"Feature","geometry":{"type":"Point","coordinates":[-52.5073,19.3755]},"properties":{"name":"Xanthe Scopulus","type":"Scopulus","diameter_km":59.47752,"link":"https://planetarynames.wr.usgs.gov/Feature/6599"}},{"type":"Feature","geometry":{"type":"Point","coordinates":[-145.8837,-17.274]},"properties":{"name":"Mangala Fossa","type":"Fossa","diameter_km":695.0,"link":"https://planetarynames.wr.usgs.gov/Feature/3627"}},{"type":"Feature","geometry":{"type":"Point","coordinates":[-34.8618,16.2262]},"properties":{"name":"Tiu Valles","type":"Vallis","diameter_km":1720.0,"link":"https://planetarynames.wr.usgs.gov/Feature/6038"}},{"type":"Feature","geometry":{"type":"Point","coordinates":[-85.4694,81.5952]},"properties":{"name":"Rupes Tenuis","type":"Rupes","diameter_km":669.026,"link":"https://planetarynames.wr.usgs.gov/Feature/5231"}},{"type":"Feature","geometry":{"type":"Point","coordinates":[-50.1546,8.3298]},"properties":{"name":"Tyras Vallis","type":"Vallis","diameter_km":99.12896,"link":"https://planetarynames.wr.usgs.gov/Feature/6169"}},{"type":"Feature","geometry":{"type":"Point","coordinates":[105.7981,-22.2305]},"properties":{"name":"Tyrrhena Fossae","type":"Fossa","diameter_km":305.54736,"link":"https://planetarynames.wr.usgs.gov/Feature/6172"}},{"type":"Feature","geometry":{"type":"Point","coordinates":[-49.5236,-9.3846]},"properties":{"name":"Elaver Vallis","type":"Vallis","diameter_km":178.91919,"link":"https://planetarynames.wr.usgs.gov/Feature/1758"}},{"type":"Feature","geometry":{"type":"Point","coordinates":[-133.5645,18.402]},"properties":{"name":"Olympus Rupes","type":"Rupes","diameter_km":1914.7714,"link":"https://planetarynames.wr.usgs.gov/Feature/4454"}},{"type":"Feature","geometry":{"type":"Point","coordinates":[174.1646,86.0386]},"properties":{"name":"Olympia Rupes","type":"Rupes","diameter_km":1197.0388,"link":"https://planetarynames.wr.usgs.gov/Feature/14299"}},{"type":"Feature","geometry":{"type":"Point","coordinates":[4.3191,-19.1583]},"properties":{"name":"Marikh Vallis","type":"Vallis","diameter_km":1147.2246,"link":"https://planetarynames.wr.usgs.gov/Feature/14301"}},{"type":"Feature","geometry":{"type":"Point","coordinates":[88.5013,-40.3284]},"properties":{"name":"Sungari Vallis","type":"Vallis","diameter_km":344.81931,"link":"https://planetarynames.wr.usgs.gov/Feature/14543"}},{"type":"Feature","geometry":{"type":"Point","coordinates":[179.0448,-77.8791]},"properties":{"name":"Ultimi Scopuli","type":"Scopulus","diameter_km":560.46613,"link":"https://planetarynames.wr.usgs.gov/Feature/6204"}},{"type":"Feature","geometry":{"type":"Point","coordinates":[159.4226,-38.7886]},"properties":{"name":"Corozal","type":"Crater","diameter_km":8.3339996,"link":"https://planetarynames.wr.usgs.gov/Feature/14871"}},{"type":"Feature","geometry":{"type":"Point","coordinates":[77.11,-6.62]},"properties":{"name":"Oenotria Scopuli","type":"Scopulus","diameter_km":1425.0,"link":"https://planetarynames.wr.usgs.gov/Feature/14860"}},{"type":"Feature","geometry":{"type":"Point","coordinates":[-6.30000000000001,-72.2]},"properties":{"name":"Sisyphi Cavi","type":"Cavus","diameter_km":423.63,"link":"https://planetarynames.wr.usgs.gov/Feature/5579"}},{"type":"Feature","geometry":{"type":"Point","coordinates":[0.0907,45.9607]},"properties":{"name":"Davies","type":"Crater","diameter_km":48.063549,"link":"https://planetarynames.wr.usgs.gov/Feature/1426"}},{"type":"Feature","geometry":{"type":"Point","coordinates":[1.0438,-24.2738]},"properties":{"name":"Newcomb","type":"Crater","diameter_km":254.13248,"link":"https://planetarynames.wr.usgs.gov/Feature/4233"}},{"type":"Feature","geometry":{"type":"Point","coordinates":[0.0014,-5.0743]},"properties":{"name":"Airy 0","type":"Crater","diameter_km":0.78573,"link":"https://planetarynames.wr.usgs.gov/Feature/115"}},{"type":"Feature","geometry":{"type":"Point","coordinates":[-78.6684,-14.0816]},"properties":{"name":"Sinai Fossae","type":"Fossa","diameter_km":589.15399,"link":"https://planetarynames.wr.usgs.gov/Feature/14924"}},{"type":"Feature","geometry":{"type":"Point","coordinates":[-55.104,-28.3694]},"properties":{"name":"Baucau","type":"Crater","diameter_km":17.936001,"link":"https://planetarynames.wr.usgs.gov/Feature/14926"}},{"type":"Feature","geometry":{"type":"Point","coordinates":[-63.6773,-15.8423]},"properties":{"name":"Arima","type":"Crater","diameter_km":53.587002,"link":"https://planetarynames.wr.usgs.gov/Feature/14927"}},{"type":"Feature","geometry":{"type":"Point","coordinates":[-125.6097,51.3844]},"properties":{"name":"Domoni","type":"Crater","diameter_km":13.825,"link":"https://planetarynames.wr.usgs.gov/Feature/14950"}},{"type":"Feature","geometry":{"type":"Point","coordinates":[-22.4971,20.9846]},"properties":{"name":"Keren","type":"Crater","diameter_km":28.631001,"link":"https://planetarynames.wr.usgs.gov/Feature/14951"}},{"type":"Feature","geometry":{"type":"Point","coordinates":[-23.61,18.11]},"properties":{"name":"Oxia Dorsum","type":"Dorsum","diameter_km":161.0,"link":"https://planetarynames.wr.usgs.gov/Feature/16119"}},{"type":"Feature","geometry":{"type":"Point","coordinates":[-159.5,-8.06]},"properties":{"name":"Picardi","type":"Crater","diameter_km":79.0,"link":"https://planetarynames.wr.usgs.gov/Feature/16253"}},{"type":"Feature","geometry":{"type":"Point","coordinates":[-21.03,12.03]},"properties":{"name":"Marsabit","type":"Crater","diameter_km":40.0,"link":"https://planetarynames.wr.usgs.gov/Feature/16120"}},{"type":"Feature","geometry":{"type":"Point","coordinates":[175.89,22.86]},"properties":{"name":"Ruwais","type":"Crater","diameter_km":28.0,"link":"https://planetarynames.wr.usgs.gov/Feature/16255"}},{"type":"Feature","geometry":{"type":"Point","coordinates":[-150.0,60.0]},"properties":{"name":"Scandia","type":"Albedo Feature","diameter_km":0.0,"link":"https://planetarynames.wr.usgs.gov/Feature/5354"}},{"type":"Feature","geometry":{"type":"Point","coordinates":[170.0,30.0]},"properties":{"name":"Phlegra","type":"Albedo Feature","diameter_km":134.0,"link":"https://planetarynames.wr.usgs.gov/Feature/4699"}},{"type":"Feature","geometry":{"type":"Point","coordinates":[123.08,0.64]},"properties":{"name":"Nen Valles","type":"Vallis","diameter_km":203.0,"link":"https://planetarynames.wr.usgs.gov/Feature/16151"}},{"type":"Feature","geometry":{"type":"Point","coordinates":[14.01,36.15]},"properties":{"name":"Deuteronilus Cavus","type":"Cavus","diameter_km":123.0,"link":"https://planetarynames.wr.usgs.gov/Feature/16267"}},{"type":"Feature","geometry":{"type":"Point","coordinates":[-67.45,-11.44]},"properties":{"name":"Satun","type":"Crater","diameter_km":3.7,"link":"https://planetarynames.wr.usgs.gov/Feature/16498"}},{"type":"Feature","geometry":{"type":"Point","coordinates":[-67.43,-11.5]},"properties":{"name":"Kangar","type":"Crater","diameter_km":3.5,"link":"https://planetarynames.wr.usgs.gov/Feature/16499"}},{"type":"Feature","geometry":{"type":"Point","coordinates":[-58.47,43.81]},"properties":{"name":"Pals","type":"Crater","diameter_km":1.5,"link":"https://planetarynames.wr.usgs.gov/Feature/16502"}},{"type":"Feature","geometry":{"type":"Point","coordinates":[137.93,-3.16]},"properties":{"name":"Babati","type":"Crater","diameter_km":22.0,"link":"https://planetarynames.wr.usgs.gov/Feature/16432"}},{"type":"Feature","geometry":{"type":"Point","coordinates":[136.73,-3.26]},"properties":{"name":"Babati Mons","type":"Mons","diameter_km":44.0,"link":"https://planetarynames.wr.usgs.gov/Feature/16433"}},{"type":"Feature","geometry":{"type":"Point","coordinates":[-52.09,-3.43]},"properties":{"name":"Periyar Vallis","type":"Vallis","diameter_km":11.0,"link":"https://planetarynames.wr.usgs.gov/Feature/16440"}},{"type":"Feature","geometry":{"type":"Point","coordinates":[-52.18,-2.93]},"properties":{"name":"Krishnan","type":"Crater","diameter_km":77.0,"link":"https://planetarynames.wr.usgs.gov/Feature/16434"}},{"type":"Feature","geometry":{"type":"Point","coordinates":[-51.64,-2.79]},"properties":{"name":"Varkala","type":"Crater","diameter_km":9.0,"link":"https://planetarynames.wr.usgs.gov/Feature/16436"}},{"type":"Feature","geometry":{"type":"Point","coordinates":[-52.88,-2.89]},"properties":{"name":"Valiamala","type":"Crater","diameter_km":13.5,"link":"https://planetarynames.wr.usgs.gov/Feature/16435"}},{"type":"Feature","geometry":{"type":"Point","coordinates":[-51.4,-3.53]},"properties":{"name":"Thumba","type":"Crater","diameter_km":19.0,"link":"https://planetarynames.wr.usgs.gov/Feature/16437"}},{"type":"Feature","geometry":{"type":"Point","coordinates":[-51.27,-2.79]},"properties":{"name":"Bekal","type":"Crater","diameter_km":4.9,"link":"https://planetarynames.wr.usgs.gov/Feature/16438"}},{"type":"Feature","geometry":{"type":"Point","coordinates":[-156.9,-27.6]},"properties":{"name":"Kahnawake","type":"Crater","diameter_km":30.0,"link":"https://planetarynames.wr.usgs.gov/Feature/16276"}},{"type":"Feature","geometry":{"type":"Point","coordinates":[-160.54,-25.88]},"properties":{"name":"Longwood ","type":"Crater","diameter_km":43.0,"link":"https://planetarynames.wr.usgs.gov/Feature/16277"}},{"type":"Feature","geometry":{"type":"Point","coordinates":[-161.43,-26.32]},"properties":{"name":"Otepa","type":"Crater","diameter_km":42.0,"link":"https://planetarynames.wr.usgs.gov/Feature/16278"}},{"type":"Feature","geometry":{"type":"Point","coordinates":[-43.92,11.08]},"properties":{"name":"Taung","type":"Crater","diameter_km":40.0,"link":"https://planetarynames.wr.usgs.gov/Feature/16279"}},{"type":"Feature","geometry":{"type":"Point","coordinates":[-52.18,-3.38]},"properties":{"name":"Krishnan Palus","type":"Palus","diameter_km":50.0,"link":"https://planetarynames.wr.usgs.gov/Feature/16439"}},{"type":"Feature","geometry":{"type":"Point","coordinates":[-150.66,-20.98]},"properties":{"name":"Lal","type":"Crater","diameter_km":69.0,"link":"https://planetarynames.wr.usgs.gov/Feature/16288"}},{"type":"Feature","geometry":{"type":"Point","coordinates":[-150.06,-21.0]},"properties":{"name":"Mursan","type":"Crater","diameter_km":11.0,"link":"https://planetarynames.wr.usgs.gov/Feature/16289"}},{"type":"Feature","geometry":{"type":"Point","coordinates":[-151.33,-21.03]},"properties":{"name":"Hilsa","type":"Crater","diameter_km":14.0,"link":"https://planetarynames.wr.usgs.gov/Feature/16290"}},{"type":"Feature","geometry":{"type":"Point","coordinates":[-59.17,-1.92]},"properties":{"name":"Juventae Mons","type":"Mons","diameter_km":147.0,"link":"https://planetarynames.wr.usgs.gov/Feature/16292"}},{"type":"Feature","geometry":{"type":"Point","coordinates":[-56.95,-17.33]},"properties":{"name":"Nectaris Patera","type":"Patera","diameter_km":22.0,"link":"https://planetarynames.wr.usgs.gov/Feature/16293"}},{"type":"Feature","geometry":{"type":"Point","coordinates":[-46.88,-3.02]},"properties":{"name":"Xanthe Patera","type":"Patera","diameter_km":55.0,"link":"https://planetarynames.wr.usgs.gov/Feature/16291"}},{"type":"Feature","geometry":{"type":"Point","coordinates":[83.82,-27.77]},"properties":{"name":"Blenheim","type":"Crater","diameter_km":32.0,"link":"https://planetarynames.wr.usgs.gov/Feature/16441"}},{"type":"Feature","geometry":{"type":"Point","coordinates":[-89.91,-11.65]},"properties":{"name":"Barlow","type":"Crater","diameter_km":87.0,"link":"https://planetarynames.wr.usgs.gov/Feature/16344"}},{"type":"Feature","geometry":{"type":"Point","coordinates":[-15.97,2.44]},"properties":{"name":"Melosh","type":"Crater","diameter_km":98.0,"link":"https://planetarynames.wr.usgs.gov/Feature/16345"}},{"type":"Feature","geometry":{"type":"Point","coordinates":[-23.69,6.19]},"properties":{"name":"Jhelum Vallis","type":"Vallis","diameter_km":351.0,"link":"https://planetarynames.wr.usgs.gov/Feature/16346"}},{"type":"Feature","geometry":{"type":"Point","coordinates":[80.42,-4.38]},"properties":{"name":"Roman","type":"Crater","diameter_km":60.0,"link":"https://planetarynames.wr.usgs.gov/Feature/16165"}},{"type":"Feature","geometry":{"type":"Point","coordinates":[86.64,-8.58]},"properties":{"name":"Cuparaque","type":"Crater","diameter_km":14.0,"link":"https://planetarynames.wr.usgs.gov/Feature/16177"}},{"type":"Feature","geometry":{"type":"Point","coordinates":[89.44,-14.37]},"properties":{"name":"Sasakan","type":"Crater","diameter_km":28.0,"link":"https://planetarynames.wr.usgs.gov/Feature/16181"}},{"type":"Feature","geometry":{"type":"Point","coordinates":[87.44,-10.38]},"properties":{"name":"Leoben","type":"Crater","diameter_km":15.0,"link":"https://planetarynames.wr.usgs.gov/Feature/16179"}},{"type":"Feature","geometry":{"type":"Point","coordinates":[86.45,-8.8]},"properties":{"name":"Druzhba","type":"Crater","diameter_km":1.9,"link":"https://planetarynames.wr.usgs.gov/Feature/16178"}},{"type":"Feature","geometry":{"type":"Point","coordinates":[89.03,-13.32]},"properties":{"name":"Nunu ","type":"Crater","diameter_km":10.0,"link":"https://planetarynames.wr.usgs.gov/Feature/16180"}},{"type":"Feature","geometry":{"type":"Point","coordinates":[-0.02,9.84]},"properties":{"name":"Alofi","type":"Crater","diameter_km":43.0,"link":"https://planetarynames.wr.usgs.gov/Feature/15771"}},{"type":"Feature","geometry":{"type":"Point","coordinates":[-99.93,19.29]},"properties":{"name":"Chakpar","type":"Crater","diameter_km":19.0,"link":"https://planetarynames.wr.usgs.gov/Feature/16194"}},{"type":"Feature","geometry":{"type":"Point","coordinates":[-3.13999999999999,-0.04]},"properties":{"name":"Meridiani Planum","type":"Planum","diameter_km":1058.53,"link":"https://planetarynames.wr.usgs.gov/Feature/3854"}},{"type":"Feature","geometry":{"type":"Point","coordinates":[-127.26,85.99]},"properties":{"name":"Nord Rupes","type":"Rupes","diameter_km":140.0,"link":"https://planetarynames.wr.usgs.gov/Feature/16217"}},{"type":"Feature","geometry":{"type":"Point","coordinates":[84.49,-7.76]},"properties":{"name":"Berrocal","type":"Crater","diameter_km":11.0,"link":"https://planetarynames.wr.usgs.gov/Feature/16176"}},{"type":"Feature","geometry":{"type":"Point","coordinates":[33.82,-48.89]},"properties":{"name":"Forro","type":"Crater","diameter_km":54.0,"link":"https://planetarynames.wr.usgs.gov/Feature/16373"}},{"type":"Feature","geometry":{"type":"Point","coordinates":[20.83,-51.02]},"properties":{"name":"Moyo ","type":"Crater","diameter_km":48.0,"link":"https://planetarynames.wr.usgs.gov/Feature/16381"}},{"type":"Feature","geometry":{"type":"Point","coordinates":[24.21,-42.42]},"properties":{"name":"Lendringsen","type":"Crater","diameter_km":21.0,"link":"https://planetarynames.wr.usgs.gov/Feature/16375"}},{"type":"Feature","geometry":{"type":"Point","coordinates":[24.41,-49.69]},"properties":{"name":"Sidhi","type":"Crater","diameter_km":48.0,"link":"https://planetarynames.wr.usgs.gov/Feature/16374"}},{"type":"Feature","geometry":{"type":"Point","coordinates":[28.89,-40.95]},"properties":{"name":"Pizzarello","type":"Crater","diameter_km":97.0,"link":"https://planetarynames.wr.usgs.gov/Feature/16376"}},{"type":"Feature","geometry":{"type":"Point","coordinates":[33.17,-37.49]},"properties":{"name":"Minami","type":"Crater","diameter_km":80.0,"link":"https://planetarynames.wr.usgs.gov/Feature/16377"}},{"type":"Feature","geometry":{"type":"Point","coordinates":[32.0,-44.02]},"properties":{"name":"Idah","type":"Crater","diameter_km":28.0,"link":"https://planetarynames.wr.usgs.gov/Feature/16378"}},{"type":"Feature","geometry":{"type":"Point","coordinates":[34.5,-40.67]},"properties":{"name":"Knudsen ","type":"Crater","diameter_km":80.0,"link":"https://planetarynames.wr.usgs.gov/Feature/16379"}},{"type":"Feature","geometry":{"type":"Point","coordinates":[39.78,-39.87]},"properties":{"name":"Drake ","type":"Crater","diameter_km":59.0,"link":"https://planetarynames.wr.usgs.gov/Feature/16380"}},{"type":"Feature","geometry":{"type":"Point","coordinates":[-31.19,42.66]},"properties":{"name":"Ouarzazate","type":"Crater","diameter_km":22.0,"link":"https://planetarynames.wr.usgs.gov/Feature/16444"}},{"type":"Feature","geometry":{"type":"Point","coordinates":[31.06,-43.77]},"properties":{"name":"Papike","type":"Crater","diameter_km":67.0,"link":"https://planetarynames.wr.usgs.gov/Feature/16382"}},{"type":"Feature","geometry":{"type":"Point","coordinates":[-51.14,42.55]},"properties":{"name":"Secunda","type":"Crater","diameter_km":11.0,"link":"https://planetarynames.wr.usgs.gov/Feature/16445"}},{"type":"Feature","geometry":{"type":"Point","coordinates":[21.03,-51.88]},"properties":{"name":"Townsend","type":"Crater","diameter_km":92.0,"link":"https://planetarynames.wr.usgs.gov/Feature/16383"}},{"type":"Feature","geometry":{"type":"Point","coordinates":[17.69,-43.16]},"properties":{"name":"Blount ","type":"Crater","diameter_km":77.0,"link":"https://planetarynames.wr.usgs.gov/Feature/16384"}},{"type":"Feature","geometry":{"type":"Point","coordinates":[38.09,-42.68]},"properties":{"name":"Tupa","type":"Crater","diameter_km":45.0,"link":"https://planetarynames.wr.usgs.gov/Feature/16385"}},{"type":"Feature","geometry":{"type":"Point","coordinates":[-18.07,-0.63]},"properties":{"name":"Belen","type":"Crater","diameter_km":11.0,"link":"https://planetarynames.wr.usgs.gov/Feature/16448"}},{"type":"Feature","geometry":{"type":"Point","coordinates":[11.48,27.86]},"properties":{"name":"Hack","type":"Crater","diameter_km":69.0,"link":"https://planetarynames.wr.usgs.gov/Feature/16398"}},{"type":"Feature","geometry":{"type":"Point","coordinates":[-169.18,-37.17]},"properties":{"name":"Hala","type":"Crater","diameter_km":21.0,"link":"https://planetarynames.wr.usgs.gov/Feature/16399"}},{"type":"Feature","geometry":{"type":"Point","coordinates":[-60.77,-40.96]},"properties":{"name":"Ogygis Planum","type":"Planum","diameter_km":711.0,"link":"https://planetarynames.wr.usgs.gov/Feature/16400"}},{"type":"Feature","geometry":{"type":"Point","coordinates":[-8.65999999999997,-29.38]},"properties":{"name":"Tokmok","type":"Crater","diameter_km":9.5,"link":"https://planetarynames.wr.usgs.gov/Feature/16402"}},{"type":"Feature","geometry":{"type":"Point","coordinates":[113.6162,-35.926]},"properties":{"name":"Cayon","type":"Crater","diameter_km":27.309999,"link":"https://planetarynames.wr.usgs.gov/Feature/15029"}},{"type":"Feature","geometry":{"type":"Point","coordinates":[-162.9128,25.7461]},"properties":{"name":"Amazonis Planitia","type":"Planitia","diameter_km":2809.043,"link":"https://planetarynames.wr.usgs.gov/Feature/220"}},{"type":"Feature","geometry":{"type":"Point","coordinates":[-39.9478,-35.9267]},"properties":{"name":"Moanda","type":"Crater","diameter_km":38.881001,"link":"https://planetarynames.wr.usgs.gov/Feature/15015"}},{"type":"Feature","geometry":{"type":"Point","coordinates":[-45.9174,13.0078]},"properties":{"name":"Lederberg","type":"Crater","diameter_km":87.249001,"link":"https://planetarynames.wr.usgs.gov/Feature/15016"}},{"type":"Feature","geometry":{"type":"Point","coordinates":[-0.5173,37.4091]},"properties":{"name":"Oxus Cavus","type":"Cavus","diameter_km":37.874001,"link":"https://planetarynames.wr.usgs.gov/Feature/15040"}},{"type":"Feature","geometry":{"type":"Point","coordinates":[137.2273,-4.2057]},"properties":{"name":"Peace Vallis","type":"Vallis","diameter_km":35.236,"link":"https://planetarynames.wr.usgs.gov/Feature/15036"}},{"type":"Feature","geometry":{"type":"Point","coordinates":[113.6019,-35.4501]},"properties":{"name":"Fancy","type":"Crater","diameter_km":49.438,"link":"https://planetarynames.wr.usgs.gov/Feature/15030"}},{"type":"Feature","geometry":{"type":"Point","coordinates":[149.5679,-1.3843]},"properties":{"name":"Aeolis Serpens","type":"Serpens","diameter_km":538.55298,"link":"https://planetarynames.wr.usgs.gov/Feature/15031"}},{"type":"Feature","geometry":{"type":"Point","coordinates":[137.44,-4.58]},"properties":{"name":"Yellowknife","type":"Crater","diameter_km":0.12,"link":"https://planetarynames.wr.usgs.gov/Feature/15032"}},{"type":"Feature","geometry":{"type":"Point","coordinates":[-75.5663,-6.6331]},"properties":{"name":"Candor Colles","type":"Collis","diameter_km":37.380001,"link":"https://planetarynames.wr.usgs.gov/Feature/15034"}},{"type":"Feature","geometry":{"type":"Point","coordinates":[-75.7331,-6.7776]},"properties":{"name":"Ceti Labes","type":"Labes","diameter_km":11.05,"link":"https://planetarynames.wr.usgs.gov/Feature/15035"}},{"type":"Feature","geometry":{"type":"Point","coordinates":[10.2602,38.4297]},"properties":{"name":"Euphrates Patera","type":"Patera","diameter_km":20.268,"link":"https://planetarynames.wr.usgs.gov/Feature/15038"}},{"type":"Feature","geometry":{"type":"Point","coordinates":[-0.3424,38.9739]},"properties":{"name":"Oxus Patera","type":"Patera","diameter_km":33.417999,"link":"https://planetarynames.wr.usgs.gov/Feature/15041"}},{"type":"Feature","geometry":{"type":"Point","coordinates":[6.5494,35.304]},"properties":{"name":"Siloe Patera","type":"Patera","diameter_km":39.082001,"link":"https://planetarynames.wr.usgs.gov/Feature/15042"}},{"type":"Feature","geometry":{"type":"Point","coordinates":[-11.0574,33.7692]},"properties":{"name":"Eden Patera","type":"Patera","diameter_km":80.0,"link":"https://planetarynames.wr.usgs.gov/Feature/15037"}},{"type":"Feature","geometry":{"type":"Point","coordinates":[1.7994,38.551]},"properties":{"name":"Ismenia Patera","type":"Patera","diameter_km":82.0,"link":"https://planetarynames.wr.usgs.gov/Feature/15039"}},{"type":"Feature","geometry":{"type":"Point","coordinates":[117.5168,46.7363]},"properties":{"name":"Utopia Planitia","type":"Planitia","diameter_km":3560.448,"link":"https://planetarynames.wr.usgs.gov/Feature/6260"}},{"type":"Feature","geometry":{"type":"Point","coordinates":[-123.0867,6.1415]},"properties":{"name":"Ulysses Colles","type":"Collis","diameter_km":84.811996,"link":"https://planetarynames.wr.usgs.gov/Feature/15017"}},{"type":"Feature","geometry":{"type":"Point","coordinates":[152.6345,-5.0465]},"properties":{"name":"Aeolis Dorsa","type":"Dorsum","diameter_km":459.16501,"link":"https://planetarynames.wr.usgs.gov/Feature/15019"}},{"type":"Feature","geometry":{"type":"Point","coordinates":[-71.4572,-3.6721]},"properties":{"name":"Baetis Labes","type":"Labes","diameter_km":88.0,"link":"https://planetarynames.wr.usgs.gov/Feature/15537"}},{"type":"Feature","geometry":{"type":"Point","coordinates":[-70.0976,-6.7662]},"properties":{"name":"Chrysas Mensa","type":"Mensa","diameter_km":167.0,"link":"https://planetarynames.wr.usgs.gov/Feature/15538"}},{"type":"Feature","geometry":{"type":"Point","coordinates":[-48.0939,-50.369]},"properties":{"name":"Argyre Mons","type":"Mons","diameter_km":60.580002,"link":"https://planetarynames.wr.usgs.gov/Feature/15236"}},{"type":"Feature","geometry":{"type":"Point","coordinates":[67.3496,9.1483]},"properties":{"name":"Nili Tholus","type":"Tholus","diameter_km":7.0009999,"link":"https://planetarynames.wr.usgs.gov/Feature/15241"}},{"type":"Feature","geometry":{"type":"Point","coordinates":[-46.6864,11.8886]},"properties":{"name":"Magong","type":"Crater","diameter_km":46.560001,"link":"https://planetarynames.wr.usgs.gov/Feature/15238"}},{"type":"Feature","geometry":{"type":"Point","coordinates":[-76.022,-5.8939]},"properties":{"name":"Ceti Mensa","type":"Mensa","diameter_km":133.951,"link":"https://planetarynames.wr.usgs.gov/Feature/1115"}},{"type":"Feature","geometry":{"type":"Point","coordinates":[-88.9773,38.1892]},"properties":{"name":"Atrax Fossa","type":"Fossa","diameter_km":34.423,"link":"https://planetarynames.wr.usgs.gov/Feature/15243"}},{"type":"Feature","geometry":{"type":"Point","coordinates":[-11.2372,7.7986]},"properties":{"name":"Aram Dorsum","type":"Dorsum","diameter_km":83.311996,"link":"https://planetarynames.wr.usgs.gov/Feature/15239"}},{"type":"Feature","geometry":{"type":"Point","coordinates":[6.4135,-69.6417]},"properties":{"name":"Sisyphi Planum","type":"Planum","diameter_km":1032.8744,"link":"https://planetarynames.wr.usgs.gov/Feature/5581"}},{"type":"Feature","geometry":{"type":"Point","coordinates":[-85.816,-45.1003]},"properties":{"name":"Istok","type":"Crater","diameter_km":4.8150001,"link":"https://planetarynames.wr.usgs.gov/Feature/15240"}},{"type":"Feature","geometry":{"type":"Point","coordinates":[149.628,37.6364]},"properties":{"name":"Bree","type":"Crater","diameter_km":28.794001,"link":"https://planetarynames.wr.usgs.gov/Feature/15251"}},{"type":"Feature","geometry":{"type":"Point","coordinates":[169.8764,19.2522]},"properties":{"name":"Kotka","type":"Crater","diameter_km":39.446999,"link":"https://planetarynames.wr.usgs.gov/Feature/15252"}},{"type":"Feature","geometry":{"type":"Point","coordinates":[-92.21,15.83]},"properties":{"name":"Topola","type":"Crater","diameter_km":8.0,"link":"https://planetarynames.wr.usgs.gov/Feature/15717"}},{"type":"Feature","geometry":{"type":"Point","coordinates":[84.14,33.49]},"properties":{"name":"Jaisalmer","type":"Crater","diameter_km":15.0,"link":"https://planetarynames.wr.usgs.gov/Feature/15716"}},{"type":"Feature","geometry":{"type":"Point","coordinates":[178.6048,-37.2004]},"properties":{"name":"Caralis Chaos","type":"Chaos","diameter_km":103.352,"link":"https://planetarynames.wr.usgs.gov/Feature/15253"}},{"type":"Feature","geometry":{"type":"Point","coordinates":[98.0442,-14.5679]},"properties":{"name":"Lopez","type":"Crater","diameter_km":85.0,"link":"https://planetarynames.wr.usgs.gov/Feature/15254"}},{"type":"Feature","geometry":{"type":"Point","coordinates":[78.9,-3.86]},"properties":{"name":"Oenotria Cavi","type":"Cavus","diameter_km":247.0,"link":"https://planetarynames.wr.usgs.gov/Feature/15712"}},{"type":"Feature","geometry":{"type":"Point","coordinates":[102.95,-16.36]},"properties":{"name":"Kenge","type":"Crater","diameter_km":6.0,"link":"https://planetarynames.wr.usgs.gov/Feature/15718"}},{"type":"Feature","geometry":{"type":"Point","coordinates":[-147.63,31.12]},"properties":{"name":"Yelwa","type":"Crater","diameter_km":8.2,"link":"https://planetarynames.wr.usgs.gov/Feature/15719"}},{"type":"Feature","geometry":{"type":"Point","coordinates":[59.48,-24.04]},"properties":{"name":"Kilmia","type":"Crater","diameter_km":7.0,"link":"https://planetarynames.wr.usgs.gov/Feature/15720"}},{"type":"Feature","geometry":{"type":"Point","coordinates":[57.54,-36.0]},"properties":{"name":"Kufstein","type":"Crater","diameter_km":18.8,"link":"https://planetarynames.wr.usgs.gov/Feature/15721"}},{"type":"Feature","geometry":{"type":"Point","coordinates":[78.0257,-25.9689]},"properties":{"name":"Napo Vallis","type":"Vallis","diameter_km":87.5,"link":"https://planetarynames.wr.usgs.gov/Feature/15266"}},{"type":"Feature","geometry":{"type":"Point","coordinates":[78.0477,-27.2454]},"properties":{"name":"Hadriacus Cavi","type":"Cavus","diameter_km":59.085999,"link":"https://planetarynames.wr.usgs.gov/Feature/15264"}},{"type":"Feature","geometry":{"type":"Point","coordinates":[79.0746,-26.6666]},"properties":{"name":"Huallaga Vallis","type":"Vallis","diameter_km":92.5,"link":"https://planetarynames.wr.usgs.gov/Feature/15267"}},{"type":"Feature","geometry":{"type":"Point","coordinates":[80.1439,-27.1651]},"properties":{"name":"Auce","type":"Crater","diameter_km":37.009998,"link":"https://planetarynames.wr.usgs.gov/Feature/15265"}},{"type":"Feature","geometry":{"type":"Point","coordinates":[-59.9738,-5.9023]},"properties":{"name":"Hydrae Chaos","type":"Chaos","diameter_km":66.0,"link":"https://planetarynames.wr.usgs.gov/Feature/15271"}},{"type":"Feature","geometry":{"type":"Point","coordinates":[-62.2848,-9.2697]},"properties":{"name":"Pital","type":"Crater","diameter_km":41.700001,"link":"https://planetarynames.wr.usgs.gov/Feature/15272"}},{"type":"Feature","geometry":{"type":"Point","coordinates":[-46.6078,8.9566]},"properties":{"name":"Esira","type":"Crater","diameter_km":16.256001,"link":"https://planetarynames.wr.usgs.gov/Feature/15273"}},{"type":"Feature","geometry":{"type":"Point","coordinates":[171.2213,-38.0973]},"properties":{"name":"Tarq","type":"Crater","diameter_km":35.362,"link":"https://planetarynames.wr.usgs.gov/Feature/15564"}},{"type":"Feature","geometry":{"type":"Point","coordinates":[-69.6892,-11.5157]},"properties":{"name":"Garni","type":"Crater","diameter_km":2.572,"link":"https://planetarynames.wr.usgs.gov/Feature/15318"}},{"type":"Feature","geometry":{"type":"Point","coordinates":[136.5395,-4.8185]},"properties":{"name":"Dulce Vallis","type":"Vallis","diameter_km":32.464001,"link":"https://planetarynames.wr.usgs.gov/Feature/15330"}},{"type":"Feature","geometry":{"type":"Point","coordinates":[141.28,-6.39]},"properties":{"name":"Garu","type":"Crater","diameter_km":32.0,"link":"https://planetarynames.wr.usgs.gov/Feature/15731"}},{"type":"Feature","geometry":{"type":"Point","coordinates":[-32.0842,35.2589]},"properties":{"name":"Rauna","type":"Crater","diameter_km":2.5339999,"link":"https://planetarynames.wr.usgs.gov/Feature/15319"}},{"type":"Feature","geometry":{"type":"Point","coordinates":[-65.3908,-13.0007]},"properties":{"name":"Coprates Montes","type":"Mons","diameter_km":350.0,"link":"https://planetarynames.wr.usgs.gov/Feature/15326"}},{"type":"Feature","geometry":{"type":"Point","coordinates":[-54.6476,-14.6385]},"properties":{"name":"Nectaris Montes","type":"Mons","diameter_km":220.0,"link":"https://planetarynames.wr.usgs.gov/Feature/15327"}},{"type":"Feature","geometry":{"type":"Point","coordinates":[18.7662,-47.0098]},"properties":{"name":"Moni","type":"Crater","diameter_km":5.4359999,"link":"https://planetarynames.wr.usgs.gov/Feature/15331"}},{"type":"Feature","geometry":{"type":"Point","coordinates":[23.6915,-39.1772]},"properties":{"name":"Hunten","type":"Crater","diameter_km":82.439003,"link":"https://planetarynames.wr.usgs.gov/Feature/15308"}},{"type":"Feature","geometry":{"type":"Point","coordinates":[18.7215,-32.4289]},"properties":{"name":"Choyr","type":"Crater","diameter_km":36.417,"link":"https://planetarynames.wr.usgs.gov/Feature/15309"}},{"type":"Feature","geometry":{"type":"Point","coordinates":[-54.6996,35.6204]},"properties":{"name":"Moa Valles","type":"Vallis","diameter_km":265.0,"link":"https://planetarynames.wr.usgs.gov/Feature/15349"}},{"type":"Feature","geometry":{"type":"Point","coordinates":[3.9177,-36.7932]},"properties":{"name":"Greeley","type":"Crater","diameter_km":457.45499,"link":"https://planetarynames.wr.usgs.gov/Feature/15313"}},{"type":"Feature","geometry":{"type":"Point","coordinates":[62.1439,-32.7942]},"properties":{"name":"Badwater","type":"Crater","diameter_km":33.143002,"link":"https://planetarynames.wr.usgs.gov/Feature/15314"}},{"type":"Feature","geometry":{"type":"Point","coordinates":[-66.2111,-49.6616]},"properties":{"name":"Ogygis Undae","type":"Unda","diameter_km":87.699997,"link":"https://planetarynames.wr.usgs.gov/Feature/15370"}},{"type":"Feature","geometry":{"type":"Point","coordinates":[-100.7314,-13.4615]},"properties":{"name":"Syria Colles","type":"Collis","diameter_km":630.0,"link":"https://planetarynames.wr.usgs.gov/Feature/15315"}},{"type":"Feature","geometry":{"type":"Point","coordinates":[-55.54,-11.83]},"properties":{"name":"Kankossa","type":"Crater","diameter_km":16.5,"link":"https://planetarynames.wr.usgs.gov/Feature/15568"}},{"type":"Feature","geometry":{"type":"Point","coordinates":[-65.6255,-7.93]},"properties":{"name":"Juventae Mensa","type":"Mensa","diameter_km":116.0,"link":"https://planetarynames.wr.usgs.gov/Feature/15316"}},{"type":"Feature","geometry":{"type":"Point","coordinates":[75.3731,-35.6657]},"properties":{"name":"Talas","type":"Crater","diameter_km":30.0,"link":"https://planetarynames.wr.usgs.gov/Feature/15362"}},{"type":"Feature","geometry":{"type":"Point","coordinates":[115.67,-25.79]},"properties":{"name":"Bam","type":"Crater","diameter_km":6.8,"link":"https://planetarynames.wr.usgs.gov/Feature/15569"}},{"type":"Feature","geometry":{"type":"Point","coordinates":[-18.76,23.46]},"properties":{"name":"Oituz","type":"Crater","diameter_km":15.3,"link":"https://planetarynames.wr.usgs.gov/Feature/15750"}},{"type":"Feature","geometry":{"type":"Point","coordinates":[-67.3152,-7.7219]},"properties":{"name":"Nia Mensa","type":"Mensa","diameter_km":95.0,"link":"https://planetarynames.wr.usgs.gov/Feature/15317"}},{"type":"Feature","geometry":{"type":"Point","coordinates":[82.6838,-33.9351]},"properties":{"name":"Navua Valles","type":"Vallis","diameter_km":500.0,"link":"https://planetarynames.wr.usgs.gov/Feature/15363"}},{"type":"Feature","geometry":{"type":"Point","coordinates":[65.466,-34.6372]},"properties":{"name":"Hellas Chasma","type":"Chasma","diameter_km":148.0,"link":"https://planetarynames.wr.usgs.gov/Feature/15364"}},{"type":"Feature","geometry":{"type":"Point","coordinates":[137.4362,-4.8537]},"properties":{"name":"Gediz Vallis","type":"Vallis","diameter_km":8.2950001,"link":"https://planetarynames.wr.usgs.gov/Feature/15571"}},{"type":"Feature","geometry":{"type":"Point","coordinates":[56.7106,-35.0558]},"properties":{"name":"Peneus Palus","type":"Palus","diameter_km":870.0,"link":"https://planetarynames.wr.usgs.gov/Feature/15365"}},{"type":"Feature","geometry":{"type":"Point","coordinates":[-157.28,-39.34]},"properties":{"name":"Arvi","type":"Crater","diameter_km":7.0,"link":"https://planetarynames.wr.usgs.gov/Feature/16042"}},{"type":"Feature","geometry":{"type":"Point","coordinates":[174.0992,-35.94]},"properties":{"name":"Karun Valles","type":"Vallis","diameter_km":64.0,"link":"https://planetarynames.wr.usgs.gov/Feature/15411"}},{"type":"Feature","geometry":{"type":"Point","coordinates":[65.4092,-32.6822]},"properties":{"name":"Coronae Planum","type":"Planum","diameter_km":265.0,"link":"https://planetarynames.wr.usgs.gov/Feature/15366"}},{"type":"Feature","geometry":{"type":"Point","coordinates":[-139.68,-35.79]},"properties":{"name":"Icaria Rupes","type":"Rupes","diameter_km":159.813,"link":"https://planetarynames.wr.usgs.gov/Feature/15575"}},{"type":"Feature","geometry":{"type":"Point","coordinates":[16.47,16.77]},"properties":{"name":"Hiddekel Rupes","type":"Rupes","diameter_km":313.0,"link":"https://planetarynames.wr.usgs.gov/Feature/15573"}},{"type":"Feature","geometry":{"type":"Point","coordinates":[165.06,-23.94]},"properties":{"name":"Draconis Mons","type":"Mons","diameter_km":39.683998,"link":"https://planetarynames.wr.usgs.gov/Feature/15939"}},{"type":"Feature","geometry":{"type":"Point","coordinates":[96.875,-15.7626]},"properties":{"name":"Auki","type":"Crater","diameter_km":40.0,"link":"https://planetarynames.wr.usgs.gov/Feature/15367"}},{"type":"Feature","geometry":{"type":"Point","coordinates":[69.433,20.1929]},"properties":{"name":"Negril","type":"Crater","diameter_km":52.0,"link":"https://planetarynames.wr.usgs.gov/Feature/15368"}},{"type":"Feature","geometry":{"type":"Point","coordinates":[-67.0325,-44.6725]},"properties":{"name":"Phrixi Rupes","type":"Rupes","diameter_km":413.08801,"link":"https://planetarynames.wr.usgs.gov/Feature/15589"}},{"type":"Feature","geometry":{"type":"Point","coordinates":[-31.9845,-19.647]},"properties":{"name":"Cardona","type":"Crater","diameter_km":13.7,"link":"https://planetarynames.wr.usgs.gov/Feature/15369"}},{"type":"Feature","geometry":{"type":"Point","coordinates":[-31.09,-15.1354]},"properties":{"name":"Alnif","type":"Crater","diameter_km":23.990999,"link":"https://planetarynames.wr.usgs.gov/Feature/15605"}},{"type":"Feature","geometry":{"type":"Point","coordinates":[85.7955,2.5818]},"properties":{"name":"Bradbury","type":"Crater","diameter_km":63.200001,"link":"https://planetarynames.wr.usgs.gov/Feature/15432"}},{"type":"Feature","geometry":{"type":"Point","coordinates":[78.12,-27.14]},"properties":{"name":"Gokwe","type":"Crater","diameter_km":2.1630001,"link":"https://planetarynames.wr.usgs.gov/Feature/15606"}},{"type":"Feature","geometry":{"type":"Point","coordinates":[-20.74,49.76]},"properties":{"name":"Acidalia Planitia","type":"Planitia","diameter_km":3505.0,"link":"https://planetarynames.wr.usgs.gov/Feature/38"}},{"type":"Feature","geometry":{"type":"Point","coordinates":[-171.85,49.02]},"properties":{"name":"Arcadia Planitia","type":"Planitia","diameter_km":2245.0,"link":"https://planetarynames.wr.usgs.gov/Feature/348"}},{"type":"Feature","geometry":{"type":"Point","coordinates":[16.24,29.43]},"properties":{"name":"Hiddekel Cavus","type":"Cavus","diameter_km":23.3,"link":"https://planetarynames.wr.usgs.gov/Feature/15482"}},{"type":"Feature","geometry":{"type":"Point","coordinates":[2.59,81.87]},"properties":{"name":"Gemina Lingula","type":"Lingula","diameter_km":772.89001,"link":"https://planetarynames.wr.usgs.gov/Feature/14287"}},{"type":"Feature","geometry":{"type":"Point","coordinates":[-20.15,84.64]},"properties":{"name":"Boreum Cavus","type":"Cavus","diameter_km":62.130001,"link":"https://planetarynames.wr.usgs.gov/Feature/6962"}},{"type":"Feature","geometry":{"type":"Point","coordinates":[-171.19,82.18]},"properties":{"name":"Olympia Planum","type":"Planum","diameter_km":804.39001,"link":"https://planetarynames.wr.usgs.gov/Feature/14281"}},{"type":"Feature","geometry":{"type":"Point","coordinates":[83.23,-27.35]},"properties":{"name":"McCauley","type":"Crater","diameter_km":90.0,"link":"https://planetarynames.wr.usgs.gov/Feature/15756"}},{"type":"Feature","geometry":{"type":"Point","coordinates":[83.4,-28.38]},"properties":{"name":"Jori","type":"Crater","diameter_km":31.0,"link":"https://planetarynames.wr.usgs.gov/Feature/15757"}},{"type":"Feature","geometry":{"type":"Point","coordinates":[84.15,-28.91]},"properties":{"name":"Batson","type":"Crater","diameter_km":75.0,"link":"https://planetarynames.wr.usgs.gov/Feature/15758"}},{"type":"Feature","geometry":{"type":"Point","coordinates":[82.93,-29.67]},"properties":{"name":"Nako","type":"Crater","diameter_km":43.0,"link":"https://planetarynames.wr.usgs.gov/Feature/15759"}},{"type":"Feature","geometry":{"type":"Point","coordinates":[83.69,-29.85]},"properties":{"name":"Salkhad","type":"Crater","diameter_km":42.0,"link":"https://planetarynames.wr.usgs.gov/Feature/15760"}},{"type":"Feature","geometry":{"type":"Point","coordinates":[105.92,3.4]},"properties":{"name":"Amenthes Planum","type":"Planum","diameter_km":953.0,"link":"https://planetarynames.wr.usgs.gov/Feature/228"}},{"type":"Feature","geometry":{"type":"Point","coordinates":[-177.77,85.06]},"properties":{"name":"Olympia Cavi","type":"Cavus","diameter_km":342.78287,"link":"https://planetarynames.wr.usgs.gov/Feature/14157"}},{"type":"Feature","geometry":{"type":"Point","coordinates":[150.6,-7.13]},"properties":{"name":"Aeolis Chaos","type":"Chaos","diameter_km":201.0,"link":"https://planetarynames.wr.usgs.gov/Feature/15761"}},{"type":"Feature","geometry":{"type":"Point","coordinates":[0.99,10.24]},"properties":{"name":"Wulai","type":"Crater","diameter_km":50.5,"link":"https://planetarynames.wr.usgs.gov/Feature/15764"}},{"type":"Feature","geometry":{"type":"Point","coordinates":[1.62,3.78]},"properties":{"name":"Izamal","type":"Crater","diameter_km":57.5,"link":"https://planetarynames.wr.usgs.gov/Feature/15769"}},{"type":"Feature","geometry":{"type":"Point","coordinates":[141.27,8.93]},"properties":{"name":"Kalpin","type":"Crater","diameter_km":52.0,"link":"https://planetarynames.wr.usgs.gov/Feature/15777"}},{"type":"Feature","geometry":{"type":"Point","coordinates":[-4.31999999999999,10.76]},"properties":{"name":"Banes","type":"Crater","diameter_km":41.0,"link":"https://planetarynames.wr.usgs.gov/Feature/15765"}},{"type":"Feature","geometry":{"type":"Point","coordinates":[-1.04999999999995,8.84]},"properties":{"name":"Sera","type":"Crater","diameter_km":28.0,"link":"https://planetarynames.wr.usgs.gov/Feature/15766"}},{"type":"Feature","geometry":{"type":"Point","coordinates":[-1.74000000000001,8.77]},"properties":{"name":"Jiji","type":"Crater","diameter_km":21.0,"link":"https://planetarynames.wr.usgs.gov/Feature/15767"}},{"type":"Feature","geometry":{"type":"Point","coordinates":[14.35,-0.12]},"properties":{"name":"Kaporo","type":"Crater","diameter_km":42.700001,"link":"https://planetarynames.wr.usgs.gov/Feature/15768"}},{"type":"Feature","geometry":{"type":"Point","coordinates":[1.13,3.83]},"properties":{"name":"Yelapa","type":"Crater","diameter_km":29.0,"link":"https://planetarynames.wr.usgs.gov/Feature/15770"}},{"type":"Feature","geometry":{"type":"Point","coordinates":[109.939,24.812]},"properties":{"name":"Zhengji","type":"Crater","diameter_km":0.48,"link":"https://planetarynames.wr.usgs.gov/Feature/16038"}},{"type":"Feature","geometry":{"type":"Point","coordinates":[-3.54999999999995,4.73]},"properties":{"name":"Cagli","type":"Crater","diameter_km":28.162001,"link":"https://planetarynames.wr.usgs.gov/Feature/15778"}},{"type":"Feature","geometry":{"type":"Point","coordinates":[-71.1635,-12.2004]},"properties":{"name":"Coprates Mensa","type":"Mensa","diameter_km":240.0,"link":"https://planetarynames.wr.usgs.gov/Feature/15438"}},{"type":"Feature","geometry":{"type":"Point","coordinates":[56.6051,-11.1642]},"properties":{"name":"Prao","type":"Crater","diameter_km":20.0,"link":"https://planetarynames.wr.usgs.gov/Feature/15473"}},{"type":"Feature","geometry":{"type":"Point","coordinates":[109.825,24.887]},"properties":{"name":"Huxiang","type":"Crater","diameter_km":0.46,"link":"https://planetarynames.wr.usgs.gov/Feature/16037"}},{"type":"Feature","geometry":{"type":"Point","coordinates":[-75.3179,-8.6026]},"properties":{"name":"Ius Mensa","type":"Mensa","diameter_km":160.0,"link":"https://planetarynames.wr.usgs.gov/Feature/15439"}},{"type":"Feature","geometry":{"type":"Point","coordinates":[-25.71,17.28]},"properties":{"name":"Oxia Planum","type":"Planum","diameter_km":231.02901,"link":"https://planetarynames.wr.usgs.gov/Feature/15821"}},{"type":"Feature","geometry":{"type":"Point","coordinates":[-74.1522,-10.7232]},"properties":{"name":"Melas Mensa","type":"Mensa","diameter_km":245.0,"link":"https://planetarynames.wr.usgs.gov/Feature/15437"}},{"type":"Feature","geometry":{"type":"Point","coordinates":[-26.9751,51.668]},"properties":{"name":"Catota","type":"Crater","diameter_km":1.3,"link":"https://planetarynames.wr.usgs.gov/Feature/15440"}},{"type":"Feature","geometry":{"type":"Point","coordinates":[-137.0619,-37.4936]},"properties":{"name":"Dunkassa","type":"Crater","diameter_km":8.0,"link":"https://planetarynames.wr.usgs.gov/Feature/15441"}},{"type":"Feature","geometry":{"type":"Point","coordinates":[-131.067,-37.3906]},"properties":{"name":"Selevac","type":"Crater","diameter_km":7.303,"link":"https://planetarynames.wr.usgs.gov/Feature/15481"}},{"type":"Feature","geometry":{"type":"Point","coordinates":[-135.96,-38.12]},"properties":{"name":"Langtang","type":"Crater","diameter_km":9.8,"link":"https://planetarynames.wr.usgs.gov/Feature/15484"}},{"type":"Feature","geometry":{"type":"Point","coordinates":[-77.27,12.29]},"properties":{"name":"Echus Palus","type":"Palus","diameter_km":715.0,"link":"https://planetarynames.wr.usgs.gov/Feature/15483"}},{"type":"Feature","geometry":{"type":"Point","coordinates":[20.0873,-40.3548]},"properties":{"name":"Talu","type":"Crater","diameter_km":10.0,"link":"https://planetarynames.wr.usgs.gov/Feature/15485"}},{"type":"Feature","geometry":{"type":"Point","coordinates":[-142.1,-38.07]},"properties":{"name":"Bunnik","type":"Crater","diameter_km":29.0,"link":"https://planetarynames.wr.usgs.gov/Feature/15486"}},{"type":"Feature","geometry":{"type":"Point","coordinates":[169.55,-38.04]},"properties":{"name":"Nqutu","type":"Crater","diameter_km":21.0,"link":"https://planetarynames.wr.usgs.gov/Feature/15487"}},{"type":"Feature","geometry":{"type":"Point","coordinates":[-23.3,17.52]},"properties":{"name":"Kilkhampton","type":"Crater","diameter_km":16.0,"link":"https://planetarynames.wr.usgs.gov/Feature/15849"}},{"type":"Feature","geometry":{"type":"Point","coordinates":[27.9,28.09]},"properties":{"name":"Ramanathan ","type":"Crater","diameter_km":89.0,"link":"https://planetarynames.wr.usgs.gov/Feature/16039"}},{"type":"Feature","geometry":{"type":"Point","coordinates":[-30.42,36.57]},"properties":{"name":"Tehachapi","type":"Crater","diameter_km":26.0,"link":"https://planetarynames.wr.usgs.gov/Feature/15850"}},{"type":"Feature","geometry":{"type":"Point","coordinates":[129.4827,-35.7137]},"properties":{"name":"Cilaos","type":"Crater","diameter_km":21.4,"link":"https://planetarynames.wr.usgs.gov/Feature/15498"}},{"type":"Feature","geometry":{"type":"Point","coordinates":[-24.38,14.29]},"properties":{"name":"Chamba","type":"Crater","diameter_km":37.0,"link":"https://planetarynames.wr.usgs.gov/Feature/15853"}},{"type":"Feature","geometry":{"type":"Point","coordinates":[28.0629,-23.2938]},"properties":{"name":"Murray","type":"Crater","diameter_km":92.0,"link":"https://planetarynames.wr.usgs.gov/Feature/15504"}},{"type":"Feature","geometry":{"type":"Point","coordinates":[-158.54,-42.15]},"properties":{"name":"Poso","type":"Crater","diameter_km":10.0,"link":"https://planetarynames.wr.usgs.gov/Feature/16043"}},{"type":"Feature","geometry":{"type":"Point","coordinates":[-45.4958,-23.725]},"properties":{"name":"Degana","type":"Crater","diameter_km":57.0,"link":"https://planetarynames.wr.usgs.gov/Feature/15507"}},{"type":"Feature","geometry":{"type":"Point","coordinates":[-23.8,-29.2]},"properties":{"name":"Pyrrhae Fossae","type":"Fossa","diameter_km":430.0,"link":"https://planetarynames.wr.usgs.gov/Feature/15472"}},{"type":"Feature","geometry":{"type":"Point","coordinates":[27.0258,-23.5121]},"properties":{"name":"Mambali","type":"Crater","diameter_km":31.0,"link":"https://planetarynames.wr.usgs.gov/Feature/15505"}},{"type":"Feature","geometry":{"type":"Point","coordinates":[28.3008,-24.7192]},"properties":{"name":"Baum","type":"Crater","diameter_km":62.0,"link":"https://planetarynames.wr.usgs.gov/Feature/15506"}},{"type":"Feature","geometry":{"type":"Point","coordinates":[-16.6562,-37.0246]},"properties":{"name":"Nybyen","type":"Crater","diameter_km":6.2,"link":"https://planetarynames.wr.usgs.gov/Feature/15508"}},{"type":"Feature","geometry":{"type":"Point","coordinates":[-136.37,-38.95]},"properties":{"name":"Daiyang","type":"Crater","diameter_km":10.0,"link":"https://planetarynames.wr.usgs.gov/Feature/16046"}},{"type":"Feature","geometry":{"type":"Point","coordinates":[-29.0771,-35.8649]},"properties":{"name":"Flateyri","type":"Crater","diameter_km":9.5,"link":"https://planetarynames.wr.usgs.gov/Feature/15509"}},{"type":"Feature","geometry":{"type":"Point","coordinates":[-54.12,54.56]},"properties":{"name":"Maur","type":"Crater","diameter_km":3.0,"link":"https://planetarynames.wr.usgs.gov/Feature/16040"}},{"type":"Feature","geometry":{"type":"Point","coordinates":[77.72,18.53]},"properties":{"name":"Hartwell","type":"Crater","diameter_km":1.7,"link":"https://planetarynames.wr.usgs.gov/Feature/15871"}},{"type":"Feature","geometry":{"type":"Point","coordinates":[77.38,18.48]},"properties":{"name":"Belva","type":"Crater","diameter_km":0.9,"link":"https://planetarynames.wr.usgs.gov/Feature/15872"}},{"type":"Feature","geometry":{"type":"Point","coordinates":[76.95,18.65]},"properties":{"name":"Angelica","type":"Crater","diameter_km":3.5,"link":"https://planetarynames.wr.usgs.gov/Feature/15873"}},{"type":"Feature","geometry":{"type":"Point","coordinates":[76.91,17.95]},"properties":{"name":"Ulricehamn","type":"Crater","diameter_km":2.34,"link":"https://planetarynames.wr.usgs.gov/Feature/15875"}},{"type":"Feature","geometry":{"type":"Point","coordinates":[77.18,18.13]},"properties":{"name":"Marysville","type":"Crater","diameter_km":1.85,"link":"https://planetarynames.wr.usgs.gov/Feature/15874"}},{"type":"Feature","geometry":{"type":"Point","coordinates":[77.54,17.84]},"properties":{"name":"Sedona","type":"Crater","diameter_km":7.4,"link":"https://planetarynames.wr.usgs.gov/Feature/15876"}},{"type":"Feature","geometry":{"type":"Point","coordinates":[77.07,18.29]},"properties":{"name":"Una Vallis","type":"Vallis","diameter_km":5.0,"link":"https://planetarynames.wr.usgs.gov/Feature/15878"}},{"type":"Feature","geometry":{"type":"Point","coordinates":[77.2,18.55]},"properties":{"name":"Neretva Vallis","type":"Vallis","diameter_km":17.0,"link":"https://planetarynames.wr.usgs.gov/Feature/15879"}},{"type":"Feature","geometry":{"type":"Point","coordinates":[158.55,-34.59]},"properties":{"name":"Cimmeria Tholi","type":"Tholus","diameter_km":222.42799,"link":"https://planetarynames.wr.usgs.gov/Feature/15940"}},{"type":"Feature","geometry":{"type":"Point","coordinates":[77.95,18.34]},"properties":{"name":"Dacono","type":"Crater","diameter_km":2.2,"link":"https://planetarynames.wr.usgs.gov/Feature/15877"}},{"type":"Feature","geometry":{"type":"Point","coordinates":[-21.8,-32.35]},"properties":{"name":"Satkania","type":"Crater","diameter_km":6.0,"link":"https://planetarynames.wr.usgs.gov/Feature/16048"}},{"type":"Feature","geometry":{"type":"Point","coordinates":[-157.36,-39.43]},"properties":{"name":"Bari","type":"Crater","diameter_km":8.0,"link":"https://planetarynames.wr.usgs.gov/Feature/16041"}},{"type":"Feature","geometry":{"type":"Point","coordinates":[-176.08,-38.02]},"properties":{"name":"Luwuk","type":"Crater","diameter_km":6.0,"link":"https://planetarynames.wr.usgs.gov/Feature/16044"}},{"type":"Feature","geometry":{"type":"Point","coordinates":[-145.7,-36.11]},"properties":{"name":"Teknaf","type":"Crater","diameter_km":12.0,"link":"https://planetarynames.wr.usgs.gov/Feature/16045"}},{"type":"Feature","geometry":{"type":"Point","coordinates":[-125.7899,-39.5082]},"properties":{"name":"Taltal","type":"Crater","diameter_km":10.0,"link":"https://planetarynames.wr.usgs.gov/Feature/15526"}},{"type":"Feature","geometry":{"type":"Point","coordinates":[-65.5,-50.07]},"properties":{"name":"Jintur","type":"Crater","diameter_km":11.0,"link":"https://planetarynames.wr.usgs.gov/Feature/16047"}},{"type":"Feature","geometry":{"type":"Point","coordinates":[77.1,18.6]},"properties":{"name":"Nili Planum","type":"Planum","diameter_km":128.547,"link":"https://planetarynames.wr.usgs.gov/Feature/15880"}},{"type":"Feature","geometry":{"type":"Point","coordinates":[-8.35999999999996,-37.77]},"properties":{"name":"Zhufan","type":"Crater","diameter_km":25.0,"link":"https://planetarynames.wr.usgs.gov/Feature/16049"}},{"type":"Feature","geometry":{"type":"Point","coordinates":[18.83,-46.18]},"properties":{"name":"Wukan","type":"Crater","diameter_km":13.0,"link":"https://planetarynames.wr.usgs.gov/Feature/16050"}},{"type":"Feature","geometry":{"type":"Point","coordinates":[124.11,-37.25]},"properties":{"name":"Gebog","type":"Crater","diameter_km":9.0,"link":"https://planetarynames.wr.usgs.gov/Feature/16051"}},{"type":"Feature","geometry":{"type":"Point","coordinates":[-106.45,55.35]},"properties":{"name":"Bohar","type":"Crater","diameter_km":11.0,"link":"https://planetarynames.wr.usgs.gov/Feature/16054"}},{"type":"Feature","geometry":{"type":"Point","coordinates":[-106.45,55.35]},"properties":{"name":"Bohar","type":"Crater","diameter_km":11.0,"link":"https://planetarynames.wr.usgs.gov/Feature/16054"}},{"type":"Feature","geometry":{"type":"Point","coordinates":[54.1,-26.11]},"properties":{"name":"Izola","type":"Crater","diameter_km":2.7,"link":"https://planetarynames.wr.usgs.gov/Feature/15896"}},{"type":"Feature","geometry":{"type":"Point","coordinates":[-24.72,18.0]},"properties":{"name":"Malino","type":"Crater","diameter_km":16.0,"link":"https://planetarynames.wr.usgs.gov/Feature/15892"}},{"type":"Feature","geometry":{"type":"Point","coordinates":[-23.03,18.08]},"properties":{"name":"Zaim","type":"Crater","diameter_km":24.0,"link":"https://planetarynames.wr.usgs.gov/Feature/15893"}},{"type":"Feature","geometry":{"type":"Point","coordinates":[54.29,-25.89]},"properties":{"name":"Izola Mensa","type":"Mensa","diameter_km":10.8,"link":"https://planetarynames.wr.usgs.gov/Feature/15897"}},{"type":"Feature","geometry":{"type":"Point","coordinates":[78.35,18.67]},"properties":{"name":"Pliva Vallis","type":"Vallis","diameter_km":30.0,"link":"https://planetarynames.wr.usgs.gov/Feature/15903"}},{"type":"Feature","geometry":{"type":"Point","coordinates":[77.13,19.09]},"properties":{"name":"Sava Vallis","type":"Vallis","diameter_km":62.0,"link":"https://planetarynames.wr.usgs.gov/Feature/15904"}},{"type":"Feature","geometry":{"type":"Point","coordinates":[-73.4908,-3.9945]},"properties":{"name":"Ophir Mensa","type":"Mensa","diameter_km":103.331,"link":"https://planetarynames.wr.usgs.gov/Feature/15173"}},{"type":"Feature","geometry":{"type":"Point","coordinates":[-130.997,61.7178]},"properties":{"name":"Gan","type":"Crater","diameter_km":20.629999,"link":"https://planetarynames.wr.usgs.gov/Feature/15174"}},{"type":"Feature","geometry":{"type":"Point","coordinates":[-66.4681,-25.7341]},"properties":{"name":"Byala","type":"Crater","diameter_km":26.23,"link":"https://planetarynames.wr.usgs.gov/Feature/15171"}},{"type":"Feature","geometry":{"type":"Point","coordinates":[137.33,-5.1]},"properties":{"name":"Sakarya Vallis","type":"Vallis","diameter_km":26.0,"link":"https://planetarynames.wr.usgs.gov/Feature/15941"}},{"type":"Feature","geometry":{"type":"Point","coordinates":[-176.5917,-37.7189]},"properties":{"name":"Simois Colles","type":"Collis","diameter_km":86.941002,"link":"https://planetarynames.wr.usgs.gov/Feature/15184"}},{"type":"Feature","geometry":{"type":"Point","coordinates":[37.6,-41.1]},"properties":{"name":"Pai","type":"Crater","diameter_km":42.0,"link":"https://planetarynames.wr.usgs.gov/Feature/15688"}},{"type":"Feature","geometry":{"type":"Point","coordinates":[28.4,-44.9]},"properties":{"name":"Neukum","type":"Crater","diameter_km":102.0,"link":"https://planetarynames.wr.usgs.gov/Feature/15687"}},{"type":"Feature","geometry":{"type":"Point","coordinates":[-133.23,17.96]},"properties":{"name":"Dionysus Patera","type":"Patera","diameter_km":23.0,"link":"https://planetarynames.wr.usgs.gov/Feature/15692"}},{"type":"Feature","geometry":{"type":"Point","coordinates":[-133.77,18.45]},"properties":{"name":"Hera Patera","type":"Patera","diameter_km":32.0,"link":"https://planetarynames.wr.usgs.gov/Feature/15691"}},{"type":"Feature","geometry":{"type":"Point","coordinates":[-169.69,-35.34]},"properties":{"name":"Gorgonum Mons","type":"Mons","diameter_km":70.0,"link":"https://planetarynames.wr.usgs.gov/Feature/15930"}},{"type":"Feature","geometry":{"type":"Point","coordinates":[-173.94,-43.43]},"properties":{"name":"Qaqortoq","type":"Crater","diameter_km":20.0,"link":"https://planetarynames.wr.usgs.gov/Feature/15958"}},{"type":"Feature","geometry":{"type":"Point","coordinates":[26.1,80.39]},"properties":{"name":"Gemini Scopuli","type":"Scopulus","diameter_km":1000.36,"link":"https://planetarynames.wr.usgs.gov/Feature/6965"}},{"type":"Feature","geometry":{"type":"Point","coordinates":[48.7,30.27]},"properties":{"name":"Phison Patera","type":"Patera","diameter_km":506.0,"link":"https://planetarynames.wr.usgs.gov/Feature/15801"}},{"type":"Feature","geometry":{"type":"Point","coordinates":[-7.82999999999998,10.47]},"properties":{"name":"Thymiamata Serpens","type":"Serpens","diameter_km":158.0,"link":"https://planetarynames.wr.usgs.gov/Feature/15793"}},{"type":"Feature","geometry":{"type":"Point","coordinates":[8.1,1.3]},"properties":{"name":"Meridiani Serpentes","type":"Serpens","diameter_km":95.0,"link":"https://planetarynames.wr.usgs.gov/Feature/15794"}},{"type":"Feature","geometry":{"type":"Point","coordinates":[25.67,7.44]},"properties":{"name":"Barth","type":"Crater","diameter_km":111.0,"link":"https://planetarynames.wr.usgs.gov/Feature/15795"}},{"type":"Feature","geometry":{"type":"Point","coordinates":[-4.2627,-21.5881]},"properties":{"name":"Dollfus","type":"Crater","diameter_km":363.08401,"link":"https://planetarynames.wr.usgs.gov/Feature/15168"}},{"type":"Feature","geometry":{"type":"Point","coordinates":[-142.2848,-59.0913]},"properties":{"name":"Sitrah","type":"Crater","diameter_km":33.091,"link":"https://planetarynames.wr.usgs.gov/Feature/15169"}},{"type":"Feature","geometry":{"type":"Point","coordinates":[155.5254,0.7194]},"properties":{"name":"Zephyria Fluctus","type":"Fluctus","diameter_km":42.0,"link":"https://planetarynames.wr.usgs.gov/Feature/15195"}},{"type":"Feature","geometry":{"type":"Point","coordinates":[-78.6492,-23.1345]},"properties":{"name":"Betio","type":"Crater","diameter_km":32.441002,"link":"https://planetarynames.wr.usgs.gov/Feature/15170"}},{"type":"Feature","geometry":{"type":"Point","coordinates":[-56.1353,-26.0115]},"properties":{"name":"Halba","type":"Crater","diameter_km":31.410999,"link":"https://planetarynames.wr.usgs.gov/Feature/15172"}},{"type":"Feature","geometry":{"type":"Point","coordinates":[-33.6787,-0.0204]},"properties":{"name":"Hydraotes Colles","type":"Collis","diameter_km":47.5,"link":"https://planetarynames.wr.usgs.gov/Feature/15268"}},{"type":"Feature","geometry":{"type":"Point","coordinates":[-58.1596,-3.9089]},"properties":{"name":"Juventae Cavi","type":"Cavus","diameter_km":94.400002,"link":"https://planetarynames.wr.usgs.gov/Feature/15269"}},{"type":"Feature","geometry":{"type":"Point","coordinates":[-61.3076,-7.9252]},"properties":{"name":"Hydrae Cavus","type":"Cavus","diameter_km":64.5,"link":"https://planetarynames.wr.usgs.gov/Feature/15270"}},{"type":"Feature","geometry":{"type":"Point","coordinates":[-165.11,-40.48]},"properties":{"name":"Newton Tholus","type":"Tholus","diameter_km":80.386002,"link":"https://planetarynames.wr.usgs.gov/Feature/15931"}},{"type":"Feature","geometry":{"type":"Point","coordinates":[-163.24,-42.67]},"properties":{"name":"Simois","type":"Mons","diameter_km":91.528999,"link":"https://planetarynames.wr.usgs.gov/Feature/15932"}},{"type":"Feature","geometry":{"type":"Point","coordinates":[17.58,-63.56]},"properties":{"name":"Pityusa Mons","type":"Mons","diameter_km":58.0,"link":"https://planetarynames.wr.usgs.gov/Feature/15933"}},{"type":"Feature","geometry":{"type":"Point","coordinates":[-171.39,-43.22]},"properties":{"name":"Kemurdzhian","type":"Crater","diameter_km":61.0,"link":"https://planetarynames.wr.usgs.gov/Feature/15957"}},{"type":"Feature","geometry":{"type":"Point","coordinates":[138.72,-37.56]},"properties":{"name":"Hesperus Tholus","type":"Tholus","diameter_km":135.0,"link":"https://planetarynames.wr.usgs.gov/Feature/15934"}},{"type":"Feature","geometry":{"type":"Point","coordinates":[-80.03,-15.54]},"properties":{"name":"Sinai Tholus","type":"Tholus","diameter_km":200.0,"link":"https://planetarynames.wr.usgs.gov/Feature/15935"}},{"type":"Feature","geometry":{"type":"Point","coordinates":[-59.72,-19.2]},"properties":{"name":"Capri Montes","type":"Mons","diameter_km":265.0,"link":"https://planetarynames.wr.usgs.gov/Feature/15936"}},{"type":"Feature","geometry":{"type":"Point","coordinates":[-175.23,-28.71]},"properties":{"name":"Atlantis Mons","type":"Mons","diameter_km":105.0,"link":"https://planetarynames.wr.usgs.gov/Feature/15929"}},{"type":"Feature","geometry":{"type":"Point","coordinates":[55.1,-45.46]},"properties":{"name":"Peneus Mensa","type":"Mensa","diameter_km":30.0,"link":"https://planetarynames.wr.usgs.gov/Feature/15970"}},{"type":"Feature","geometry":{"type":"Point","coordinates":[-172.41,-44.39]},"properties":{"name":"Dryas Mons","type":"Mons","diameter_km":267.492,"link":"https://planetarynames.wr.usgs.gov/Feature/15956"}},{"type":"Feature","geometry":{"type":"Point","coordinates":[140.0,22.0]},"properties":{"name":"Eunostos","type":"Albedo Feature","diameter_km":0.0,"link":"https://planetarynames.wr.usgs.gov/Feature/1869"}},{"type":"Feature","geometry":{"type":"Point","coordinates":[-132.93,18.39]},"properties":{"name":"Zeus Patera","type":"Patera","diameter_km":65.0,"link":"https://planetarynames.wr.usgs.gov/Feature/15689"}},{"type":"Feature","geometry":{"type":"Point","coordinates":[-132.82,18.74]},"properties":{"name":"Athena Patera","type":"Patera","diameter_km":19.0,"link":"https://planetarynames.wr.usgs.gov/Feature/15693"}},{"type":"Feature","geometry":{"type":"Point","coordinates":[-133.43,18.33]},"properties":{"name":"Hermes Patera","type":"Patera","diameter_km":37.0,"link":"https://planetarynames.wr.usgs.gov/Feature/15690"}},{"type":"Feature","geometry":{"type":"Point","coordinates":[-133.55,17.94]},"properties":{"name":"Apollo Patera","type":"Patera","diameter_km":24.0,"link":"https://planetarynames.wr.usgs.gov/Feature/15694"}},{"type":"Feature","geometry":{"type":"Point","coordinates":[83.8432,-13.4817]},"properties":{"name":"Owen","type":"Crater","diameter_km":79.329002,"link":"https://planetarynames.wr.usgs.gov/Feature/15917"}},{"type":"Feature","geometry":{"type":"Point","coordinates":[-133.19,18.32]},"properties":{"name":"Olympus Paterae","type":"Patera","diameter_km":85.0,"link":"https://planetarynames.wr.usgs.gov/Feature/15695"}},{"type":"Feature","geometry":{"type":"Point","coordinates":[-9.10999999999996,1.0]},"properties":{"name":"Kotido","type":"Crater","diameter_km":44.0,"link":"https://planetarynames.wr.usgs.gov/Feature/15696"}},{"type":"Feature","geometry":{"type":"Point","coordinates":[8.49,-23.16]},"properties":{"name":"Margulis","type":"Crater","diameter_km":180.0,"link":"https://planetarynames.wr.usgs.gov/Feature/15983"}},{"type":"Feature","geometry":{"type":"Point","coordinates":[8.09,-27.46]},"properties":{"name":"Roemer","type":"Crater","diameter_km":120.0,"link":"https://planetarynames.wr.usgs.gov/Feature/15984"}},{"type":"Feature","geometry":{"type":"Point","coordinates":[-99.0,-6.9]},"properties":{"name":"Dalu Cavus","type":"Cavus","diameter_km":65.0,"link":"https://planetarynames.wr.usgs.gov/Feature/15697"}},{"type":"Feature","geometry":{"type":"Point","coordinates":[-0.96,3.9]},"properties":{"name":"Kozova","type":"Crater","diameter_km":50.0,"link":"https://planetarynames.wr.usgs.gov/Feature/15985"}},{"type":"Feature","geometry":{"type":"Point","coordinates":[-98.2,-12.3]},"properties":{"name":"Noctis Tholus","type":"Tholus","diameter_km":18.0,"link":"https://planetarynames.wr.usgs.gov/Feature/15704"}},{"type":"Feature","geometry":{"type":"Point","coordinates":[119.18,-15.39]},"properties":{"name":"Elston","type":"Crater","diameter_km":75.0,"link":"https://planetarynames.wr.usgs.gov/Feature/15987"}},{"type":"Feature","geometry":{"type":"Point","coordinates":[95.1,31.32]},"properties":{"name":"Longboh","type":"Crater","diameter_km":2.0,"link":"https://planetarynames.wr.usgs.gov/Feature/16010"}},{"type":"Feature","geometry":{"type":"Point","coordinates":[-98.6,-10.4]},"properties":{"name":"Layl Cavus","type":"Cavus","diameter_km":48.400002,"link":"https://planetarynames.wr.usgs.gov/Feature/15698"}},{"type":"Feature","geometry":{"type":"Point","coordinates":[93.81,-13.35]},"properties":{"name":"Steyr","type":"Crater","diameter_km":20.0,"link":"https://planetarynames.wr.usgs.gov/Feature/16073"}},{"type":"Feature","geometry":{"type":"Point","coordinates":[-98.1,-11.2]},"properties":{"name":"Malam Cavus","type":"Cavus","diameter_km":48.0,"link":"https://planetarynames.wr.usgs.gov/Feature/15699"}},{"type":"Feature","geometry":{"type":"Point","coordinates":[109.77,24.75]},"properties":{"name":"Wenjiashi Tholi","type":"Tholus","diameter_km":22.028999,"link":"https://planetarynames.wr.usgs.gov/Feature/16032"}},{"type":"Feature","geometry":{"type":"Point","coordinates":[-96.9,-11.9]},"properties":{"name":"Nat Cavus","type":"Cavus","diameter_km":40.400002,"link":"https://planetarynames.wr.usgs.gov/Feature/15700"}},{"type":"Feature","geometry":{"type":"Point","coordinates":[-96.7,-13.4]},"properties":{"name":"Noc Cavus","type":"Cavus","diameter_km":29.700001,"link":"https://planetarynames.wr.usgs.gov/Feature/15701"}},{"type":"Feature","geometry":{"type":"Point","coordinates":[-96.3,-11.2]},"properties":{"name":"Usiku Cavus","type":"Cavus","diameter_km":42.0,"link":"https://planetarynames.wr.usgs.gov/Feature/15703"}},{"type":"Feature","geometry":{"type":"Point","coordinates":[79.79,-2.64]},"properties":{"name":"Yaiza","type":"Crater","diameter_km":26.0,"link":"https://planetarynames.wr.usgs.gov/Feature/16077"}},{"type":"Feature","geometry":{"type":"Point","coordinates":[77.83,-4.37]},"properties":{"name":"Amed","type":"Crater","diameter_km":30.0,"link":"https://planetarynames.wr.usgs.gov/Feature/16078"}},{"type":"Feature","geometry":{"type":"Point","coordinates":[-142.84,17.36]},"properties":{"name":"Olympus Maculae","type":"Macula","diameter_km":124.0,"link":"https://planetarynames.wr.usgs.gov/Feature/15705"}},{"type":"Feature","geometry":{"type":"Point","coordinates":[95.95,31.4]},"properties":{"name":"Mastung","type":"Crater","diameter_km":2.3,"link":"https://planetarynames.wr.usgs.gov/Feature/16009"}},{"type":"Feature","geometry":{"type":"Point","coordinates":[29.39,9.74]},"properties":{"name":"Arago Dorsa","type":"Dorsum","diameter_km":27.0,"link":"https://planetarynames.wr.usgs.gov/Feature/15999"}},{"type":"Feature","geometry":{"type":"Point","coordinates":[-4.75,9.94]},"properties":{"name":"Cantabras Serpens","type":"Serpens","diameter_km":86.0,"link":"https://planetarynames.wr.usgs.gov/Feature/16000"}},{"type":"Feature","geometry":{"type":"Point","coordinates":[-0.04,2.47]},"properties":{"name":"Mikumi","type":"Crater","diameter_km":16.122999,"link":"https://planetarynames.wr.usgs.gov/Feature/15998"}},{"type":"Feature","geometry":{"type":"Point","coordinates":[-5.27999999999997,9.5]},"properties":{"name":"Cantabras Dorsum","type":"Dorsum","diameter_km":91.0,"link":"https://planetarynames.wr.usgs.gov/Feature/16001"}},{"type":"Feature","geometry":{"type":"Point","coordinates":[-1.44999999999999,4.48]},"properties":{"name":"Piscinas","type":"Crater","diameter_km":13.393,"link":"https://planetarynames.wr.usgs.gov/Feature/16002"}},{"type":"Feature","geometry":{"type":"Point","coordinates":[-1.15999999999997,4.55]},"properties":{"name":"Piscinas Serpentes","type":"Serpens","diameter_km":16.0,"link":"https://planetarynames.wr.usgs.gov/Feature/16003"}},{"type":"Feature","geometry":{"type":"Point","coordinates":[78.23,18.16]},"properties":{"name":"Jezero Mons","type":"Mons","diameter_km":27.0,"link":"https://planetarynames.wr.usgs.gov/Feature/16005"}},{"type":"Feature","geometry":{"type":"Point","coordinates":[-156.4,-15.69]},"properties":{"name":"Karratha","type":"Crater","diameter_km":10.0,"link":"https://planetarynames.wr.usgs.gov/Feature/16012"}},{"type":"Feature","geometry":{"type":"Point","coordinates":[-156.37,-15.73]},"properties":{"name":"Dampier","type":"Crater","diameter_km":27.0,"link":"https://planetarynames.wr.usgs.gov/Feature/16014"}},{"type":"Feature","geometry":{"type":"Point","coordinates":[110.1292,24.6943]},"properties":{"name":"Mohe Tholi","type":"Tholus","diameter_km":5.9699998,"link":"https://planetarynames.wr.usgs.gov/Feature/16033"}},{"type":"Feature","geometry":{"type":"Point","coordinates":[-156.97,-16.29]},"properties":{"name":"Khujirt","type":"Crater","diameter_km":38.0,"link":"https://planetarynames.wr.usgs.gov/Feature/16013"}},{"type":"Feature","geometry":{"type":"Point","coordinates":[110.6968,25.9774]},"properties":{"name":"Pingle","type":"Crater","diameter_km":8.1990004,"link":"https://planetarynames.wr.usgs.gov/Feature/16015"}},{"type":"Feature","geometry":{"type":"Point","coordinates":[110.11,25.66]},"properties":{"name":"Xibaipo","type":"Crater","diameter_km":2.0,"link":"https://planetarynames.wr.usgs.gov/Feature/16016"}},{"type":"Feature","geometry":{"type":"Point","coordinates":[110.232,24.956]},"properties":{"name":"Gutian","type":"Crater","diameter_km":0.71,"link":"https://planetarynames.wr.usgs.gov/Feature/16024"}},{"type":"Feature","geometry":{"type":"Point","coordinates":[110.064,24.89]},"properties":{"name":"Yangliuqing","type":"Crater","diameter_km":0.5,"link":"https://planetarynames.wr.usgs.gov/Feature/16026"}},{"type":"Feature","geometry":{"type":"Point","coordinates":[109.44,25.22]},"properties":{"name":"Wenjiashi","type":"Crater","diameter_km":18.0,"link":"https://planetarynames.wr.usgs.gov/Feature/16017"}},{"type":"Feature","geometry":{"type":"Point","coordinates":[109.7,25.03]},"properties":{"name":"Yaodian","type":"Crater","diameter_km":2.0,"link":"https://planetarynames.wr.usgs.gov/Feature/16018"}},{"type":"Feature","geometry":{"type":"Point","coordinates":[109.897,24.984]},"properties":{"name":"Gujiang","type":"Crater","diameter_km":0.5,"link":"https://planetarynames.wr.usgs.gov/Feature/16019"}},{"type":"Feature","geometry":{"type":"Point","coordinates":[109.8,24.87]},"properties":{"name":"Zhouzhuang","type":"Crater","diameter_km":0.46,"link":"https://planetarynames.wr.usgs.gov/Feature/16020"}},{"type":"Feature","geometry":{"type":"Point","coordinates":[110.258,25.108]},"properties":{"name":"Qidu","type":"Crater","diameter_km":1.5,"link":"https://planetarynames.wr.usgs.gov/Feature/16021"}},{"type":"Feature","geometry":{"type":"Point","coordinates":[109.927,25.074]},"properties":{"name":"Tianzhushan","type":"Crater","diameter_km":0.23,"link":"https://planetarynames.wr.usgs.gov/Feature/16022"}},{"type":"Feature","geometry":{"type":"Point","coordinates":[109.905,25.039]},"properties":{"name":"Maji","type":"Crater","diameter_km":0.28,"link":"https://planetarynames.wr.usgs.gov/Feature/16023"}},{"type":"Feature","geometry":{"type":"Point","coordinates":[110.103,24.914]},"properties":{"name":"Wuxing","type":"Crater","diameter_km":0.35,"link":"https://planetarynames.wr.usgs.gov/Feature/16025"}},{"type":"Feature","geometry":{"type":"Point","coordinates":[110.133,24.826]},"properties":{"name":"Lukeqin","type":"Crater","diameter_km":0.7,"link":"https://planetarynames.wr.usgs.gov/Feature/16027"}},{"type":"Feature","geometry":{"type":"Point","coordinates":[109.57,24.81]},"properties":{"name":"Wenjiashi Mensa","type":"Mensa","diameter_km":4.0,"link":"https://planetarynames.wr.usgs.gov/Feature/16034"}},{"type":"Feature","geometry":{"type":"Point","coordinates":[109.84,25.12]},"properties":{"name":"Yaodian Fossae","type":"Fossa","diameter_km":15.0,"link":"https://planetarynames.wr.usgs.gov/Feature/16029"}},{"type":"Feature","geometry":{"type":"Point","coordinates":[110.136,24.767]},"properties":{"name":"Mohe","type":"Crater","diameter_km":0.9,"link":"https://planetarynames.wr.usgs.gov/Feature/16028"}},{"type":"Feature","geometry":{"type":"Point","coordinates":[-157.99,-42.25]},"properties":{"name":"Dechu","type":"Crater","diameter_km":22.0,"link":"https://planetarynames.wr.usgs.gov/Feature/15715"}},{"type":"Feature","geometry":{"type":"Point","coordinates":[86.0072,-7.7917]},"properties":{"name":"Krupac","type":"Crater","diameter_km":10.0,"link":"https://planetarynames.wr.usgs.gov/Feature/15528"}},{"type":"Feature","geometry":{"type":"Point","coordinates":[-69.7692,-10.9723]},"properties":{"name":"Avan","type":"Crater","diameter_km":3.3,"link":"https://planetarynames.wr.usgs.gov/Feature/15529"}},{"type":"Feature","geometry":{"type":"Point","coordinates":[-4.72829999999999,-5.3318]},"properties":{"name":"Andapa","type":"Crater","diameter_km":11.0,"link":"https://planetarynames.wr.usgs.gov/Feature/15534"}},{"type":"Feature","geometry":{"type":"Point","coordinates":[83.52,-12.66]},"properties":{"name":"Tairua","type":"Crater","diameter_km":26.0,"link":"https://planetarynames.wr.usgs.gov/Feature/16071"}},{"type":"Feature","geometry":{"type":"Point","coordinates":[-18.3216,-10.6304]},"properties":{"name":"Ubud","type":"Crater","diameter_km":27.0,"link":"https://planetarynames.wr.usgs.gov/Feature/15532"}},{"type":"Feature","geometry":{"type":"Point","coordinates":[79.65,-3.4]},"properties":{"name":"Guimar","type":"Crater","diameter_km":28.0,"link":"https://planetarynames.wr.usgs.gov/Feature/16076"}},{"type":"Feature","geometry":{"type":"Point","coordinates":[-65.2566,-12.3706]},"properties":{"name":"Sibiti","type":"Crater","diameter_km":33.0,"link":"https://planetarynames.wr.usgs.gov/Feature/15535"}},{"type":"Feature","geometry":{"type":"Point","coordinates":[-67.3763,-6.7415]},"properties":{"name":"Nia Chaos","type":"Chaos","diameter_km":48.0,"link":"https://planetarynames.wr.usgs.gov/Feature/15536"}},{"type":"Feature","geometry":{"type":"Point","coordinates":[110.07,25.08]},"properties":{"name":"Qidu Fossae","type":"Fossa","diameter_km":12.0,"link":"https://planetarynames.wr.usgs.gov/Feature/16030"}},{"type":"Feature","geometry":{"type":"Point","coordinates":[173.0783,-43.2607]},"properties":{"name":"Ruhea","type":"Crater","diameter_km":9.5,"link":"https://planetarynames.wr.usgs.gov/Feature/15527"}},{"type":"Feature","geometry":{"type":"Point","coordinates":[109.856,25.158]},"properties":{"name":"Yaodian Tholus","type":"Tholus","diameter_km":0.8,"link":"https://planetarynames.wr.usgs.gov/Feature/16031"}},{"type":"Feature","geometry":{"type":"Point","coordinates":[-72.42,38.47]},"properties":{"name":"Chukhung","type":"Crater","diameter_km":45.0,"link":"https://planetarynames.wr.usgs.gov/Feature/15713"}},{"type":"Feature","geometry":{"type":"Point","coordinates":[-150.3,16.43]},"properties":{"name":"Qara","type":"Crater","diameter_km":2.5,"link":"https://planetarynames.wr.usgs.gov/Feature/15714"}},{"type":"Feature","geometry":{"type":"Point","coordinates":[-90.16,88.88]},"properties":{"name":"Boreales Scopuli","type":"Scopulus","diameter_km":873.0,"link":"https://planetarynames.wr.usgs.gov/Feature/6964"}},{"type":"Feature","geometry":{"type":"Point","coordinates":[178.48,81.16]},"properties":{"name":"Olympia Undae","type":"Unda","diameter_km":1507.96,"link":"https://planetarynames.wr.usgs.gov/Feature/4451"}},{"type":"Feature","geometry":{"type":"Point","coordinates":[54.96,87.32]},"properties":{"name":"Planum Boreum","type":"Planum","diameter_km":354.63,"link":"https://planetarynames.wr.usgs.gov/Feature/4754"}},{"type":"Feature","geometry":{"type":"Point","coordinates":[93.53,-13.34]},"properties":{"name":"Enns","type":"Crater","diameter_km":23.0,"link":"https://planetarynames.wr.usgs.gov/Feature/16072"}},{"type":"Feature","geometry":{"type":"Point","coordinates":[79.05,-4.15]},"properties":{"name":"Mirissa","type":"Crater","diameter_km":30.0,"link":"https://planetarynames.wr.usgs.gov/Feature/16074"}},{"type":"Feature","geometry":{"type":"Point","coordinates":[79.13,-4.78]},"properties":{"name":"Kirinda ","type":"Crater","diameter_km":41.0,"link":"https://planetarynames.wr.usgs.gov/Feature/16075"}},{"type":"Feature","geometry":{"type":"Point","coordinates":[4.7,3.08]},"properties":{"name":"Kyela","type":"Crater","diameter_km":30.0,"link":"https://planetarynames.wr.usgs.gov/Feature/16092"}},{"type":"Feature","geometry":{"type":"Point","coordinates":[-36.99,34.04]},"properties":{"name":"Pohl","type":"Crater","diameter_km":111.0,"link":"https://planetarynames.wr.usgs.gov/Feature/16091"}},{"type":"Feature","geometry":{"type":"Point","coordinates":[2.85,4.35]},"properties":{"name":"Kai","type":"Crater","diameter_km":20.0,"link":"https://planetarynames.wr.usgs.gov/Feature/16093"}},{"type":"Feature","geometry":{"type":"Point","coordinates":[1.11,5.08]},"properties":{"name":"Elva","type":"Crater","diameter_km":21.0,"link":"https://planetarynames.wr.usgs.gov/Feature/16094"}},{"type":"Feature","geometry":{"type":"Point","coordinates":[8.4,1.66]},"properties":{"name":"Tarime","type":"Crater","diameter_km":18.0,"link":"https://planetarynames.wr.usgs.gov/Feature/16095"}},{"type":"Feature","geometry":{"type":"Point","coordinates":[3.08,4.69]},"properties":{"name":"Limni","type":"Crater","diameter_km":10.0,"link":"https://planetarynames.wr.usgs.gov/Feature/16096"}},{"type":"Feature","geometry":{"type":"Point","coordinates":[-20.92,14.65]},"properties":{"name":"Kyara","type":"Crater","diameter_km":30.0,"link":"https://planetarynames.wr.usgs.gov/Feature/16114"}},{"type":"Feature","geometry":{"type":"Point","coordinates":[178.46,-26.85]},"properties":{"name":"Tangtse","type":"Crater","diameter_km":21.0,"link":"https://planetarynames.wr.usgs.gov/Feature/16107"}},{"type":"Feature","geometry":{"type":"Point","coordinates":[-21.57,14.7]},"properties":{"name":"Aarna","type":"Crater","diameter_km":43.0,"link":"https://planetarynames.wr.usgs.gov/Feature/16115"}},{"type":"Feature","geometry":{"type":"Point","coordinates":[-22.14,15.34]},"properties":{"name":"Varahamihira","type":"Crater","diameter_km":61.0,"link":"https://planetarynames.wr.usgs.gov/Feature/16116"}},{"type":"Feature","geometry":{"type":"Point","coordinates":[-22.78,15.5]},"properties":{"name":"Abu","type":"Crater","diameter_km":17.0,"link":"https://planetarynames.wr.usgs.gov/Feature/16117"}},{"type":"Feature","geometry":{"type":"Point","coordinates":[0.05,-5.14]},"properties":{"name":"Airy","type":"Crater","diameter_km":43.049599,"link":"https://planetarynames.wr.usgs.gov/Feature/114"}}]}