{"type":"FeatureCollection","source":"NASA/JPL MMGIS","features":[{"type":"Feature","geometry":{"type":"MultiLineString","coordinates":[[[77.45088573,18.44462715],[77.45094675,18.44454338]],[[77.45094675,18.44454338],[77.45094113,18.44496559],[77.45103403,18.44513505]],[[77.45103403,18.44513505],[77.45149726,18.4452799]],[[77.45149726,18.4452799],[77.45154772,18.44530452],[77.45169202,18.44527638],[77.45185605,18.44514836]],[[77.45185605,18.44514836],[77.45177711,18.44520229]],[[77.45177711,18.44520229],[77.4518217,18.44516437]],[[77.4518217,18.44516437],[77.45166921,18.44527899],[77.45147987,18.4453129],[77.45133181,18.44518]],[[77.45133181,18.44518],[77.45129205,18.44481914],[77.45119664,18.44470001]],[[77.45119664,18.44470001],[77.45102456,18.4446969],[77.45102446,18.44475218]],[[77.45102446,18.44475218],[77.45102154,18.44486273]],[[77.45102154,18.44486273],[77.45102461,18.44494033]],[[77.45102461,18.44494033],[77.45102047,18.44494297]],[[77.45102047,18.44494297],[77.45112296,18.44494265],[77.45112143,18.44480259],[77.45117686,18.44475045],[77.45152954,18.44477901]],[[77.45152954,18.44477901],[77.45181893,18.44487125]],[[77.45181893,18.44487125],[77.45201926,18.44479578]],[[77.45201926,18.44479578],[77.45213498,18.44483119],[77.45213981,18.44475241]],[[77.45213981,18.44475241],[77.45220971,18.44474069],[77.45222556,18.44466622]],[[77.45222556,18.44466622],[77.45229762,18.44452862]],[[77.45229762,18.44452862],[77.45251746,18.44427799]],[[77.45251746,18.44427799],[77.45258735,18.44412598]],[[77.45258735,18.44412598],[77.45227652,18.44421927]],[[77.45227652,18.44421925],[77.45221898,18.44416018]],[[77.45221898,18.44416018],[77.45227778,18.44404939],[77.45227873,18.44393552],[77.45220705,18.44388015]],[[77.45220705,18.44388015],[77.45228248,18.44391965],[77.45216155,18.4437627]],[[77.45216155,18.4437627],[77.451898,18.4434712],[77.45152737,18.44325471]],[[77.45152737,18.44325471],[77.45119438,18.44299755]],[[77.45119438,18.44299755],[77.4508644,18.44242314]],[[77.4508644,18.44242314],[77.45069661,18.44200793]],[[77.45069661,18.44200793],[77.45064438,18.44192701],[77.45067987,18.44187756]],[[77.45067987,18.44187756],[77.45058835,18.4418261],[77.45031774,18.44177818]],[[77.45031774,18.44177818],[77.45020035,18.44169869],[77.4497253,18.44111987]],[[77.4497253,18.44111987],[77.44982259,18.4408083],[77.44969127,18.44028826],[77.44964369,18.4401993]],[[77.44964369,18.4401993],[77.44965001,18.44003723],[77.44953798,18.43961084]],[[77.44953798,18.43961084],[77.4497179,18.4394019],[77.44966165,18.43917732],[77.44940206,18.43906918]],[[77.44940206,18.43906918],[77.44943596,18.43916437],[77.4493914,18.43942147],[77.44941141,18.43957129]],[[77.44941141,18.43957129],[77.44954233,18.4393479],[77.44939698,18.43905701],[77.44944947,18.43882039],[77.44963506,18.43845888]],[[77.44963506,18.43845888],[77.44955992,18.43834058]],[[77.44955992,18.43834058],[77.44973184,18.43825812],[77.44982039,18.4380409]],[[77.44982039,18.4380409],[77.44997192,18.43745223],[77.44995909,18.4373811]],[[77.44995909,18.4373811],[77.44996489,18.43742856]],[[77.44996489,18.43742856],[77.45010774,18.43745287],[77.45034822,18.43728814],[77.4504908,18.43712788],[77.45045683,18.43701039],[77.45041576,18.4369907],[77.45041072,18.43704448]],[[77.45041072,18.43704448],[77.45056789,18.43710056],[77.45137866,18.43674323],[77.45153731,18.43642929],[77.45160408,18.43640444],[77.45164764,18.43631917],[77.45173337,18.43593458],[77.45172525,18.43575518]],[[77.45172523,18.43575486],[77.45189809,18.43522964],[77.45201064,18.43499565],[77.45197481,18.43443053],[77.45204699,18.43403225]],[[77.45204699,18.43403225],[77.45211317,18.43337373],[77.45209325,18.4332136],[77.45212652,18.432837],[77.45229429,18.4324753]],[[77.45229429,18.4324753],[77.45234259,18.43236409],[77.45243736,18.43233685],[77.45272766,18.43149851],[77.45236902,18.43124152],[77.45214885,18.4311366]],[[77.45214885,18.4311366],[77.45205205,18.43099731],[77.45203716,18.43083133],[77.45207476,18.43072831],[77.45204413,18.43056477]],[[77.45204413,18.43056477],[77.45201769,18.4303576],[77.45209801,18.43027926],[77.45215065,18.42997877]],[[77.45215065,18.42997877],[77.45215846,18.42974792],[77.4522667,18.42907517],[77.45217069,18.42865719],[77.45207363,18.42841189],[77.45202888,18.42837239]],[[77.45202888,18.42837239],[77.45184673,18.42824284],[77.45157603,18.42777713]],[[77.45157603,18.42777711],[77.45164982,18.42769463]],[[77.45164982,18.42769463],[77.45161934,18.42773243],[77.45160341,18.42758901],[77.45163162,18.42746607],[77.45160663,18.42725344]],[[77.45160663,18.42725346],[77.45161095,18.42728932],[77.45121659,18.42756166],[77.45080574,18.42764218]],[[77.45080574,18.42764218],[77.45050181,18.42770545],[77.45020991,18.42787228],[77.4500121,18.42789538],[77.44983345,18.4280721],[77.44936609,18.42831266],[77.44920162,18.42844012]],[[77.44920162,18.42844012],[77.44918558,18.42856797],[77.4481336,18.42910486],[77.44778971,18.42946734],[77.44767726,18.42954757]],[[77.44767726,18.42954757],[77.44760118,18.42959157],[77.44735923,18.42949481],[77.44704605,18.42961188]],[[77.44704605,18.42961188],[77.44680936,18.42974268],[77.44679297,18.4296615]],[[77.44679297,18.4296615],[77.44680785,18.4297466],[77.44545493,18.43051391]],[[77.44545493,18.43051391],[77.44545181,18.43062236],[77.44488648,18.43078894],[77.44448995,18.43101646],[77.44442097,18.43090586],[77.44431073,18.43082556]],[[77.44431073,18.43082556],[77.44441999,18.4307421],[77.44436574,18.4307394]],[[77.44436574,18.4307394],[77.44443023,18.43074172],[77.44420162,18.4308653],[77.44384098,18.43097928],[77.44332408,18.4312302]],[[77.44332408,18.4312302],[77.44251142,18.43157005],[77.44206636,18.43170512],[77.44184029,18.43184904],[77.44130476,18.43207244],[77.44100825,18.43227149],[77.44068664,18.43254788]],[[77.44068664,18.43254788],[77.44076375,18.43248918],[77.44083734,18.43265169],[77.44128698,18.43270199]],[[77.44128698,18.43270199],[77.44146521,18.43296732],[77.44160263,18.43301529],[77.44176055,18.43327345]],[[77.44176055,18.43327345],[77.44177662,18.43330046],[77.44209781,18.43327895],[77.44224805,18.43333382]],[[77.44224805,18.43333382],[77.4424399,18.43335022],[77.4424632,18.43336194],[77.4424101,18.43339824]],[[77.4424101,18.43339824],[77.44245542,18.43335977],[77.44223947,18.43332452],[77.4419872,18.4334959],[77.44212095,18.4337851]],[[77.44212095,18.4337851],[77.44226356,18.43379314],[77.44243547,18.43386556],[77.442663,18.43391213]],[[77.442663,18.43391213],[77.44281831,18.43392721],[77.44295996,18.43386612]],[[77.44295996,18.43386612],[77.4429004,18.43388845],[77.44301185,18.43396087]],[[77.44301185,18.43396087],[77.44301922,18.43396406]],[[77.44301922,18.43396406],[77.44298692,18.43395024],[77.44305879,18.43392588]],[[77.44305879,18.43392588],[77.44297633,18.43396319],[77.44243518,18.433875]],[[77.44243518,18.433875],[77.44225029,18.43379271],[77.44207916,18.43348705],[77.4420248,18.43344178]],[[77.4420248,18.43344178],[77.44208112,18.4334615]],[[77.44208112,18.4334615],[77.44203793,18.43352598],[77.44184311,18.43339427],[77.44164884,18.43294852],[77.44144812,18.43277064]],[[77.44144812,18.43277064],[77.44137302,18.43266059]],[[77.44137302,18.43266059],[77.44141091,18.43260239]],[[77.44141091,18.43260239],[77.44140018,18.43268073],[77.44135929,18.43257403],[77.44134754,18.43260588]],[[77.44134754,18.43260588],[77.44136126,18.43255847],[77.44129266,18.43258303],[77.44131401,18.43260907]],[[77.44131401,18.43260907],[77.4412952,18.43258147],[77.44102825,18.43267657],[77.44086205,18.43267634],[77.44072267,18.43241935],[77.44068794,18.4322726],[77.44073344,18.43200169],[77.44115162,18.43155034],[77.44139579,18.43135967],[77.44167686,18.43108207],[77.4420227,18.43091931],[77.44230967,18.43090336],[77.44291051,18.43068849],[77.44318654,18.43071284]],[[77.44318654,18.43071284],[77.44381916,18.43072061],[77.44398274,18.43076751],[77.44415441,18.43073191],[77.44426738,18.43076766],[77.44436729,18.43085627],[77.44453046,18.4309038],[77.44468631,18.43082866],[77.44486559,18.43081795],[77.44511164,18.43062617],[77.44532975,18.43052313],[77.44544284,18.43041821],[77.44564568,18.43033623],[77.44571757,18.43024179],[77.44585248,18.43016253],[77.44603942,18.42997367],[77.4461565,18.42993743],[77.44626303,18.42994727],[77.4467485,18.42977022]],[[77.4467485,18.42977022],[77.44695269,18.42967829]],[[77.44695269,18.42967829],[77.44705429,18.4296264],[77.44710345,18.4295384],[77.44703986,18.42945563]],[[77.44703986,18.42945563],[77.44719744,18.42959308],[77.44751179,18.42948414],[77.44779553,18.42932577],[77.44785683,18.42925142],[77.44821594,18.42913645],[77.44840845,18.42897532]],[[77.44703986,18.42945563],[77.44719744,18.42959308],[77.44763734,18.42942736],[77.4479689,18.42919728],[77.44812359,18.42918679],[77.44840579,18.42899128],[77.44849574,18.42887608],[77.44865127,18.42876319],[77.44916794,18.42848344],[77.44945736,18.42826574],[77.44999683,18.42804849],[77.45005608,18.4279681],[77.45004071,18.42781769],[77.45020242,18.42764884],[77.4506271,18.42748193],[77.45072945,18.42747633],[77.45108106,18.42761687],[77.45176969,18.4280951],[77.45208531,18.42862982],[77.4523627,18.4292088]],[[77.44703986,18.42945563],[77.44719744,18.42959308],[77.44763734,18.42942736],[77.4479689,18.42919728],[77.44812359,18.42918679],[77.44840579,18.42899128],[77.44849574,18.42887608],[77.44865127,18.42876319],[77.44916794,18.42848344],[77.44945736,18.42826574],[77.44999683,18.42804849],[77.45005608,18.4279681],[77.45004071,18.42781769],[77.45020242,18.42764884],[77.4506271,18.42748193],[77.45072945,18.42747633],[77.45108106,18.42761687],[77.45145014,18.42789546],[77.45170884,18.42803725],[77.45176969,18.4280951],[77.45207707,18.42861542],[77.4523627,18.4292088],[77.45235601,18.42934054],[77.45218395,18.42989138],[77.45218631,18.43018246],[77.45214786,18.4302901],[77.45219167,18.43022259],[77.45230705,18.43021393]],[[77.45230705,18.43021393],[77.45201108,18.43028969],[77.45209613,18.43076359],[77.45207201,18.43091593],[77.45214733,18.43111036],[77.4522751,18.43125304],[77.45243964,18.43129266],[77.4525927,18.4313851],[77.45262716,18.43151537],[77.45253138,18.43169604],[77.45260364,18.43172528],[77.45261185,18.43178812],[77.45254219,18.43222253],[77.4524583,18.43241607],[77.45245558,18.43246365],[77.45250341,18.43247933],[77.45241288,18.43241335],[77.45229339,18.43246022],[77.45211259,18.43285271]],[[77.45211259,18.43285271],[77.45202686,18.43301633],[77.45200342,18.43324599],[77.45215363,18.43433016],[77.45202859,18.434802],[77.4519188,18.43543253],[77.45177597,18.43592655]],[[77.45177597,18.43592655],[77.45166553,18.43609338],[77.4516367,18.43640595],[77.45124308,18.43722453],[77.45115171,18.43779171],[77.45107666,18.43804177],[77.45087232,18.43842102],[77.45085587,18.43851731],[77.4509427,18.43896714],[77.4509596,18.43947491],[77.45146282,18.44008813]],[[77.45146282,18.44008813],[77.4518021,18.44048122],[77.45189633,18.44068766]],[[77.45146282,18.44008813],[77.4518021,18.44048122],[77.45189264,18.44068988]],[[77.45189264,18.44068988],[77.45214674,18.44088647],[77.45218766,18.44105914],[77.4520018,18.44165598],[77.4517532,18.44215695],[77.45173757,18.44235206],[77.45189459,18.44321285],[77.45205859,18.44371427],[77.45217059,18.44385614]],[[77.45217059,18.44385614],[77.45237477,18.4439379],[77.45245484,18.44391513],[77.4524378,18.443894]],[[77.4524378,18.443894],[77.45245585,18.44397024],[77.45243445,18.44390163]],[[77.45243445,18.44390163],[77.45245927,18.44397362],[77.45216061,18.44381133],[77.45183209,18.44405238],[77.45129421,18.444305],[77.45125542,18.44435931],[77.45120051,18.44474885],[77.45133067,18.44532863],[77.45136924,18.44601038],[77.45147355,18.44622786]],[[77.45147355,18.44622786],[77.45168376,18.4465656],[77.4519832,18.44720165],[77.4520212,18.44734968],[77.45200497,18.44744655],[77.45211227,18.44763148],[77.4525777,18.44781219],[77.45289888,18.44809241],[77.45304604,18.44842064],[77.45326433,18.44846958],[77.45335136,18.44863694],[77.45348552,18.44867709],[77.4537304,18.44868654],[77.4539002,18.44880436],[77.45432507,18.44899456]],[[77.45147355,18.44622786],[77.45168376,18.4465656],[77.4519832,18.44720165],[77.4520212,18.44734968],[77.45200497,18.44744655],[77.45211227,18.44763148],[77.4525777,18.44781219],[77.45289888,18.44809241],[77.45304604,18.44842064],[77.45326433,18.44846958],[77.45335136,18.44863694],[77.45348552,18.44867709],[77.4537304,18.44868654],[77.4539002,18.44880436],[77.45432474,18.44899614]],[[77.45432474,18.44899614],[77.45443976,18.44914282],[77.45579658,18.44965362],[77.45639654,18.44999487],[77.45667721,18.45008225],[77.45716102,18.45031729],[77.45750127,18.45053856],[77.45788857,18.45069388],[77.45843748,18.45098852],[77.45872722,18.45106383],[77.45894048,18.45119987]],[[77.45894048,18.45119987],[77.45916087,18.45136577],[77.45941837,18.45147769],[77.45953186,18.45158083],[77.45965017,18.45160884],[77.45989997,18.45175808],[77.46003894,18.45176341],[77.46017212,18.45184065],[77.4603467,18.45186106],[77.4604554,18.45191389],[77.46105733,18.45272717],[77.46180836,18.45332616],[77.46185025,18.45344928],[77.4618594,18.45367134]],[[77.4618594,18.45367134],[77.46189276,18.45383097],[77.46180385,18.45408095],[77.46183743,18.45429061],[77.46178116,18.45447708],[77.46178659,18.45458967],[77.46186005,18.45481528],[77.46182238,18.4550522],[77.46198974,18.45568747],[77.46212875,18.45608209],[77.46201655,18.45657221],[77.46200524,18.45706984]],[[77.46200524,18.45706984],[77.46199741,18.45716587],[77.46193718,18.45728929]],[[77.46193718,18.45728929],[77.46191144,18.45753599],[77.46170456,18.458121],[77.46171498,18.45825064],[77.46207129,18.45872757],[77.46262328,18.45926573],[77.46292432,18.4598379],[77.46297686,18.46019543],[77.46310819,18.46052543],[77.46313311,18.4607914]],[[77.46313311,18.4607914],[77.46304582,18.46100382],[77.46302261,18.4612009],[77.4627326,18.46172074],[77.46269651,18.46188133],[77.46270695,18.46211214],[77.46279001,18.46255272],[77.46285105,18.46330285],[77.46283384,18.46351713],[77.46270566,18.46369172],[77.46244866,18.46393956],[77.46216788,18.46407719],[77.46157944,18.46447597]],[[77.46157944,18.46447597],[77.46139841,18.46480828],[77.46026008,18.46629991],[77.46012685,18.46638333],[77.45957917,18.46647501],[77.45914506,18.46672328],[77.45884716,18.46695691],[77.45847776,18.46710935],[77.4583514,18.46719816]],[[77.4583514,18.46719816],[77.45711763,18.46784491],[77.45656733,18.46787937],[77.45643327,18.46803041],[77.45596093,18.4682534],[77.45535684,18.4682817],[77.45514315,18.46833484],[77.4548102,18.46827462],[77.45462505,18.46831381],[77.45444141,18.46829721]],[[77.45444141,18.46829721],[77.45315963,18.46820822],[77.45215751,18.46820817]],[[77.45215751,18.46820817],[77.4517042,18.4681989],[77.45116414,18.46804776],[77.44970953,18.46779247],[77.44869478,18.467845]],[[77.44869478,18.467845],[77.44754655,18.46756175],[77.44701552,18.46756268],[77.44638274,18.467512],[77.44595222,18.46737053]],[[77.44595222,18.46737053],[77.44574787,18.46736926],[77.44561517,18.46733299],[77.44513494,18.46703094],[77.44511654,18.46691721],[77.44515225,18.46678729]],[[77.44515225,18.46678729],[77.44522161,18.46629374],[77.44539388,18.46599967],[77.44532274,18.46592916],[77.44489579,18.46578929],[77.44462335,18.46577053],[77.4442414,18.4659231],[77.44407815,18.46606788],[77.44399864,18.46609534],[77.44382928,18.46605667],[77.44373352,18.46606655],[77.44337581,18.46589874],[77.4431205,18.46589972],[77.44250357,18.46558393]],[[77.44250357,18.46558393],[77.44173714,18.46513813],[77.43976313,18.46442775],[77.4390737,18.4640581]],[[77.4390737,18.4640581],[77.4388528,18.46383662],[77.43793315,18.46314281],[77.43759591,18.46272588],[77.43730588,18.46246333],[77.43719137,18.46238639],[77.4361055,18.46194359]],[[77.4361055,18.46194359],[77.43519085,18.46172402],[77.4342518,18.46171514],[77.43405042,18.46174979],[77.43348483,18.46158806],[77.43297771,18.46159599]],[[77.43297771,18.46159599],[77.43287791,18.46150807],[77.43269343,18.46145493],[77.43186028,18.46107286],[77.43102016,18.46098752],[77.43052687,18.46081035],[77.43036776,18.46071003],[77.4299971,18.46061584]],[[77.4299971,18.46061584],[77.42931435,18.46046127],[77.42908252,18.46031894],[77.42874747,18.46023632],[77.42794754,18.45987034],[77.42715874,18.45958408],[77.42656722,18.45943158],[77.42601004,18.45940178],[77.42575653,18.4593183]],[[77.42575653,18.4593183],[77.42506171,18.45922206],[77.424785,18.45909066],[77.4236768,18.45841686],[77.4228501,18.45772589],[77.4217825,18.45707811]],[[77.4217825,18.4570781],[77.4216458,18.45700029],[77.42119842,18.45685147],[77.42023637,18.45636356],[77.41926039,18.45572999],[77.41858363,18.4553951]],[[77.41858363,18.4553951],[77.41686532,18.4546304],[77.41669452,18.45459496],[77.41634466,18.45459611],[77.41594534,18.45452505],[77.41536499,18.45421103],[77.41505948,18.45408756],[77.41457556,18.45391577],[77.41413552,18.45383291]],[[77.41413552,18.45383291],[77.41390886,18.45380595],[77.41358035,18.45385781],[77.41328295,18.45385904],[77.41233375,18.45362914],[77.41217733,18.45362139],[77.41177975,18.45366442],[77.41159689,18.45375546],[77.41132432,18.45381458],[77.41041899,18.45394613]],[[77.41027848,18.4539693],[77.40965852,18.45409022],[77.40942629,18.45417439],[77.40921295,18.45429634],[77.40911055,18.45427084],[77.4089701,18.45416995],[77.40866769,18.45370304],[77.40855229,18.45316104]],[[77.40855229,18.45316104],[77.40847673,18.45302926],[77.40819976,18.45285423],[77.40681055,18.45235202],[77.40620579,18.45199697],[77.40604967,18.45194249]],[[77.40591622,18.45190259],[77.40572078,18.45183888],[77.40566429,18.45154468],[77.40557304,18.4512942],[77.40550027,18.45052125],[77.40537541,18.4500442],[77.40525313,18.44987357],[77.40520446,18.44974909],[77.405186,18.44940515]],[[77.405186,18.44940515],[77.4050878,18.44910721],[77.40506462,18.44888022],[77.40496987,18.44852355],[77.40482658,18.44830598]],[[77.40482658,18.44830598],[77.40471642,18.44826861],[77.40457441,18.44833379],[77.40279931,18.4487376],[77.4021028,18.44894017]],[[77.4021028,18.44894017],[77.40198835,18.44891248],[77.40182034,18.44873689],[77.40173611,18.44875827],[77.40162781,18.44872819],[77.40156928,18.44877958],[77.40157178,18.44884419],[77.40164179,18.44878815]],[[77.40164179,18.44878815],[77.40159868,18.44881663],[77.40137108,18.44938059],[77.40136318,18.44982498]],[[77.40136318,18.44982498],[77.40144862,18.44990463],[77.40143895,18.45049604]],[[77.40143895,18.45049604],[77.40140833,18.45051235],[77.40142219,18.45056632]],[[77.40142219,18.45056632],[77.40142797,18.45044134],[77.4015064,18.45032515],[77.40185429,18.45019531],[77.4020862,18.45018358],[77.40214872,18.45024389],[77.40221932,18.4502446],[77.40281385,18.45011705],[77.40300561,18.45015075],[77.40332373,18.45014918],[77.40337349,18.45021899],[77.40334936,18.45019642],[77.40343753,18.45017673]],[[77.40343753,18.45017673],[77.40362974,18.45011199],[77.40380611,18.45007666],[77.40385565,18.45009896],[77.40396603,18.45005829],[77.40401539,18.45008064],[77.4041145,18.45025556],[77.40422155,18.45022956],[77.40431164,18.45009761],[77.40449868,18.44999863]],[[77.40449868,18.44999863],[77.40460391,18.44992913],[77.40466728,18.45007327],[77.40485753,18.45010784],[77.40490143,18.45030137],[77.40505062,18.45048027],[77.40521041,18.45089381],[77.40522151,18.45099371],[77.40513283,18.45122875],[77.40529429,18.45153095]],[[77.40529429,18.45153095],[77.40529429,18.45153222]],[[77.40529429,18.45153222],[77.4053322,18.45138027],[77.40569496,18.45180499],[77.40607101,18.45198189],[77.4061588,18.45210586],[77.40649702,18.45234983],[77.40663064,18.4525447],[77.40685144,18.45270958],[77.40705136,18.45277481],[77.40722167,18.45288194],[77.40753889,18.45287486]],[[77.40753889,18.45287486],[77.40813755,18.45286829],[77.40833257,18.45317388],[77.4083604,18.45345329],[77.40842016,18.45364754]],[[77.40842016,18.45364754],[77.40838887,18.45374139],[77.40851169,18.45410468]],[[77.40851169,18.45410468],[77.40850637,18.45527187],[77.40844396,18.45565049],[77.40846433,18.45598091]],[[77.40846433,18.45598091],[77.40850693,18.45645637],[77.40874596,18.45710164]],[[77.40874596,18.45710164],[77.40888074,18.45738915]],[[77.40888074,18.45738915],[77.40890723,18.45763848],[77.40857966,18.45766138]],[[77.40857966,18.45766138],[77.40838584,18.45773408],[77.40810055,18.45758854],[77.40746956,18.45752717]],[[77.40746956,18.45752717],[77.40730541,18.45754184],[77.40714486,18.45761904],[77.40683201,18.45750274],[77.40633801,18.45744513]],[[77.40633801,18.45744513],[77.4063178,18.457543],[77.40630146,18.45750967]],[[77.40630125,18.45750903],[77.40627699,18.45789036]],[[77.40627699,18.45789036],[77.4065032,18.45794851],[77.4064976,18.45801694]],[[77.4064976,18.45801694],[77.40650921,18.45808665],[77.40644328,18.45809645],[77.40633726,18.45831094],[77.40609258,18.45851434]],[[77.40609258,18.45851434],[77.40620684,18.4587129],[77.40614455,18.4586918]],[[77.40614455,18.4586918],[77.40597079,18.45871761],[77.40601279,18.45879356]],[[77.40601279,18.45879356],[77.40595591,18.45875335],[77.4060437,18.45877279],[77.40609996,18.4588559]],[[77.40609996,18.4588559],[77.4060833,18.45882454],[77.40615243,18.4588154],[77.40616769,18.45889532]],[[77.40616769,18.45889532],[77.40614343,18.45877945],[77.40595177,18.45869497]],[[77.40595177,18.45869497],[77.40592495,18.45864728]],[[77.40592495,18.45864728],[77.4063753,18.4583583],[77.4065408,18.45833222],[77.40709806,18.45837654],[77.40732774,18.45835024]],[[77.40732774,18.45835024],[77.40744337,18.45828354],[77.40754786,18.45826804],[77.40799073,18.45826771],[77.40821392,18.45822369],[77.40857631,18.45821603]],[[77.40857631,18.45821603],[77.40884855,18.45821029]],[[77.40884855,18.45821029],[77.40867681,18.45795471],[77.40889352,18.45767429],[77.40889989,18.45750538],[77.40865141,18.45682814]],[[77.40865141,18.45682814],[77.408478,18.45636417],[77.40839021,18.45625001],[77.40830255,18.45601888],[77.40790911,18.45531877]],[[77.40790911,18.45531877],[77.40752495,18.45469397],[77.40729759,18.45426011],[77.40689591,18.45380683]],[[77.40689591,18.45380683],[77.40645232,18.45314134],[77.40635255,18.45287925],[77.40614925,18.45265552],[77.40590786,18.45209196],[77.40568221,18.45192532]],[[77.40568221,18.45192532],[77.40556721,18.45163712],[77.40533932,18.45133875],[77.40511957,18.4509685],[77.4050863,18.45049231],[77.40502649,18.45037436],[77.40479889,18.45014492],[77.40477303,18.45004896],[77.4048154,18.45018814],[77.40491107,18.45027532]],[[77.40491107,18.45027532],[77.40486052,18.45010335],[77.40477294,18.45009054]],[[77.40477294,18.45009054],[77.40476489,18.45009086]],[[77.40476489,18.45009086],[77.40466229,18.45009315],[77.4045883,18.4499072],[77.40446622,18.44996405],[77.4043736,18.45005665],[77.40439595,18.45013934],[77.40433535,18.45027688],[77.40439871,18.45036175],[77.40446729,18.45028263],[77.40439712,18.45018252],[77.40428977,18.4501475],[77.40404508,18.45023206],[77.40389462,18.45015102],[77.40357482,18.45014237],[77.40300332,18.45021493],[77.40249834,18.45019475],[77.40179971,18.45032366]],[[77.40179971,18.45032366],[77.40165019,18.45036811],[77.40168117,18.45076952],[77.40149796,18.45075494]],[[77.40149796,18.45075494],[77.4014664,18.45079018],[77.40144297,18.45074348]],[[77.40144297,18.45074348],[77.40144029,18.45072631]],[[77.40144029,18.45072631],[77.40134839,18.45085287],[77.40133066,18.45136112]],[[77.40133066,18.45136112],[77.4012579,18.45132996]],[[77.4012579,18.45132996],[77.40133655,18.45134759],[77.40138474,18.45163231],[77.40121103,18.45169224],[77.40015518,18.45250586],[77.39993469,18.4525993],[77.39933024,18.45272241],[77.3991923,18.45294926],[77.39912904,18.45340594],[77.399147,18.45353204]],[[77.399147,18.45353204],[77.39921323,18.45366221],[77.39915371,18.45364399]],[[77.39915371,18.45364399],[77.39912853,18.45332068],[77.39917404,18.45317681],[77.39918573,18.45292642],[77.39929608,18.45264602],[77.39940443,18.45256843],[77.39976892,18.4525296],[77.40002141,18.45241289],[77.4004286,18.45238594],[77.40072347,18.45227189],[77.40088986,18.45214916],[77.40143694,18.45162509]],[[77.40143694,18.45162509],[77.4014409,18.45145446],[77.40134243,18.45135578],[77.40125715,18.45133122]],[[77.40125715,18.45133122],[77.4012901,18.45134067],[77.40118683,18.45108228],[77.40117037,18.45041773],[77.40131067,18.45028755],[77.40142445,18.45023965],[77.40145947,18.4502525],[77.40158634,18.45014393],[77.40183055,18.45003743]],[[77.40183055,18.45003743],[77.40215126,18.45007905],[77.40232077,18.45017252],[77.40265043,18.45019497],[77.40293495,18.45017609]],[[77.40293495,18.45017609],[77.40307792,18.45024389],[77.40355414,18.45014665],[77.40388859,18.45019057],[77.40392919,18.45026555],[77.40393999,18.45014522],[77.40402876,18.45014127],[77.4041689,18.45021581],[77.4044323,18.45000199],[77.40458427,18.44997327],[77.40469838,18.45004992],[77.40469578,18.45024535],[77.40473773,18.45030141]],[[77.40473773,18.45030141],[77.40476189,18.45035378],[77.40502406,18.45040771],[77.40510144,18.45064798],[77.4051806,18.45076141],[77.40522527,18.45097503],[77.40512364,18.45119319]],[[77.40512364,18.45119319],[77.40522186,18.45128992],[77.40533911,18.45134154],[77.40560345,18.45162234],[77.40574789,18.45191972],[77.40586742,18.45205995],[77.40612807,18.45222004],[77.40658206,18.45225353],[77.4067403,18.45234416],[77.40720154,18.45251633]],[[77.40720154,18.45251633],[77.40766413,18.45247631],[77.40775601,18.45262651]],[[77.40775601,18.45262651],[77.407731,18.45258413],[77.40784692,18.4525234]],[[77.40784692,18.4525234],[77.40789154,18.45249993],[77.40796165,18.45264485],[77.408056,18.45267034]],[[77.408056,18.45267034],[77.4081052,18.45268383],[77.40807823,18.45276569]],[[77.40807823,18.45276569],[77.40807336,18.45271758],[77.4082,18.45272365]],[[77.40808136,18.45276247],[77.40807679,18.45271641],[77.40819791,18.4527222]],[[77.4082,18.45272365],[77.40825078,18.45272786],[77.40824352,18.45281322]],[[77.40824352,18.45281322],[77.40824606,18.45276491],[77.40833585,18.45272753]],[[77.40833585,18.45272753],[77.40838297,18.45270854],[77.4085047,18.45300487]],[[77.4085047,18.45300487],[77.40848561,18.45296001],[77.40861759,18.45297527],[77.40860064,18.45306554]],[[77.40860064,18.45306554],[77.40859222,18.45311341],[77.40847293,18.45323147],[77.4084479,18.45336511]],[[77.4084479,18.45336511],[77.40844668,18.45337179]],[[77.40844668,18.45337179],[77.40844783,18.45417628]],[[77.40844783,18.45417628],[77.40845726,18.45463222],[77.40835847,18.45543514],[77.40848392,18.45588584],[77.40850805,18.45632265],[77.40857893,18.45670207],[77.40878418,18.45722377]],[[77.40878418,18.45722377],[77.4088043,18.45739106]],[[77.4088043,18.45739106],[77.40888446,18.45766105],[77.40877293,18.45778373],[77.40862717,18.45786929],[77.40864336,18.45796415]],[[77.40864336,18.45796415],[77.40873561,18.45803061],[77.40876339,18.45810853]],[[77.40876339,18.45810853],[77.4086955,18.45821443]],[[77.4086955,18.45821443],[77.40869433,18.45821856]],[[77.40869433,18.45821856],[77.40875658,18.45833377],[77.40861153,18.45861466],[77.40845695,18.45864154]],[[77.40845695,18.45864154],[77.40812725,18.45889596],[77.40764766,18.45916454],[77.4075517,18.45927996],[77.40730904,18.4593579],[77.40695309,18.4593804],[77.40677907,18.45950836],[77.4066267,18.45948941],[77.4064766,18.45967299],[77.40649098,18.45980173],[77.40644895,18.45987345],[77.40600453,18.46005086],[77.4058418,18.46007456]],[[77.4058418,18.46007456],[77.40559318,18.46021208],[77.40534014,18.46028461],[77.40525809,18.46038886],[77.4050539,18.46051637],[77.40493931,18.46072241],[77.40488124,18.4609006],[77.40474125,18.46103732],[77.40462862,18.46122614],[77.40457032,18.46126112],[77.40443656,18.461299],[77.40409148,18.46131705],[77.40293428,18.46167105]],[[77.40293428,18.46167105],[77.40302785,18.46180111],[77.40298982,18.46194817],[77.40305142,18.46219531],[77.40311958,18.46228987],[77.40312898,18.4623848],[77.40324633,18.46240497],[77.40323062,18.4624895],[77.40274522,18.46321531],[77.40236997,18.46358273],[77.40209743,18.46404029]],[[77.40209743,18.46404029],[77.40209045,18.46461892],[77.40200158,18.46505713],[77.40178176,18.46505854],[77.40124419,18.46493825],[77.40096874,18.46493144],[77.40063764,18.46551938]],[[77.40063764,18.46551938],[77.40042931,18.46592812],[77.40038905,18.4660748],[77.40037724,18.46682838],[77.4003144,18.46741162],[77.40016003,18.46787152],[77.39999677,18.46816683],[77.39987925,18.46860632]],[[77.39987925,18.46860632],[77.39968636,18.46913524],[77.39969859,18.46968401],[77.3996435,18.46992687],[77.39940935,18.47038586],[77.3993232,18.47047916],[77.39917112,18.47093639],[77.39913875,18.47113204],[77.39907353,18.47124909],[77.39906251,18.47147663]],[[77.39906251,18.47147663],[77.39915888,18.47178947],[77.39909553,18.47205762],[77.39912267,18.47250226],[77.39896553,18.47304411],[77.39879212,18.4734505],[77.39862632,18.47363951],[77.39833722,18.47384309],[77.39774775,18.47422546],[77.39743441,18.47436854]],[[77.39743441,18.47436854],[77.39723665,18.47439148],[77.39672103,18.47454243],[77.39630344,18.4746242],[77.39542882,18.47503206],[77.39518729,18.47508727],[77.39498754,18.47507967],[77.39409775,18.47537085]],[[77.39409775,18.47537085],[77.39321253,18.47575952],[77.39266913,18.47575379],[77.39218166,18.47563623],[77.3915074,18.47566648],[77.39086341,18.47560338],[77.39036746,18.47563606]],[[77.39036746,18.47563606],[77.39025487,18.47563479],[77.39022411,18.47594548],[77.39017309,18.47601154],[77.39002499,18.47598766],[77.38990726,18.47586991],[77.38983555,18.47563533],[77.38977092,18.47519123],[77.38982688,18.47485585],[77.38981627,18.47444231]],[[77.38981627,18.47444231],[77.38981627,18.47444231]],[[77.38981627,18.47444231],[77.38981627,18.47444231]],[[77.38981627,18.47444231],[77.38981183,18.47449276],[77.38967456,18.47451569],[77.38936573,18.47447979],[77.38903757,18.47460222],[77.38873546,18.47460823],[77.3883088,18.47476323],[77.38815006,18.47475038],[77.3877378,18.47482822],[77.38749123,18.47476061],[77.38711261,18.47480885],[77.38703641,18.47478015],[77.3867175,18.47442167],[77.38664422,18.47415607],[77.3866354,18.47395069],[77.3866747,18.47380927],[77.38667328,18.47362681],[77.38678195,18.47307989],[77.38675117,18.47292863]],[[77.38675117,18.47292863],[77.38672145,18.47283368],[77.3866444,18.47277529],[77.38663734,18.47268018],[77.38697563,18.47153031],[77.3869766,18.47141112],[77.38709084,18.4713024],[77.38713523,18.47121551],[77.38706789,18.47107251],[77.38639844,18.4705676],[77.38598882,18.47052529],[77.38568051,18.47058501],[77.38486169,18.47062586],[77.38472642,18.47058773],[77.38429159,18.47036808]],[[77.38429159,18.47036808],[77.38410847,18.47019984],[77.38398783,18.4702116]],[[77.38398783,18.4702116],[77.38402286,18.47020613],[77.38373955,18.47097157],[77.38366349,18.47100714],[77.38342558,18.47103724],[77.3831843,18.47090797],[77.38290511,18.47088622],[77.38263515,18.47093611],[77.38233744,18.47093308],[77.38184387,18.47099522],[77.38166578,18.47091769],[77.38142058,18.47097738],[77.38131926,18.47104011],[77.3812801,18.47113036],[77.38112941,18.47124044],[77.38100808,18.4712216],[77.38070234,18.47107102],[77.38057244,18.47104207],[77.3802928,18.47068468],[77.38018966,18.47062027],[77.37964871,18.47052373],[77.37931207,18.47038842]],[[77.37931207,18.47038842],[77.37919101,18.47054023],[77.37899188,18.47063686],[77.3788619,18.47065709],[77.37870195,18.47077162],[77.37863853,18.47075994],[77.37843137,18.47083055],[77.37830705,18.47090832],[77.37822629,18.47103671],[77.37772629,18.47130792],[77.37751266,18.47139529],[77.37737149,18.47134625]],[[77.37737149,18.47134625],[77.37746185,18.47133312],[77.37755894,18.47136179],[77.37782163,18.47130897],[77.3783679,18.47159767],[77.37851827,18.47173143],[77.37855188,18.47184925],[77.37879652,18.47199068],[77.37910377,18.47233617],[77.37932896,18.4727099],[77.37943295,18.47299164],[77.3797101,18.47354376],[77.37971712,18.47362448],[77.37988874,18.47368229]],[[77.37988874,18.47368229],[77.37993715,18.47364182],[77.37977617,18.47346752],[77.37946547,18.47275261],[77.37924823,18.4727792],[77.37910268,18.47284536],[77.37880217,18.47300278],[77.37825325,18.47337884],[77.3772129,18.47389422],[77.37704962,18.47393096]],[[77.37704962,18.47393096],[77.37694545,18.47399737],[77.37682333,18.47396807],[77.37662852,18.47399681],[77.37567293,18.4742967],[77.37556185,18.47440741],[77.37535569,18.47448268],[77.3748822,18.47492897],[77.37364322,18.47549678]],[[77.37364322,18.47549678],[77.37316692,18.47573767],[77.37305554,18.4759273],[77.37229862,18.47654911],[77.37212583,18.47661648],[77.37189602,18.47665596],[77.37177986,18.47671554],[77.3714481,18.47704273],[77.37132311,18.47701297]],[[77.37132311,18.47701297],[77.37112867,18.47728258],[77.37101862,18.4773838],[77.37048777,18.47759131],[77.37031628,18.47778437],[77.36990243,18.47814593],[77.36967276,18.47848032],[77.36960947,18.4788039],[77.36950725,18.47906148]],[[77.36950725,18.47906148],[77.36934749,18.4793789],[77.36936167,18.47953268],[77.3692526,18.47981039],[77.36926954,18.47989302]],[[77.36926954,18.47989302],[77.36923684,18.47981764],[77.36915136,18.47989137],[77.36909046,18.48001083],[77.36892611,18.48017283],[77.36889657,18.48028073],[77.36891351,18.48086828],[77.36902525,18.48116711],[77.36910358,18.48126831]],[[77.36910358,18.48126831],[77.36899909,18.48119121],[77.36893143,18.48157663],[77.36893186,18.48227945],[77.36896816,18.48250475],[77.3688918,18.48269257],[77.36895703,18.4828723],[77.36900836,18.48292946]],[[77.36900836,18.48292946],[77.36900367,18.48291228]],[[77.36900367,18.48291228],[77.36880021,18.48281701],[77.36870594,18.48281047],[77.36863151,18.48272659]],[[77.36863151,18.48272659],[77.36869352,18.48278659],[77.36875042,18.48265437],[77.36867979,18.48255996]],[[77.36867979,18.48255996],[77.36864492,18.48264136]],[[77.36864492,18.48264136],[77.36861575,18.48266584]],[[77.36861575,18.48266584],[77.36861338,18.48271734],[77.36868164,18.48281678],[77.36862181,18.48305204],[77.36862986,18.4831833],[77.36854836,18.4834414]],[[77.36854836,18.4834414],[77.36844244,18.48348764],[77.36825147,18.48331469],[77.36819163,18.48303692]],[[77.36819163,18.48303692],[77.36828484,18.4830115],[77.36819431,18.48298797]],[[77.36819431,18.48298797],[77.3681469,18.48297722],[77.36796413,18.48314061],[77.36779913,18.48338232],[77.36757256,18.48351692],[77.36740514,18.48353608],[77.36729382,18.48350293],[77.36713215,18.48329771],[77.36710834,18.48314678],[77.36699145,18.48325042],[77.36689089,18.48325648],[77.36672718,18.48292941],[77.36669697,18.48250908]],[[77.36669697,18.48250908],[77.36671457,18.48233802],[77.36646877,18.48181324],[77.36637116,18.48173293],[77.36616219,18.48169432],[77.36610093,18.48156179],[77.36580983,18.48126767]],[[77.36580983,18.48126767],[77.36571579,18.48135195],[77.36572598,18.48142922],[77.36582827,18.48144193]],[[77.36582827,18.48144193],[77.36575896,18.48143443],[77.36574955,18.48137746],[77.3658264,18.48137942],[77.36584537,18.48141522]],[[77.36584537,18.48141522],[77.36559561,18.48116663],[77.36526509,18.4813191],[77.36510056,18.48128037],[77.36494213,18.48114937]],[[77.36494213,18.48114937],[77.36486976,18.48117034],[77.3647061,18.48108896]],[[77.3647061,18.48108896],[77.36473565,18.4810229],[77.36452671,18.48093619],[77.36425926,18.48091767],[77.36398348,18.48100327],[77.36384415,18.48094262],[77.3637621,18.48084128],[77.36368273,18.48083651],[77.3633591,18.48085548],[77.36329951,18.48088263],[77.36329701,18.48095961],[77.36321029,18.48101221],[77.36310234,18.48104894],[77.36299284,18.48102791]],[[77.36299284,18.48102791],[77.36280005,18.48109294],[77.36245685,18.48108659],[77.36230996,18.4810276],[77.36214553,18.48113322],[77.36177201,18.48111378],[77.3616696,18.4812047],[77.3616075,18.48120472],[77.36156121,18.48113539]],[[77.36156121,18.48113539],[77.36159653,18.48113025],[77.36158042,18.48102895],[77.36146911,18.48106919],[77.36121895,18.4813522],[77.36091216,18.48141699],[77.3608295,18.48148667],[77.36070829,18.48185244],[77.36071046,18.48200483],[77.36061154,18.48215037],[77.36057006,18.48228988],[77.36057147,18.48256122]],[[77.36057147,18.48256122],[77.36054893,18.48272957],[77.36057422,18.48284849],[77.36065858,18.48298901],[77.3606596,18.4831979],[77.36050911,18.48374667]],[[77.36050911,18.48374667],[77.36059216,18.48381465],[77.36050978,18.48380518]],[[77.36050978,18.48380518],[77.36074574,18.48382549],[77.36113534,18.4837896],[77.36086293,18.48382362],[77.36019596,18.48309226]],[[77.36019596,18.48309226],[77.36016526,18.48295848],[77.36025869,18.48266974],[77.36025178,18.48218622],[77.36030328,18.48165655],[77.36020124,18.48110208],[77.36010075,18.48080722]],[[77.36010075,18.48080722],[77.36013118,18.48080266],[77.36008599,18.48079324]],[[77.36008599,18.48079324],[77.36004873,18.48148385],[77.35975032,18.4815714],[77.35949235,18.48160008],[77.35937699,18.48165408],[77.35919334,18.48189564],[77.35914061,18.48212129],[77.35897532,18.48237175],[77.3588736,18.48245554],[77.35854483,18.48251925],[77.35846881,18.48260919],[77.35835999,18.48261465]],[[77.35835999,18.48261465],[77.35836062,18.48261509]],[[77.35836062,18.48261509],[77.35846384,18.48264629]],[[77.35846384,18.48264629],[77.35828325,18.48258393],[77.35823527,18.48250145]],[[77.35823527,18.48250145],[77.35813875,18.48250187],[77.35807588,18.48257456],[77.35793139,18.48259199],[77.3576969,18.48253814],[77.35770716,18.48240761],[77.35781507,18.48226179],[77.3579249,18.48227953],[77.35789672,18.48225892],[77.3579784,18.48230621],[77.35805027,18.48243069],[77.35814984,18.48239112],[77.35824378,18.48239493],[77.35803453,18.48258104],[77.35776991,18.4826032]],[[77.35776991,18.4826032],[77.3577049,18.48252652],[77.3576472,18.48252499],[77.35769842,18.48252834],[77.3577176,18.48237679]],[[77.3577176,18.48237679],[77.35761817,18.48235282],[77.35747326,18.48238058],[77.35725123,18.48232167],[77.35676771,18.48233292],[77.35669689,18.48226067],[77.35635223,18.48210671],[77.35608313,18.48208465],[77.35573152,18.48211674],[77.35547447,18.48207588],[77.35526987,18.48213711],[77.35515758,18.48220719],[77.35452429,18.48290785],[77.35450196,18.48298638],[77.35453277,18.48309547],[77.35450269,18.48316473],[77.3540842,18.48339916],[77.35364039,18.48333082],[77.35336809,18.48335662],[77.35306094,18.48331169],[77.35235986,18.48298833],[77.35218857,18.48293978],[77.35183108,18.48291935],[77.35177758,18.48292016],[77.3513792,18.48314289],[77.35125884,18.48326617],[77.35128635,18.48339144],[77.35122815,18.48344085],[77.35112947,18.48340951],[77.35106576,18.48333417],[77.35098025,18.48332806],[77.35095074,18.48337091],[77.35081726,18.48324881],[77.35073358,18.4832498],[77.3507043,18.48328845]],[[77.3507043,18.48328845],[77.35081751,18.4833591],[77.35084205,18.48343614],[77.35069424,18.48344268]],[[77.35069424,18.48344268],[77.35057719,18.48339195],[77.35055141,18.48341979]],[[77.35055141,18.48341979],[77.35058273,18.48338132],[77.35072738,18.48347461],[77.35085022,18.48363056],[77.35084559,18.4837943],[77.35072854,18.48391734],[77.35059664,18.48416761],[77.35057678,18.48429669],[77.35063391,18.48500739],[77.35058896,18.48523226]],[[77.35058896,18.48523226],[77.35061454,18.48534208],[77.35051236,18.48546238],[77.35062649,18.48573928],[77.35064384,18.48592094],[77.35051803,18.48640104],[77.35028568,18.486793],[77.35025915,18.48708815],[77.35003462,18.48747729],[77.34998017,18.48765872],[77.34980931,18.4879243],[77.34963343,18.48803808]],[[77.34963343,18.48803808],[77.34964077,18.4878277],[77.3495026,18.4874079],[77.3494203,18.48730495],[77.34949525,18.48726993],[77.34930525,18.48715843],[77.34912448,18.48699258]],[[77.34912448,18.48699258],[77.34880908,18.48699273],[77.34871903,18.48703428],[77.34870052,18.48706758],[77.34873306,18.48715542],[77.34868732,18.48721213],[77.34847851,18.48723532],[77.34841307,18.48716051],[77.34827473,18.48709845],[77.3479946,18.48715092]],[[77.3479946,18.48715092],[77.34749432,18.48710072],[77.34711192,18.48712288],[77.34700154,18.48716342],[77.34681079,18.48734577],[77.34672178,18.48749843],[77.34664049,18.48777661],[77.34656957,18.4881929],[77.34657104,18.48827125],[77.34664495,18.48838114],[77.34652776,18.48841783],[77.34651863,18.48846468],[77.34656119,18.48854651],[77.34692506,18.48870136]],[[77.34692506,18.48870136],[77.34703911,18.48876643],[77.34704342,18.48871464]],[[77.34704342,18.48871464],[77.34704132,18.48878293],[77.34679512,18.48875119],[77.34680807,18.4889303],[77.3469662,18.4891476],[77.34720066,18.48960435],[77.34736088,18.49003671],[77.34757417,18.49022009],[77.34769462,18.49055575],[77.34771472,18.49057957],[77.3477728,18.49055437],[77.34775683,18.49063336],[77.34779542,18.49070141],[77.34772084,18.49073126],[77.34784807,18.4906951],[77.34798656,18.49057017],[77.34813884,18.49056279],[77.348272,18.49063314],[77.34850996,18.49106833],[77.34855121,18.49147649],[77.34847318,18.49188093],[77.34835267,18.49220156]],[[77.34835267,18.49220156],[77.34815232,18.49243097],[77.3481107,18.49258818],[77.34821698,18.49273215],[77.34820658,18.49283744],[77.34826071,18.49307529],[77.34821904,18.493234],[77.34813949,18.49344831],[77.34799174,18.49359416],[77.34777704,18.49404858],[77.34766374,18.49415718],[77.34769169,18.49429866],[77.34774208,18.49434256],[77.34770425,18.49432046]],[[77.34770425,18.49432046],[77.34766157,18.49417614],[77.3478208,18.49417961],[77.34783836,18.49433191]],[[77.34783836,18.49433191],[77.34789188,18.49439125],[77.34802817,18.49438091],[77.3480584,18.49448106],[77.3479865,18.49462688],[77.34770272,18.4950394],[77.34751588,18.49508105],[77.34724629,18.49523888],[77.3471628,18.49538017],[77.34715305,18.49551345]],[[77.34715305,18.49551345],[77.34720537,18.4957255],[77.34759408,18.49585011],[77.34771912,18.49594525],[77.34781251,18.49606772],[77.34805148,18.49608293],[77.34855475,18.49621031],[77.34867257,18.49619526],[77.34877017,18.49635394],[77.34912121,18.49649097],[77.34993884,18.49643506],[77.35036424,18.49647492],[77.35068243,18.49646541],[77.35079353,18.49650775],[77.35103694,18.49653208],[77.35122006,18.49652217],[77.35137432,18.49647258],[77.35162362,18.4965023]],[[77.35162362,18.4965023],[77.35203049,18.49645044],[77.35233709,18.49650992]],[[77.35233709,18.49650992],[77.35225481,18.49647501],[77.35221086,18.49654999]],[[77.35221086,18.49654999],[77.35217087,18.49667326],[77.3520838,18.49675043],[77.35209619,18.49689368],[77.35206888,18.49693828],[77.3518216,18.49714977],[77.35151353,18.4972445],[77.3514409,18.49735575],[77.35141307,18.497549]],[[77.35141307,18.497549],[77.35141003,18.49750755],[77.351655,18.49762988],[77.3517605,18.49785631],[77.35165675,18.49837652],[77.35163892,18.49872449],[77.35144446,18.49944465],[77.35138565,18.49958321],[77.35130712,18.49966275]],[[77.35130712,18.49966275],[77.35119129,18.49959239],[77.351044,18.49936279],[77.35088993,18.49886315],[77.35069744,18.49858338],[77.35057248,18.49848026],[77.35052835,18.49835275],[77.35044,18.49828064],[77.35024035,18.49825783],[77.34995916,18.49832782],[77.34974238,18.49831335],[77.34954259,18.49836644],[77.34939873,18.49845263]],[[77.34939873,18.49845263],[77.34917855,18.4981973],[77.34907551,18.49812475],[77.34888755,18.49816637],[77.34873673,18.49812625],[77.34876747,18.49815214],[77.34873165,18.49818312],[77.34887052,18.49819429],[77.34900392,18.49811274],[77.34906614,18.49803611]],[[77.34906614,18.49803611],[77.34917309,18.49791489],[77.3490985,18.49779954],[77.34879179,18.49749387],[77.34858771,18.49746552],[77.34847521,18.49737401],[77.34851502,18.49685187],[77.34849083,18.49664736],[77.34844541,18.49654765],[77.34810498,18.49641063],[77.34747148,18.495731],[77.34714423,18.49566144],[77.34687679,18.4954861]],[[77.34687679,18.4954861],[77.34664679,18.49539581]],[[77.34664679,18.49539581],[77.34634322,18.49527344],[77.34617626,18.49524623],[77.34615278,18.49521856],[77.34623318,18.49500656],[77.34627695,18.49497637],[77.34623221,18.49511847],[77.34614014,18.49524684],[77.34619901,18.49536025],[77.34614188,18.49542411],[77.34640723,18.49535326],[77.34641721,18.49524297],[77.3464694,18.49517123],[77.34648642,18.49519776],[77.34637052,18.49522028]],[[77.34637052,18.49522028],[77.34632844,18.49519518],[77.34630859,18.49506906],[77.34623103,18.4949623],[77.34594382,18.4947359],[77.3457491,18.49473546],[77.34547136,18.49445424],[77.34534922,18.49425557],[77.34517076,18.49407844],[77.34501801,18.49409722],[77.34473974,18.49422316]],[[77.34473974,18.49422316],[77.3446288,18.49429471]],[[77.3446288,18.49429471],[77.34445324,18.49439524],[77.34431211,18.4945914],[77.34434363,18.49460713],[77.34435972,18.49469781],[77.34433841,18.49485369]],[[77.34433841,18.49485369],[77.34436057,18.49470376],[77.34428904,18.49447325],[77.34413132,18.49426312],[77.34395683,18.49411741],[77.34389577,18.49395924],[77.34373666,18.4938674],[77.34356743,18.49366248],[77.34348924,18.49352051],[77.34352868,18.49345498],[77.34350466,18.49334824],[77.34339845,18.49330613],[77.34322454,18.49315419],[77.34312634,18.49325705],[77.34299687,18.49323643],[77.34274952,18.49301854],[77.34266797,18.49286075],[77.3425229,18.49278654],[77.34217923,18.49269185]],[[77.34217923,18.49269185],[77.34206282,18.49262083],[77.34183508,18.49258994],[77.34168811,18.49265659],[77.34159404,18.49262854],[77.34130139,18.49264549],[77.34120021,18.49272496],[77.34099035,18.49281611],[77.34072662,18.49287031],[77.34066247,18.49285776],[77.34057311,18.49274626],[77.34050622,18.49273505],[77.34041719,18.49276727],[77.34037069,18.49288259],[77.34015539,18.49295149],[77.34005065,18.49291446],[77.33989687,18.49279852],[77.33971566,18.49279271],[77.33962077,18.49271488],[77.33955637,18.49270967]],[[77.33955637,18.49270967],[77.33971782,18.49278937],[77.33998254,18.49279732],[77.34005038,18.49275085],[77.34005797,18.49266418],[77.3400244,18.49265666],[77.34013037,18.49263226],[77.34022336,18.49266577],[77.34022343,18.4927282],[77.3401388,18.49279308],[77.3400266,18.49278932],[77.34008342,18.49281495],[77.34016137,18.49279213],[77.3401961,18.4926959],[77.34012064,18.49264258],[77.34004553,18.49266165]],[[77.34004553,18.49266165],[77.33997466,18.49248482],[77.33981288,18.49237575],[77.33971904,18.49234552],[77.33959048,18.49235571],[77.33953994,18.49244782]],[[77.33953994,18.49244782],[77.33930821,18.49297126],[77.33917357,18.49306383],[77.33901061,18.49305617],[77.33882379,18.49315749],[77.33871915,18.49330569],[77.33870231,18.49361125],[77.33843387,18.49362791],[77.33824877,18.49358247],[77.33816104,18.49348739],[77.33809781,18.49333174],[77.33787731,18.49305468],[77.33728386,18.49258375]],[[77.33728386,18.49258375],[77.33701182,18.49255492],[77.33677645,18.49258161],[77.33617045,18.49274659],[77.33612219,18.49274956],[77.33608968,18.49270257],[77.33618304,18.49280207],[77.33614178,18.49269956],[77.33616533,18.49264271],[77.33633244,18.492519],[77.33626463,18.49262918],[77.33626189,18.49270973],[77.33629016,18.49278484],[77.33642431,18.49284249],[77.33642191,18.49288896],[77.33631513,18.49295266],[77.33612716,18.49292143]],[[77.33612716,18.49292143],[77.33587705,18.49300521]],[[77.33587705,18.49300521],[77.33573898,18.49304226],[77.33563177,18.49290871],[77.33482355,18.49266509],[77.33474029,18.4927632],[77.33457441,18.49276389],[77.33450042,18.4927989],[77.33435448,18.49295326],[77.33433649,18.49301195],[77.33398734,18.49314323],[77.33382487,18.49327895],[77.33366535,18.49327421],[77.33352646,18.49332672],[77.33337928,18.49331131],[77.33327165,18.49327405],[77.33315829,18.49309948]],[[77.33315829,18.49309948],[77.33279183,18.49303402],[77.33267011,18.49293257],[77.33266054,18.49286077],[77.33271217,18.49271942],[77.33257037,18.49248766],[77.33254822,18.49229897],[77.33243556,18.49217423],[77.33242552,18.49209565],[77.33246081,18.4920443],[77.33244348,18.49195219],[77.33229077,18.49182849],[77.33194053,18.4916405],[77.33174638,18.49137918],[77.33169719,18.49135388],[77.33148539,18.4913818],[77.33131683,18.49134009],[77.33118551,18.49127831],[77.33114015,18.49118054],[77.33101219,18.49111793]],[[77.33101219,18.49111793],[77.33045212,18.49112855],[77.33032718,18.49110415],[77.3302296,18.49096348],[77.33015779,18.49093277],[77.32998666,18.49090383],[77.32969804,18.49096442],[77.3295182,18.49091508]],[[77.3295182,18.49091508],[77.3294382,18.49100998],[77.32933313,18.4910608],[77.32892506,18.49117348],[77.32891456,18.49127395],[77.32884379,18.49129722],[77.32878294,18.49127723],[77.32883716,18.49135477],[77.32881211,18.49131221]],[[77.32881211,18.49131221],[77.32876985,18.49122716],[77.32854365,18.49140901],[77.32823096,18.49149102],[77.32798977,18.49146872],[77.32767721,18.49149838],[77.32743141,18.49142985],[77.32726897,18.49159715],[77.32703414,18.49152302]],[[77.32703414,18.49152302],[77.32703439,18.49152289]],[[77.32703439,18.49152289],[77.32698619,18.49151236]],[[77.32698619,18.49151236],[77.32736338,18.49164798]],[[77.32736338,18.49164798],[77.32720179,18.49165615],[77.32721485,18.49177134]],[[77.32721485,18.49177134],[77.32721653,18.49182052]],[[77.32721653,18.49182052],[77.32720515,18.49178642],[77.32718838,18.49180073],[77.32720278,18.49183272]],[[77.32720278,18.49183272],[77.32718047,18.49179975]],[[77.32718047,18.49179975],[77.32705445,18.49186841],[77.32682739,18.49191653],[77.32668237,18.49190064],[77.32658105,18.49199243],[77.32653458,18.49212207]],[[77.32653458,18.49212207],[77.32658641,18.49197235],[77.32652505,18.49189372],[77.3262459,18.49197961]],[[77.3262459,18.49197961],[77.3262874,18.4919745],[77.32626197,18.4918719],[77.3261226,18.49182031],[77.32603181,18.49168745],[77.32589955,18.49120549],[77.32588378,18.49104688],[77.32577458,18.49083139],[77.32566458,18.49080241],[77.32561424,18.49084257]],[[77.32561424,18.49084257],[77.325598,18.4906908],[77.32539731,18.49083612],[77.32537352,18.49081173]],[[77.32537352,18.49081173],[77.32534176,18.49079437],[77.32514419,18.49097162],[77.32491115,18.49098012],[77.32458796,18.49086483]],[[77.32458796,18.49086483],[77.32457103,18.49086991]],[[77.32457103,18.49086991],[77.32449237,18.49091649],[77.32440686,18.49085854],[77.3241523,18.49079879],[77.32411538,18.49060036],[77.32401748,18.49061052],[77.32407432,18.49059774]],[[77.32407432,18.49059774],[77.32376242,18.49075202],[77.32368679,18.49093745],[77.32354257,18.49098915]],[[77.32354257,18.49098915],[77.32321132,18.49096403]],[[77.32321132,18.49096403],[77.32319703,18.49105194],[77.32278652,18.49113384]],[[77.32278652,18.49113384],[77.32264106,18.49106992],[77.32246132,18.49078506],[77.32240642,18.49053903],[77.32229367,18.49048137]],[[77.32229367,18.49048137],[77.32208228,18.49054525],[77.3217756,18.49056682],[77.32164059,18.49056453],[77.32140351,18.49049312]],[[77.32140351,18.49049312],[77.32143616,18.49050795],[77.3214023,18.49043935],[77.3213676,18.49001167],[77.32145052,18.48981751],[77.32143651,18.48971358],[77.321503,18.48960959],[77.32150242,18.48952872]],[[77.32150242,18.48952872],[77.32162258,18.48920409],[77.32145658,18.4890265],[77.32144777,18.48895955]],[[77.32144777,18.48895955],[77.32082508,18.48872148],[77.32072758,18.48859759],[77.32058577,18.48854047]],[[77.32058577,18.48854047],[77.32067278,18.48858693],[77.32074378,18.48891345],[77.3205947,18.48918976],[77.32060941,18.48927865],[77.32035322,18.48936402],[77.32027262,18.48933953]],[[77.32027262,18.48933953],[77.32038815,18.48938319],[77.3203635,18.48947553],[77.32032732,18.48951169],[77.32022097,18.48952954],[77.32026986,18.48958035],[77.32021156,18.48953957],[77.32022099,18.48951441]],[[77.32022099,18.48951441],[77.32021519,18.48951164]],[[77.32021519,18.48951164],[77.32022354,18.48944334],[77.32006368,18.48938552]],[[77.32006368,18.48938552],[77.32011638,18.48936973],[77.32001383,18.48944602],[77.31965966,18.48948326],[77.31969293,18.48993827]],[[77.31969293,18.48993827],[77.31960976,18.48999068],[77.31946395,18.49001721],[77.31931605,18.49000088],[77.31905373,18.49005845]],[[77.31905373,18.49005845],[77.31874818,18.49010738],[77.31848191,18.49000249]],[[77.31848191,18.49000249],[77.31836944,18.48995907],[77.31812302,18.48995044],[77.31800783,18.48989884]],[[77.31800783,18.48989884],[77.31784989,18.48992075],[77.31722195,18.48987753]],[[77.31722195,18.48987753],[77.31693006,18.48978098],[77.316709,18.48974781],[77.31642833,18.48995092],[77.31607866,18.49000345]],[[77.31607866,18.49000345],[77.3160205,18.48997106],[77.31584982,18.4899799],[77.31575691,18.48978099],[77.31551036,18.48980091]],[[77.31551036,18.48980091],[77.31559051,18.48981501],[77.31553569,18.48990739],[77.31514354,18.48998418],[77.31490955,18.49017452]],[[77.31490955,18.49017452],[77.31450638,18.49016216],[77.31423531,18.49031666]],[[77.31423531,18.49031666],[77.31406801,18.4902713],[77.31367238,18.49056609]],[[77.31367238,18.49056609],[77.31372038,18.49070409],[77.31358973,18.49071077]],[[77.31358973,18.49071077],[77.31359699,18.49071113]],[[77.31359699,18.49071113],[77.31355248,18.49075526],[77.31333325,18.49080123]],[[77.31333325,18.49080123],[77.3131584,18.49095799]],[[77.3131584,18.49095799],[77.31298097,18.49108824],[77.31274635,18.49134909]],[[77.31274635,18.49134909],[77.31278214,18.49134915],[77.31264018,18.49144058],[77.31264635,18.49161531]],[[77.31264635,18.49161531],[77.31247676,18.49171162],[77.3124377,18.49216529],[77.3125291,18.49268542],[77.3125208,18.49296176],[77.31265919,18.49323738],[77.31275299,18.49335984],[77.31294078,18.49348621],[77.31333658,18.49364481],[77.31365919,18.4939019],[77.31394688,18.49397677],[77.31402643,18.4940858]],[[77.31402643,18.4940858],[77.31390816,18.49423751],[77.31393411,18.49460954],[77.31356082,18.4952078],[77.31373579,18.49573435],[77.31380682,18.49607306]],[[77.31380682,18.49607306],[77.31372024,18.49606915],[77.31368565,18.4959892],[77.31356071,18.49598138],[77.31315901,18.49573526],[77.31293457,18.4956912],[77.31278041,18.49570292],[77.31248009,18.49555446],[77.31214275,18.49548777],[77.31179488,18.49547231],[77.31173147,18.49549691]],[[77.31173147,18.49549691],[77.3107955,18.49543301],[77.31057975,18.49545791],[77.31009168,18.49543671],[77.30985905,18.49538705],[77.30940016,18.49536512],[77.30892348,18.4952611],[77.30858399,18.49526082],[77.30832506,18.4952012]],[[77.30832506,18.4952012],[77.30809925,18.49530953],[77.30797911,18.49532152],[77.30729885,18.49514634],[77.30673877,18.49515182],[77.30628088,18.49500122]],[[77.30628088,18.49500122],[77.30582528,18.49489249],[77.30563691,18.49486816],[77.30554473,18.49490256],[77.3052169,18.49485372],[77.30496314,18.49488376],[77.30456471,18.4950023],[77.3042705,18.4951528],[77.30391283,18.4952063]],[[77.30391283,18.4952063],[77.30385424,18.49526106],[77.30380872,18.49567672]],[[77.30380872,18.49567672],[77.30390392,18.4961177],[77.30383571,18.49611249]],[[77.30383571,18.49611249],[77.30393025,18.49643431],[77.30436949,18.4967868],[77.30480204,18.49704655],[77.30510346,18.49709729],[77.3053582,18.49718176]],[[77.3053582,18.49718176],[77.30538431,18.49717738],[77.30538234,18.49735056],[77.30532216,18.49734822]],[[77.30532216,18.49734822],[77.30520347,18.49740179],[77.30518822,18.49746952]],[[77.30518822,18.49746952],[77.30516933,18.49740719],[77.30511253,18.49739376],[77.30513533,18.4974486]],[[77.30513533,18.4974486],[77.30513331,18.49744297]],[[77.30513331,18.49744297],[77.30512496,18.49741809],[77.30506892,18.497442],[77.30508057,18.49753497],[77.30512887,18.49759781]],[[77.30512887,18.49759781],[77.30511574,18.49757369],[77.30517619,18.49754605],[77.30538859,18.49748717],[77.30541561,18.49748669],[77.30542492,18.49754519]],[[77.30542492,18.49754519],[77.3051909,18.49748444]],[[77.3051909,18.49748444],[77.30517165,18.49728609],[77.30505851,18.49708498],[77.30494332,18.49701199],[77.30461625,18.4969287],[77.30429633,18.49673856],[77.3038477,18.49640827],[77.30369791,18.4959853]],[[77.30369791,18.4959853],[77.30368228,18.49568855],[77.30372272,18.49529629]],[[77.30372272,18.49529629],[77.30370072,18.49541291],[77.30363438,18.49525471],[77.30380879,18.49473659],[77.30383855,18.49455127],[77.3037108,18.49397276],[77.30371765,18.49360188],[77.30357095,18.49332431],[77.30323825,18.49299917]],[[77.30323825,18.49299917],[77.30276302,18.49333204],[77.30235582,18.49352531],[77.30184863,18.49353887],[77.30133438,18.49340031],[77.30109349,18.49339296]],[[77.30109349,18.49339296],[77.30108868,18.49326665],[77.30100263,18.49304639]],[[77.30100263,18.49304639],[77.30112138,18.49296148],[77.30124261,18.49278213],[77.30118902,18.49253119],[77.30106645,18.49228631],[77.30103951,18.4919033]],[[77.30103951,18.4919033],[77.30108812,18.49198614],[77.30108947,18.49194988]],[[77.30108947,18.49194988],[77.30108933,18.49200038],[77.30100801,18.4918772],[77.30114839,18.4917926],[77.30104372,18.49151377],[77.3009928,18.4914354],[77.3008916,18.49144286],[77.30085145,18.49140153],[77.30087633,18.49118666],[77.30093272,18.49113382],[77.30101318,18.49112227],[77.30098793,18.49110251],[77.3009282,18.49114003]],[[77.3009282,18.49114003],[77.30079968,18.49122595],[77.30062092,18.49129113],[77.30056408,18.49120679],[77.3006754,18.4910855]],[[77.3006754,18.4910855],[77.3007134,18.49097939],[77.30063706,18.49094809],[77.30051669,18.49097448],[77.30053549,18.49084847],[77.30014327,18.49090307],[77.30000472,18.49080936],[77.29994311,18.49070784],[77.29999841,18.49045297],[77.29991985,18.49033812]],[[77.29991985,18.49033812],[77.29991387,18.49040786],[77.29958081,18.49008551],[77.29952529,18.48995284],[77.29940931,18.48983006],[77.29919281,18.4893346]],[[77.29919281,18.4893346],[77.29924241,18.48943988],[77.2991055,18.48941062],[77.29903507,18.48935243],[77.29898226,18.48910551],[77.29887363,18.48891695]],[[77.29887363,18.48891695],[77.29859736,18.48846862]],[[77.29859736,18.48846862],[77.2986292,18.48851366],[77.29861604,18.48828231],[77.29837943,18.48779197]],[[77.29837943,18.48779197],[77.29837046,18.48773988]],[[77.29837046,18.48773988],[77.29848618,18.48785227],[77.29852083,18.48772972]],[[77.29852083,18.48772972],[77.29851619,18.48775561],[77.29841275,18.4876198],[77.2983454,18.4873687],[77.29826409,18.48723425]],[[77.29826409,18.48723425],[77.29833704,18.48731699],[77.29838963,18.4873192],[77.29870565,18.4872105],[77.29966845,18.48699235],[77.29987182,18.48679737],[77.29996436,18.48663676],[77.30000954,18.48647205]],[[77.30000954,18.48647205],[77.30018606,18.48647481],[77.30022712,18.48626769],[77.30022045,18.48604584],[77.30044526,18.48524176],[77.30056526,18.48461713],[77.30060365,18.48419406]],[[77.30060365,18.48419406],[77.30040425,18.48326912],[77.3002821,18.48296904],[77.30033836,18.48257865],[77.30033883,18.48199237],[77.300262,18.48145719]],[[77.300262,18.48145719],[77.30033216,18.48134213],[77.3002955,18.48029396],[77.30037935,18.47995185]],[[77.30037935,18.47995185],[77.30045562,18.47969813],[77.30057623,18.47905315],[77.30052,18.47859832]],[[77.30052,18.47859832],[77.30035816,18.47845011],[77.30003334,18.47835192],[77.29998439,18.47831253],[77.29979302,18.47727063],[77.29960313,18.47691996],[77.29919415,18.47653504]],[[77.29919415,18.47653504],[77.29923297,18.47656905],[77.29969405,18.47641518],[77.29980098,18.47617047],[77.2998427,18.47598121],[77.29969569,18.47531535],[77.29970326,18.47498696],[77.29974831,18.47479193],[77.29967551,18.47466594],[77.29957045,18.47430322],[77.29958139,18.47398343]],[[77.29958139,18.47398343],[77.29958139,18.47398343]],[[77.29958139,18.47398343],[77.29960548,18.47387804],[77.29952065,18.47376306],[77.29918991,18.47368316],[77.29909893,18.47354746]],[[77.29909893,18.47354746],[77.29913723,18.47345455],[77.29901008,18.47341899]],[[77.29901008,18.47341899],[77.29913322,18.47343617],[77.29925363,18.4735265],[77.29962401,18.47337871],[77.29987582,18.47317972],[77.30035596,18.47249336],[77.30038473,18.47227151],[77.30036077,18.471941],[77.30027374,18.47184998]],[[77.30027374,18.47184998],[77.29981525,18.47161116]],[[77.29981525,18.47161116],[77.2996821,18.47162485],[77.29920421,18.47179447]],[[77.29920421,18.47179447],[77.29885938,18.47177158]],[[77.29885938,18.47177158],[77.29889351,18.4717953],[77.29888883,18.47184012],[77.29865831,18.47205616],[77.29848618,18.47201845],[77.29842568,18.47193069],[77.29818363,18.47173661]],[[77.29818363,18.47173661],[77.29790225,18.47170737],[77.29703866,18.47140572]],[[77.29703866,18.47140572],[77.29698561,18.47127958],[77.29683077,18.47107286],[77.29665731,18.47097845],[77.2951353,18.4705312]],[[77.2951353,18.4705312],[77.29495673,18.47066139],[77.2948892,18.47067526]],[[77.2948892,18.47067526],[77.29494235,18.47066457],[77.2949855,18.47060956],[77.29496519,18.47048678],[77.29493245,18.47045298],[77.29475026,18.47042376],[77.29471754,18.47031688]],[[77.29471754,18.47031688],[77.29445855,18.47024216],[77.29436175,18.47015628],[77.29394056,18.46937232],[77.2938042,18.46924976],[77.29366859,18.46917916],[77.29320142,18.46921658]],[[77.29320142,18.46921658],[77.29301367,18.46900127]],[[77.29301367,18.46900127],[77.29307713,18.46905938],[77.29309261,18.46920605],[77.29302223,18.46936433],[77.2930472,18.46946748]],[[77.2930472,18.46946748],[77.29306032,18.46941216],[77.29305499,18.46947709]],[[77.29305499,18.46947709],[77.29320123,18.46939206],[77.29298428,18.46835619],[77.29293053,18.46826094],[77.29257379,18.46800244],[77.29216037,18.46777184],[77.29176379,18.4676346],[77.2914372,18.46770698]],[[77.2914372,18.46770698],[77.29136771,18.46773274],[77.29118306,18.46793806],[77.29110056,18.4678605]],[[77.29110056,18.4678605],[77.29117047,18.46796778],[77.29106723,18.46796063]],[[77.29106723,18.46796063],[77.29112411,18.46796093],[77.2912994,18.46825179],[77.29152899,18.46841682],[77.29169809,18.46858824],[77.29172889,18.46872716]],[[77.29172889,18.46872716],[77.29172179,18.46884694],[77.29176351,18.46880498]],[[77.29176351,18.46880498],[77.29172762,18.46884226],[77.2915245,18.4682176],[77.29109086,18.46737307]],[[77.29109086,18.46737307],[77.29098022,18.46784262]],[[77.29098022,18.46784262],[77.29097802,18.4679155],[77.29093974,18.46791123]],[[77.29093974,18.46791123],[77.29097121,18.46791324],[77.29107263,18.4676231],[77.29094696,18.46709328],[77.2908791,18.46636347],[77.29079414,18.46591372]],[[77.29079414,18.46591372],[77.29080533,18.46558658],[77.29065527,18.46547375],[77.28988024,18.46511957],[77.28924081,18.46489638]],[[77.28924081,18.46489638],[77.28892282,18.46488536],[77.28829161,18.46476156],[77.28762444,18.46455006]],[[77.28762444,18.46455006],[77.28747709,18.46459649]],[[77.28747709,18.46459649],[77.28703015,18.46445442],[77.28679312,18.46451189],[77.28671874,18.46459099],[77.28661891,18.46479897],[77.28672355,18.46504586]],[[77.28672355,18.46504586],[77.28668016,18.4650698],[77.28667703,18.465145],[77.28671777,18.46511002]],[[77.28671777,18.46511002],[77.2866783,18.46514341],[77.28641899,18.46480277],[77.2861281,18.46424128],[77.28604477,18.46392017],[77.28581683,18.46372149],[77.28553031,18.46353043],[77.28496598,18.46324245],[77.28473268,18.46316828]],[[77.28473268,18.46316828],[77.28429448,18.46290083]],[[77.28429448,18.46290083],[77.28403282,18.46281925],[77.28352804,18.4627787]],[[77.28352804,18.4627787],[77.28352804,18.4627787]],[[77.28352804,18.4627787],[77.2833616,18.46261696],[77.2828286,18.46221074],[77.28267987,18.46213563],[77.28227726,18.46210542],[77.2813605,18.46216934],[77.28071038,18.46207683]],[[77.28071038,18.46207683],[77.28020769,18.46197994],[77.27976355,18.46194269],[77.2791943,18.46206776],[77.27895126,18.46208579],[77.27874407,18.46200509],[77.27853661,18.46186006],[77.27839832,18.46180885],[77.27804057,18.46146878]],[[77.27804057,18.46146878],[77.27741783,18.46095456],[77.27659406,18.46049001],[77.27614981,18.46032027],[77.27583442,18.46023848],[77.27466166,18.46008602]],[[77.27466166,18.46008602],[77.27398266,18.45978252],[77.2735764,18.45967733],[77.27306302,18.45960495],[77.27231875,18.45938255]],[[77.27231875,18.45938255],[77.27204259,18.45931381],[77.27179078,18.45918268],[77.27156935,18.45902302],[77.27101534,18.45847931],[77.2707752,18.45830048],[77.27054665,18.45818245],[77.2697873,18.4578856],[77.26935808,18.45767326],[77.26887626,18.45753939],[77.26852678,18.45752781]],[[77.26852678,18.45752781],[77.26850944,18.45761439],[77.26815038,18.4582033],[77.26766267,18.45866912],[77.2673171,18.45893985]],[[77.2673171,18.45893985],[77.26708268,18.45916256],[77.26697151,18.45923983],[77.26686921,18.4592537],[77.2656,18.45898198],[77.26530142,18.45900229],[77.26509254,18.45897497],[77.2649115,18.45875221]],[[77.2649115,18.45875221],[77.26492881,18.45878096],[77.2648314,18.45906884],[77.26471394,18.45928206],[77.26468444,18.45943253],[77.26468854,18.46015281]],[[77.26468854,18.46015281],[77.26473916,18.46054746]],[[77.26473916,18.46054746],[77.26472682,18.46044954],[77.26405828,18.46029183],[77.26274476,18.46009285],[77.26248108,18.45999888]],[[77.26248108,18.45999888],[77.26240854,18.45996812],[77.26239074,18.45988252],[77.26249013,18.4598281]],[[77.26249013,18.4598281],[77.26244095,18.45984905],[77.26261849,18.4598472],[77.26291706,18.4599632],[77.26377844,18.46051149],[77.26422104,18.46057505],[77.26463808,18.46056877]],[[77.26463808,18.46056877],[77.26475216,18.46050783],[77.26474537,18.46055288]],[[77.26474537,18.46055288],[77.26471294,18.46046395],[77.2646711,18.46055765]],[[77.2646711,18.46055765],[77.26470226,18.46048775],[77.26465861,18.46002418],[77.26467466,18.4593275],[77.26493375,18.45884763]],[[77.26493375,18.45884763],[77.26485465,18.4588539],[77.26488048,18.45875184]],[[77.26488048,18.45875184],[77.26487078,18.45878545],[77.26495596,18.45873213],[77.26493165,18.458706]],[[77.26493165,18.458706],[77.26495279,18.45872826],[77.26486278,18.45893361],[77.2647742,18.45926162],[77.26478305,18.45971282],[77.26467879,18.46021419],[77.26466741,18.46049898]],[[77.26466741,18.46049898],[77.26457946,18.46052329],[77.26462663,18.4606721],[77.26464394,18.46062237]],[[77.26464394,18.46062237],[77.26462217,18.46066995],[77.26452399,18.46059987],[77.2641776,18.46054494],[77.26367117,18.46055083],[77.26298939,18.4605019],[77.26247041,18.46028092],[77.26216272,18.46020285],[77.26196995,18.46018063],[77.26162411,18.46021132]],[[77.26162411,18.46021132],[77.26154975,18.46019784],[77.26096162,18.46046351],[77.26069694,18.46079147],[77.26039204,18.46097484],[77.25981358,18.4612492],[77.25939013,18.46138179],[77.2592004,18.46140741]],[[77.2592004,18.46140741],[77.2589189,18.46154829],[77.25873279,18.46159904],[77.25850303,18.46172733]],[[77.25850303,18.46172733],[77.25847267,18.46177434],[77.25842466,18.46174895]],[[77.25842466,18.46174895],[77.2578856,18.46220872],[77.25780867,18.46223044]],[[77.25780867,18.46223044],[77.2577676,18.46233921]],[[77.2577676,18.46233921],[77.2576684,18.46230479]],[[77.2576684,18.46230479],[77.25773994,18.46230471]],[[77.25773994,18.46230471],[77.25773617,18.4623458]],[[77.25773617,18.4623458],[77.25773599,18.46228941],[77.25779259,18.46230176],[77.25805946,18.46204005],[77.258338,18.46146392],[77.25837059,18.46120005]],[[77.25837059,18.46120005],[77.25821357,18.46119295],[77.25752871,18.46088521]],[[77.25752871,18.46088521],[77.25727139,18.4608887]],[[77.25727139,18.4608887],[77.25737703,18.46089205],[77.25765726,18.46114213],[77.25780348,18.46137291],[77.25785838,18.462179]],[[77.25785838,18.462179],[77.25796411,18.46219805],[77.25792794,18.4622302]],[[77.25792794,18.4622302],[77.25795114,18.4622056],[77.25779092,18.46200641],[77.25761494,18.46158083],[77.25748871,18.46137958],[77.25638756,18.4609549],[77.25566559,18.46079107]],[[77.25566559,18.46079107],[77.25398049,18.46050485]],[[77.25398049,18.46050485],[77.25403532,18.46050331],[77.25427917,18.46023699],[77.25518488,18.45952966],[77.25522746,18.45946211],[77.25530578,18.4592737],[77.25539742,18.4587307],[77.25557127,18.45825777],[77.25557945,18.45801979],[77.25548702,18.45764027],[77.25548923,18.4572772]],[[77.25548923,18.4572772],[77.25541292,18.45712638],[77.25542831,18.45668918],[77.25559461,18.45583775],[77.25559099,18.45565762],[77.25568307,18.45511189],[77.25569173,18.45443404],[77.25575879,18.45410325]],[[77.25575879,18.45410325],[77.25587212,18.45391369],[77.25576288,18.45382199],[77.25538327,18.45331896],[77.25464836,18.45267716]],[[77.25464836,18.45267716],[77.25324802,18.45248932],[77.25295588,18.45248379]],[[77.25295588,18.45248379],[77.25335561,18.45255876],[77.25370717,18.45255475],[77.25457728,18.45262246]],[[77.25457728,18.45262246],[77.2559628,18.4528686],[77.25649716,18.4530107],[77.25696143,18.45301079]],[[77.25696143,18.45301079],[77.25712135,18.45343876],[77.25716466,18.4537421],[77.25715895,18.45397824],[77.25722663,18.45420024]],[[77.25722663,18.45420024],[77.25713995,18.45449744],[77.25680582,18.45432856],[77.25656934,18.4541465],[77.25601494,18.45394232]],[[77.25601494,18.45394232],[77.25590853,18.45394535],[77.25591692,18.45390529]],[[77.25591692,18.45390529],[77.25554531,18.4554082],[77.25545545,18.4555904],[77.25548389,18.45612858],[77.25542576,18.45645732],[77.25542178,18.45713275],[77.25561329,18.45768951],[77.25563748,18.45807153],[77.25558769,18.45881331],[77.25573562,18.45983659],[77.2557336,18.46020787],[77.25567905,18.46048798],[77.25568302,18.46062093]],[[77.25568302,18.46062093],[77.25568465,18.46073782],[77.25563541,18.46075386]],[[77.25563541,18.46075386],[77.25703047,18.46108084],[77.25712282,18.46105554],[77.25722663,18.46093323]],[[77.25722663,18.46093323],[77.25720454,18.46095812],[77.25721791,18.46091733]],[[77.25721791,18.46091733],[77.25720704,18.4609519],[77.25549738,18.46035405],[77.25457929,18.46010478]],[[77.25457929,18.46010478],[77.25440662,18.45975623]],[[77.25440662,18.45975623],[77.25467603,18.459527],[77.25458516,18.45946699]],[[77.25458516,18.45946699],[77.25453398,18.459571],[77.25450297,18.45950869]],[[77.25450297,18.45950869],[77.25451391,18.45954883],[77.25461947,18.45949778],[77.25458189,18.45946705]],[[77.25458189,18.45946705],[77.25459148,18.45950187],[77.25441324,18.45949997],[77.25424406,18.45926525],[77.25430641,18.45935493],[77.25453601,18.45922681],[77.25518156,18.45896746],[77.25536765,18.45881726],[77.25548703,18.45859614],[77.2556215,18.45771705],[77.2555412,18.45599076]],[[77.2555412,18.45599076],[77.25552467,18.45587803],[77.25560121,18.45531017],[77.25562357,18.45481596],[77.25557439,18.45378499],[77.25592988,18.45354718],[77.2568385,18.45311733],[77.25733995,18.45301428]],[[77.25733995,18.45301428],[77.25797597,18.45300951]],[[77.25797597,18.45300951],[77.25798201,18.4530146]],[[77.25798201,18.4530146],[77.2578471,18.45299553],[77.25783435,18.45289349],[77.25790699,18.45278235]],[[77.25790699,18.45278235],[77.25797472,18.45269341],[77.25811813,18.45272264]],[[77.25811813,18.45272264],[77.25777384,18.45247076],[77.25746582,18.45231642],[77.25722005,18.45206876],[77.25677925,18.45172886],[77.25634299,18.45130829],[77.25602064,18.45113117]],[[77.25602064,18.45113117],[77.25562301,18.4507616]],[[77.25562301,18.4507616],[77.25577216,18.45089029],[77.25593157,18.45096212],[77.25611069,18.45096322],[77.25629758,18.45091818],[77.25657274,18.4507423],[77.2571323,18.45031306],[77.25727938,18.45025454],[77.25749888,18.45008894],[77.25810429,18.44920503],[77.25819021,18.44903049]],[[77.25819021,18.44903049],[77.25806514,18.44894423],[77.25812655,18.44873298],[77.25836539,18.44840575],[77.25898755,18.44780728],[77.25938509,18.44751777],[77.2599414,18.44725081],[77.26068385,18.44682795],[77.26090048,18.4465662],[77.26096965,18.4465246]],[[77.26096965,18.4465246],[77.26116798,18.44656725],[77.26221448,18.44711641],[77.2631139,18.44726795],[77.2638832,18.44758848]],[[77.2638832,18.44758848],[77.26404232,18.44753435],[77.26427581,18.44755762]],[[77.26427581,18.44755762],[77.26432596,18.44761271],[77.26433432,18.44758021]],[[77.26433432,18.44758021],[77.26435779,18.44764128]],[[77.26435779,18.44764128],[77.26425742,18.44764434],[77.26422032,18.44768962]],[[77.26422032,18.44768962],[77.26429304,18.44748966],[77.26434928,18.44743176],[77.2644494,18.44741817]],[[77.2644494,18.44741817],[77.26453632,18.44748607]],[[77.26453632,18.44748607],[77.26430847,18.44758502],[77.26421932,18.44768835]],[[77.26421932,18.44768835],[77.26463299,18.44751719],[77.26455778,18.44742023]],[[77.26455778,18.44742023],[77.26449983,18.4475839],[77.26467447,18.44771212],[77.26461618,18.4480396],[77.26468787,18.44815079]],[[77.26468787,18.44815079],[77.26477783,18.44836246],[77.26478082,18.44831538]],[[77.26478082,18.44831538],[77.26478995,18.4487498],[77.2648139,18.44892356],[77.26486087,18.44900347]],[[77.26486087,18.44900347],[77.26482546,18.44902976],[77.26484926,18.44906506]],[[77.26484926,18.44906506],[77.26478518,18.44839012]],[[77.26478518,18.44839012],[77.26474147,18.44835654],[77.26476238,18.44831234]],[[77.26476238,18.44831234],[77.26453729,18.4478245],[77.26439921,18.44764457],[77.26369397,18.44705941],[77.26297402,18.44623272],[77.26262019,18.44554445],[77.26261139,18.44542618],[77.26248709,18.44517675],[77.26245836,18.4449763],[77.26239391,18.44482399]],[[77.26239391,18.44482399],[77.26217538,18.44452965],[77.26210712,18.44432576],[77.2616525,18.44349413],[77.26078921,18.44225175],[77.26069193,18.44218206],[77.26039394,18.44208126],[77.26005368,18.44204291]],[[77.26005368,18.44204291],[77.25987947,18.4420373],[77.25965906,18.44190519]],[[77.25965906,18.44190519],[77.25945271,18.4417874],[77.25865347,18.44084485],[77.25857051,18.44059765],[77.25856251,18.44014642],[77.25853221,18.43998776],[77.25742872,18.43836307],[77.25725412,18.43782669]],[[77.25725412,18.43782669],[77.25732336,18.43756371],[77.25733439,18.43739094],[77.25739463,18.43723025],[77.25740125,18.43703608],[77.25747574,18.43669857],[77.25744269,18.43626395],[77.25735457,18.43594917],[77.257338,18.43558728],[77.25727006,18.43529639],[77.25659076,18.43440666],[77.25639915,18.43422442],[77.25618706,18.43409027],[77.25611687,18.43400158]],[[77.25611687,18.43400158],[77.25605247,18.4338627],[77.25609066,18.43376987],[77.25608437,18.43362547],[77.25529916,18.43300911],[77.25483269,18.43273945],[77.25449261,18.43230703],[77.25413725,18.43155614],[77.25391904,18.43132344],[77.25321767,18.43083355],[77.25317214,18.43011883]],[[77.25317214,18.43011883],[77.25311394,18.43000687],[77.25310738,18.42986577],[77.25287952,18.42952892],[77.25274629,18.42949354],[77.25253478,18.42951034]],[[77.25253478,18.42951034],[77.25234518,18.42939297],[77.25161779,18.42909485],[77.24995717,18.42862544]],[[77.24995717,18.42862544],[77.24995709,18.42862536]],[[77.24995709,18.42862536],[77.24995708,18.42862536]],[[77.24995708,18.42862536],[77.24890409,18.42854495],[77.24842524,18.42847631],[77.2476835,18.42850998],[77.24662924,18.42837635],[77.24536356,18.42832803]],[[77.24536356,18.42832803],[77.24447416,18.42823685],[77.24367048,18.42807927],[77.24322176,18.42792854],[77.24265926,18.42768391],[77.2424479,18.42749738],[77.24214611,18.42756342],[77.24192957,18.42754842],[77.24172413,18.42760884]],[[77.24172413,18.42760884],[77.2416316,18.42810251]],[[77.2416316,18.42810251],[77.24173476,18.42797564],[77.24148003,18.42771839],[77.2412131,18.42790552],[77.24094097,18.42802362],[77.24070454,18.42827003],[77.24028622,18.42862338],[77.24025927,18.42874616],[77.23998752,18.42904961],[77.23944238,18.42951708],[77.23921493,18.42963313]],[[77.23921493,18.42963313],[77.23861922,18.43004429],[77.23849249,18.4300937],[77.23828918,18.43012799],[77.238004,18.42998807],[77.23792967,18.42987612],[77.23779049,18.42938392],[77.23752815,18.42877161],[77.23744488,18.42864601],[77.23725297,18.42846009],[77.23701145,18.42808683],[77.23659072,18.42771922]],[[77.23659072,18.42771922],[77.23643356,18.42761908],[77.23606445,18.42747312],[77.23550216,18.42748063],[77.23515406,18.42759931]],[[77.23515406,18.42759931],[77.23365078,18.42850548],[77.23313107,18.42902175],[77.23286147,18.4293392],[77.23258536,18.42954877],[77.23249205,18.42966142],[77.23247051,18.42973491]],[[77.23247051,18.42973491],[77.23242827,18.42972878]],[[77.23242827,18.42972878],[77.23241041,18.42973229]],[[77.23241041,18.42973229],[77.23240966,18.42973206]],[[77.23240966,18.42973206],[77.2318355,18.42986932],[77.23096502,18.42977971],[77.2305599,18.4298745],[77.23039245,18.42985765],[77.22969208,18.42991144]],[[77.22969208,18.42991144],[77.22890679,18.42904561],[77.2286113,18.42856876],[77.22804044,18.42737318],[77.22770222,18.42703375]],[[77.22770222,18.42703375],[77.22754842,18.42704583],[77.22762871,18.42708062]],[[77.22762871,18.42708062],[77.22738197,18.42741492],[77.2272045,18.42741911]],[[77.2272045,18.4274191],[77.22699417,18.42741801],[77.22702412,18.42751944]],[[77.22702412,18.42751946],[77.22693018,18.4275625],[77.22690347,18.42770086],[77.22686034,18.42770873]],[[77.22686034,18.42770871],[77.2269047,18.42769345],[77.22692414,18.42776596],[77.22685455,18.42775396]],[[77.22685455,18.42775396],[77.22690224,18.42776091],[77.22688057,18.42762483],[77.22662874,18.42768229]],[[77.22662874,18.42768229],[77.22666034,18.42772477]],[[77.22666034,18.42772477],[77.22664935,18.42768204],[77.2267413,18.42765763],[77.22677451,18.42768231]],[[77.22677451,18.42768233],[77.22673528,18.4276595],[77.22683296,18.42759369],[77.22685514,18.42762237]],[[77.22685514,18.42762237],[77.22674088,18.42743425],[77.22610434,18.427051],[77.22564412,18.42695889],[77.22523301,18.42695702],[77.2247441,18.4270348],[77.22411619,18.42725784],[77.2233301,18.42740068],[77.22317062,18.42745522]],[[77.22317062,18.42745522],[77.22252917,18.42773986],[77.22186429,18.42819241],[77.22142432,18.42882549],[77.2211932,18.42901005],[77.22068724,18.42956322],[77.22024306,18.42985484],[77.21961167,18.43034721]],[[77.21961167,18.43034721],[77.21879656,18.43112758],[77.21834231,18.43164751]],[[77.21834231,18.43164751],[77.21841083,18.43181818],[77.21830916,18.43185344],[77.21831515,18.43180147]],[[77.21831515,18.43180147],[77.21830292,18.43185426]],[[77.21830292,18.43185426],[77.21830258,18.43185414]],[[77.21830258,18.43185414],[77.2183025,18.43185407]],[[77.2183025,18.43185407],[77.21830811,18.43183101]],[[77.21830811,18.43183101],[77.21838178,18.4315887],[77.21897647,18.43196199],[77.21911554,18.43200476],[77.21950091,18.43240646],[77.21979674,18.43260365]],[[77.21979674,18.43260365],[77.21977923,18.43281135],[77.21978844,18.43262274],[77.21985169,18.43249358],[77.22014945,18.43252254]],[[77.22014945,18.43252254],[77.22025441,18.43259063],[77.22031953,18.43251628],[77.22027199,18.43246211]],[[77.22027199,18.43246211],[77.22024026,18.43272843],[77.22016499,18.43297084],[77.2200207,18.4332557]],[[77.2200207,18.4332557],[77.22004432,18.43328848],[77.2202175,18.43274567],[77.22021462,18.43246039],[77.22012599,18.43220303],[77.2201233,18.43206293]],[[77.2201233,18.43206293],[77.22061314,18.43150915]],[[77.22061314,18.43150915],[77.22022907,18.43129297],[77.22038289,18.4309176],[77.22045824,18.43103204]],[[77.22045824,18.43103204],[77.22043102,18.43104749],[77.22044621,18.43106854]],[[77.22044621,18.43106854],[77.22042458,18.43104102],[77.22043075,18.43106544]],[[77.22043075,18.43106544],[77.22058291,18.43101388],[77.22063258,18.43091021]],[[77.22063258,18.43091021],[77.22060065,18.4309689],[77.22053022,18.43091544],[77.22104665,18.43045537]],[[77.22104665,18.43045537],[77.22117038,18.43053823],[77.22117305,18.43047031]],[[77.22117305,18.43047031],[77.22112843,18.43055466],[77.2207632,18.43028722],[77.2201555,18.42996986],[77.21953964,18.42941743],[77.21871681,18.42887371],[77.21817166,18.42833474],[77.21789975,18.42813242]],[[77.21789975,18.42813242],[77.21790583,18.42810797],[77.21700334,18.42784986],[77.21681084,18.42752124],[77.21678556,18.42734635],[77.21688442,18.42697886],[77.21701816,18.42683966],[77.21722464,18.42650845],[77.21742164,18.42635043],[77.21754483,18.42612031],[77.21767015,18.42604223],[77.21793327,18.4260286]],[[77.21793327,18.4260286],[77.2179842,18.42610309],[77.21819904,18.42599519],[77.21822295,18.42590834],[77.218332,18.42580841],[77.21837773,18.42571814],[77.2185912,18.4248509],[77.21886869,18.42456762],[77.21912283,18.42438185]],[[77.21793327,18.4260286],[77.2179842,18.42610309],[77.21816905,18.42603005],[77.21822295,18.42590834],[77.21834082,18.42579547],[77.2185912,18.4248509],[77.21886869,18.42456762],[77.21945571,18.42411643],[77.22009114,18.42331782],[77.22038854,18.42281914],[77.22073149,18.42196404]],[[77.22073149,18.42196404],[77.22078065,18.42185494],[77.2207166,18.4216085],[77.22061729,18.42141321],[77.22014288,18.42098212],[77.21923782,18.42061156],[77.21903063,18.42057712]],[[77.21903063,18.42057712],[77.21904911,18.42029853],[77.21921638,18.42018308],[77.21935313,18.42017595],[77.21951321,18.42023052],[77.22011626,18.4199753]],[[77.22011626,18.4199753],[77.22011452,18.42000867],[77.22016982,18.42000909],[77.22012875,18.41996953]],[[77.22012875,18.41996953],[77.2200086,18.42007806],[77.22003643,18.4202892],[77.220353,18.42120105],[77.22048683,18.42143683],[77.22067058,18.42165059],[77.22076538,18.42184185],[77.22072696,18.42225573],[77.22073384,18.42274717]],[[77.22073384,18.42274717],[77.22063485,18.42273691]],[[77.22063485,18.42273691],[77.22035672,18.42262889],[77.22018214,18.42281518],[77.21967121,18.42356357],[77.21922755,18.4240012],[77.21853074,18.42481763]],[[77.21853074,18.42481763],[77.21841902,18.42531583],[77.21831735,18.42558824],[77.21834701,18.42576109]],[[77.21834701,18.42576109],[77.21832339,18.42571617],[77.21845526,18.42583477],[77.21806009,18.4261672]],[[77.21806009,18.4261672],[77.21801474,18.42622687],[77.21797971,18.42620546]],[[77.21797971,18.42620546],[77.21801666,18.4262312],[77.21810534,18.42607169],[77.21820659,18.42604047],[77.21835844,18.42590522],[77.21855939,18.42538625],[77.2185537,18.42491035]],[[77.2185537,18.42491035],[77.21870839,18.42477742],[77.21889367,18.42469214],[77.22055338,18.42438137],[77.22078346,18.42435676],[77.2210472,18.424387],[77.22136675,18.42437201],[77.22163096,18.42446033],[77.22213015,18.42473379],[77.2224652,18.4250581]],[[77.2224652,18.4250581],[77.22363365,18.42594322],[77.22455733,18.42638931]],[[77.22455733,18.42638931],[77.22539866,18.42701589],[77.22573257,18.42716325],[77.22760413,18.42749461],[77.22794294,18.42803381]],[[77.22794294,18.42803381],[77.22850662,18.42896399],[77.22867049,18.42939969],[77.2287408,18.42949311],[77.22976162,18.42993335],[77.23004395,18.42994612],[77.23021151,18.429905],[77.23032876,18.42994327],[77.23055814,18.43009115],[77.23081977,18.43013468],[77.23110795,18.43026641]],[[77.23110795,18.43026641],[77.23187153,18.43060637],[77.23199196,18.43062327],[77.23198983,18.43078531],[77.2317009,18.43163346],[77.23188327,18.43295999],[77.2320856,18.43381216],[77.23234244,18.43429771],[77.23259794,18.43500712],[77.23290872,18.43546757]],[[77.23290872,18.43546757],[77.23286916,18.43549239],[77.232871,18.43559862]],[[77.232871,18.43559862],[77.23291776,18.43565155],[77.23236642,18.43668467],[77.23209961,18.43682017],[77.23192703,18.43683463]],[[77.23192703,18.43683463],[77.23198784,18.43687105],[77.23198068,18.43715035],[77.23197296,18.43717552],[77.23186718,18.4371465]],[[77.23186718,18.4371465],[77.23189271,18.43714805]],[[77.23189271,18.43714805],[77.23205443,18.43687407]]]},"properties":{"rover":"Perseverance"}},{"type":"Feature","geometry":{"type":"MultiLineString","coordinates":[[[137.441633,-4.589466996],[137.4417034,-4.589493345],[137.441734,-4.589465006],[137.441686,-4.58940083],[137.4416997,-4.589345688],[137.4418925,-4.589403124]],[[137.4418925,-4.589403124],[137.4421132,-4.589343404],[137.4422422,-4.589542297],[137.4426901,-4.589978867],[137.4428938,-4.590121255],[137.4431404,-4.590219191],[137.4435925,-4.590324963],[137.4436633,-4.590318489],[137.4445809,-4.589846619],[137.4448454,-4.589872287],[137.4450509,-4.590041643],[137.4453105,-4.59047623],[137.4453477,-4.590435065],[137.4453201,-4.590390787],[137.4459999,-4.59030037],[137.4466538,-4.5903076],[137.4473596,-4.590144373],[137.4479003,-4.590061871]],[[137.4479003,-4.590061871],[137.4481378,-4.590151681],[137.4482382,-4.590123806],[137.4483288,-4.590021725],[137.4483825,-4.590018535],[137.4483416,-4.589995601],[137.4483102,-4.590021516],[137.4484513,-4.590059114],[137.4486308,-4.589945835],[137.4486951,-4.589947235],[137.4486133,-4.5899157],[137.4486758,-4.58992144],[137.4486547,-4.589938454],[137.4486923,-4.590363315],[137.4488285,-4.590448525],[137.4489748,-4.59022866],[137.4491076,-4.590281324],[137.4492113,-4.590237025],[137.4493493,-4.590054093]],[[137.4493493,-4.590054093],[137.4492469,-4.589920441],[137.4492772,-4.589865261],[137.4494842,-4.58976501],[137.4493306,-4.589636715],[137.4494195,-4.589679132],[137.4493839,-4.589312426],[137.449388,-4.589136889],[137.44941,-4.589165126],[137.4492227,-4.58955167],[137.4492085,-4.589471821],[137.4491446,-4.589450969],[137.4491207,-4.589476022],[137.449143,-4.589447604],[137.4491296,-4.589484879],[137.4491165,-4.589466996],[137.4491365,-4.58950615],[137.4491305,-4.589476651],[137.449105,-4.589511606],[137.4491672,-4.589480729],[137.4493317,-4.589532353],[137.4491685,-4.589660806]],[[137.4491685,-4.589660806],[137.4489636,-4.589778411],[137.4489801,-4.589755091],[137.4492942,-4.590209888],[137.4488133,-4.590506732],[137.4487282,-4.590202605],[137.4485819,-4.59024658],[137.4482074,-4.590204822],[137.4478313,-4.590051605],[137.4475349,-4.590202082]],[[137.4475349,-4.590202082],[137.4472131,-4.590514543]],[[137.4472131,-4.590514543],[137.4471304,-4.590591407],[137.4470885,-4.590704928]],[[137.4472131,-4.590514543],[137.4471304,-4.590591407],[137.4470885,-4.590704928]],[[137.4470885,-4.590704928],[137.446946,-4.590947274],[137.4467373,-4.5911838]],[[137.4467373,-4.5911838],[137.4462883,-4.591451789]],[[137.4462883,-4.591451789],[137.4457397,-4.591768248]],[[137.4457397,-4.591768248],[137.4452897,-4.592082058]],[[137.4452897,-4.592082058],[137.4450302,-4.592857595],[137.4445772,-4.59304431],[137.44425,-4.593046365]],[[137.44425,-4.593046365],[137.4440428,-4.593184449],[137.4436484,-4.593831169]],[[137.4436484,-4.593831169],[137.4431037,-4.593837006]],[[137.4431037,-4.593837006],[137.4423026,-4.593918324],[137.4419667,-4.594071254]],[[137.4419667,-4.594071254],[137.4418036,-4.594090509],[137.4409988,-4.594665049]],[[137.4409988,-4.594665049],[137.4401557,-4.59518161]],[[137.4401557,-4.59518161],[137.4398779,-4.596308077]],[[137.4398779,-4.596308077],[137.4395494,-4.596560014],[137.4386017,-4.596858987]],[[137.4386017,-4.596858987],[137.4380378,-4.597065999],[137.4378277,-4.596819172]],[[137.4378277,-4.596819172],[137.4370098,-4.596952575]],[[137.4369239,-4.597513937],[137.436715,-4.597748516],[137.4364026,-4.598563778]],[[137.4370104,-4.596950645],[137.4369239,-4.597513937]],[[137.4364026,-4.598563778],[137.4356972,-4.598692381],[137.4350815,-4.598977597]],[[137.4350815,-4.598977597],[137.43473,-4.599239328]],[[137.43473,-4.599239328],[137.4337399,-4.599891107]],[[137.4337399,-4.599891107],[137.4333457,-4.600219529],[137.4325601,-4.60000446]],[[137.4325601,-4.60000446],[137.4321398,-4.599732331],[137.4316101,-4.59980985],[137.4311723,-4.599885243],[137.4310707,-4.600242724]],[[137.4310707,-4.600242724],[137.4306748,-4.600468621],[137.430491,-4.600517243]],[[137.430491,-4.600517243],[137.4304498,-4.600568025],[137.4307166,-4.600923559],[137.4306433,-4.601089493]],[[137.4306433,-4.601089493],[137.4304203,-4.601428927],[137.4302083,-4.601641635]],[[137.4302076,-4.601643748],[137.4300754,-4.601670117],[137.4300722,-4.601986043],[137.4297729,-4.602108429],[137.4296072,-4.602227719]],[[137.4296072,-4.602227719],[137.4286607,-4.603364849]],[[137.4286607,-4.603364849],[137.4284282,-4.603458582]],[[137.4284282,-4.603458582],[137.4279117,-4.603924632]],[[137.4279117,-4.603924632],[137.4278607,-4.603966092],[137.42734,-4.604921194],[137.427298,-4.605383228],[137.4271866,-4.605575149],[137.4272562,-4.605712954],[137.4272582,-4.605802724],[137.4272153,-4.605879719],[137.4272721,-4.606004862]],[[137.4272721,-4.606004862],[137.4272238,-4.606256788],[137.4270591,-4.606250414]],[[137.4270591,-4.606250414],[137.4265124,-4.606461784],[137.4262621,-4.606956461],[137.4262787,-4.607073446]],[[137.4262787,-4.607073446],[137.426291,-4.60711483]],[[137.426291,-4.60711483],[137.4262654,-4.607090513],[137.4262747,-4.607216948]],[[137.4262747,-4.607216948],[137.4261081,-4.607184472],[137.4258957,-4.607204194]],[[137.4258957,-4.607204194],[137.4258778,-4.607276152],[137.4256735,-4.60751719],[137.4255144,-4.607775633],[137.4253583,-4.60787111],[137.4252514,-4.608043371]],[[137.4252514,-4.608043371],[137.4250044,-4.608163885],[137.4247098,-4.608410948],[137.424612,-4.608438617],[137.424522,-4.608547365],[137.4244175,-4.608584479]],[[137.4244175,-4.608584479],[137.4243612,-4.608591534],[137.4242832,-4.609119537],[137.4240981,-4.609371682],[137.4239372,-4.6094649],[137.4239105,-4.609541363]],[[137.4239105,-4.609541363],[137.4240721,-4.610016142],[137.4240238,-4.61040985],[137.4240492,-4.610645206]],[[137.4240492,-4.610645206],[137.4237363,-4.611085614]],[[137.4237363,-4.611085614],[137.4233931,-4.611437551],[137.4225135,-4.611724714],[137.4223743,-4.611822589]],[[137.4223743,-4.611822589],[137.422354,-4.6118483],[137.422467,-4.612154805],[137.4225302,-4.612770651],[137.4224149,-4.61292265],[137.4223725,-4.613045337]],[[137.4223725,-4.613045337],[137.4221114,-4.613230065],[137.4214876,-4.613357409]],[[137.4214876,-4.613357409],[137.4213294,-4.613643307],[137.421334,-4.613969654],[137.4208202,-4.614864187],[137.4207878,-4.61505938],[137.420804,-4.615146491],[137.4207696,-4.615213901]],[[137.4207696,-4.615213901],[137.420477,-4.616190036],[137.4204158,-4.616303607]],[[137.4204158,-4.616303607],[137.4204434,-4.617245132],[137.420404,-4.617383186],[137.4204184,-4.617481592],[137.4203324,-4.617618843],[137.4201612,-4.617717381]],[[137.4201612,-4.617717381],[137.4194448,-4.61800079]],[[137.4194448,-4.61800079],[137.4194065,-4.618049057],[137.4191067,-4.618146461],[137.4188841,-4.618454913]],[[137.4188841,-4.618454913],[137.4185581,-4.618930016],[137.4184334,-4.61916446],[137.4182747,-4.619247067],[137.4181801,-4.619215035]],[[137.4181801,-4.619215035],[137.4182003,-4.619584975],[137.417264,-4.619972427],[137.4171526,-4.619986376]],[[137.4171526,-4.619986376],[137.4164488,-4.620540402],[137.4161461,-4.621080857]],[[137.4161461,-4.621080857],[137.4160148,-4.621267663],[137.4160138,-4.621533883]],[[137.4160138,-4.621533883],[137.4157867,-4.621783649],[137.4153346,-4.621985172]],[[137.4153346,-4.621985172],[137.4152499,-4.62217472],[137.4150585,-4.622291019]],[[137.4150585,-4.622291019],[137.4150005,-4.622334258]],[[137.4150005,-4.622334258],[137.4150155,-4.622268928],[137.4151106,-4.622294786],[137.4150874,-4.622479085],[137.4146756,-4.622509156]],[[137.4146756,-4.622509156],[137.414211,-4.622653301],[137.4134667,-4.622382103],[137.4132465,-4.622455374],[137.4131257,-4.622434756]],[[137.4131257,-4.622434756],[137.4129627,-4.622653298],[137.4125169,-4.623072401],[137.4123691,-4.623142924],[137.4122139,-4.623064077],[137.4123597,-4.62312856]],[[137.4123597,-4.62312856],[137.4122861,-4.623096901],[137.4119712,-4.623170451],[137.4118407,-4.623463408]],[[137.4118407,-4.623463408],[137.4117333,-4.623512626],[137.4115736,-4.623982685],[137.411439,-4.624164363],[137.4111986,-4.624178031],[137.4110607,-4.624250708]],[[137.4110607,-4.624250708],[137.4105657,-4.624877367]],[[137.4105657,-4.624877367],[137.4105821,-4.624850846],[137.410528,-4.624848191],[137.4104771,-4.624880538]],[[137.4104771,-4.624880538],[137.4104368,-4.624956996]],[[137.4104368,-4.624956996],[137.4104439,-4.624948055]],[[137.4104439,-4.624948055],[137.4104372,-4.624967523]],[[137.4104372,-4.624967523],[137.4104035,-4.625147484],[137.4102843,-4.625259182]],[[137.4102843,-4.625259182],[137.4102278,-4.625278938],[137.4100643,-4.625220751],[137.4099225,-4.62527472]],[[137.4099225,-4.62527472],[137.4098581,-4.62537691],[137.4096246,-4.625550167]],[[137.4096246,-4.625550167],[137.4095748,-4.625698628]],[[137.4095748,-4.625698628],[137.4096137,-4.625776631],[137.409568,-4.626120815]],[[137.409568,-4.626120815],[137.409561,-4.62614251]],[[137.409561,-4.62614251],[137.4092299,-4.626534684]],[[137.4092299,-4.626534684],[137.4089667,-4.626539054]],[[137.4089667,-4.626539054],[137.408553,-4.626481711]],[[137.408553,-4.626481711],[137.4084408,-4.626567881],[137.4083227,-4.626841358]],[[137.4083227,-4.626841358],[137.4082877,-4.6270144]],[[137.4082877,-4.6270144],[137.4081129,-4.627055431],[137.407881,-4.62705025]],[[137.407881,-4.62705025],[137.4077951,-4.627076555],[137.4076658,-4.626986091]],[[137.4076658,-4.626986091],[137.4076177,-4.626828511],[137.4073623,-4.626670172]],[[137.4073623,-4.626670172],[137.4073357,-4.626709602],[137.4072626,-4.626550593]],[[137.4072626,-4.626550593],[137.4072787,-4.626538851]],[[137.4072787,-4.626538851],[137.4072615,-4.62660487],[137.4072144,-4.626598185]],[[137.4072144,-4.626598185],[137.4070945,-4.626590037]],[[137.4070945,-4.626590037],[137.4069817,-4.626640566],[137.4068045,-4.626575422],[137.4065689,-4.626630471],[137.4064919,-4.626746242]],[[137.4064919,-4.626746242],[137.4063772,-4.626813873],[137.405318,-4.626791843]],[[137.405318,-4.626791843],[137.4049491,-4.626894467]],[[137.4049491,-4.626894467],[137.4046893,-4.626896977],[137.4041763,-4.627011785]],[[137.4041763,-4.627011785],[137.4041636,-4.62702491]],[[137.4041636,-4.62702491],[137.4034216,-4.627190885],[137.4027971,-4.627867867]],[[137.4027971,-4.627867867],[137.4025769,-4.628402498],[137.4015762,-4.628783975]],[[137.4015762,-4.628783975],[137.4015856,-4.628888657]],[[137.4015856,-4.628888657],[137.4013955,-4.62891364],[137.4014014,-4.628981361]],[[137.4014014,-4.628981361],[137.4013868,-4.62918769],[137.4004263,-4.629727581]],[[137.4004263,-4.629727581],[137.4003053,-4.630156832],[137.4002381,-4.630631677]],[[137.4002381,-4.630631677],[137.4002363,-4.630651702]],[[137.4002363,-4.630651702],[137.4001924,-4.630934105],[137.4003419,-4.631181488],[137.4003337,-4.631380563]],[[137.4003337,-4.631380563],[137.4005249,-4.632302491]],[[137.400525,-4.632302501],[137.4004328,-4.632389466],[137.4002803,-4.632452827],[137.4001304,-4.632410311]],[[137.4001304,-4.632410311],[137.3999483,-4.632218833],[137.3997216,-4.632288117]],[[137.3997216,-4.632288117],[137.3997277,-4.63226934]],[[137.3997277,-4.63226934],[137.3996975,-4.632341788],[137.3997808,-4.632514808]],[[137.3997808,-4.632514808],[137.399553,-4.632685709],[137.3991489,-4.632798824]],[[137.3991489,-4.632798824],[137.3991605,-4.632864007],[137.3990398,-4.633063334],[137.3990396,-4.633311809]],[[137.3990396,-4.633311809],[137.3990596,-4.633319789]],[[137.3990596,-4.633319789],[137.3990118,-4.633634881],[137.399416,-4.634360351]],[[137.399416,-4.634360351],[137.4001667,-4.63448036],[137.4005641,-4.634590666],[137.4007044,-4.634725073],[137.4010487,-4.634770779]],[[137.4010487,-4.634770779],[137.4010855,-4.634764263],[137.401601,-4.635188333],[137.4021738,-4.635696891]],[[137.4021727,-4.63569365],[137.4021722,-4.636340909]],[[137.4021722,-4.636340909],[137.4021823,-4.636386375]],[[137.4021823,-4.636386375],[137.4021848,-4.636360631]],[[137.4021848,-4.636360631],[137.4024988,-4.636268652]],[[137.4024988,-4.636268652],[137.4028115,-4.636454855],[137.4027924,-4.636899427]],[[137.4027924,-4.636899427],[137.4029667,-4.637361243]],[[137.4029667,-4.637361243],[137.4028232,-4.637424101],[137.4028699,-4.637403919],[137.4028976,-4.637505121],[137.4028963,-4.637729748]],[[137.4028963,-4.637729748],[137.4028829,-4.637811052],[137.4028259,-4.637883054],[137.4027535,-4.637914204],[137.4026443,-4.637870464],[137.4024974,-4.638035467],[137.4024694,-4.638116291],[137.4025084,-4.638102082],[137.4026638,-4.638249363]],[[137.4026675,-4.638268689],[137.402543,-4.638233052],[137.4022681,-4.638222825]],[[137.4022681,-4.638222825],[137.4024545,-4.638211048],[137.4024739,-4.638388812],[137.4023071,-4.638414094],[137.4022921,-4.638621039],[137.4022491,-4.638727357]],[[137.4022491,-4.638727357],[137.4020841,-4.638909594],[137.4020331,-4.638860196]],[[137.4020331,-4.638860196],[137.40201,-4.638842854]],[[137.40201,-4.638842854],[137.4022008,-4.639160358]],[[137.4022008,-4.63916036],[137.4021807,-4.639364916],[137.4022029,-4.639531395],[137.4021446,-4.639571583]],[[137.4021448,-4.639571529],[137.4018666,-4.639980766],[137.4013618,-4.640390293]],[[137.4013618,-4.640390293],[137.4007274,-4.64058361],[137.4001506,-4.640521108]],[[137.4001506,-4.640521108],[137.3993,-4.640005204]],[[137.3993,-4.640005204],[137.3992437,-4.640009795],[137.3990959,-4.640244531],[137.3987614,-4.640229583]],[[137.3987614,-4.640229583],[137.3984807,-4.640286724],[137.3982793,-4.6399469]],[[137.3982793,-4.6399469],[137.3980994,-4.639910884],[137.3976736,-4.640026866],[137.3969158,-4.640294114]],[[137.3969158,-4.640294114],[137.3965851,-4.640323689],[137.3958626,-4.640835123],[137.3953828,-4.6408845]],[[137.3953828,-4.6408845],[137.3949317,-4.640663647]],[[137.3949317,-4.640663649],[137.3949,-4.640618795],[137.3948547,-4.640294154],[137.3943025,-4.64043419]],[[137.3943025,-4.64043419],[137.3940309,-4.640871594]],[[137.3940309,-4.640871594],[137.3930808,-4.641257918],[137.3927122,-4.641377864]],[[137.3927122,-4.641377864],[137.3922351,-4.641963443]],[[137.3922351,-4.641963443],[137.3917694,-4.642006122],[137.3912925,-4.641892656],[137.390776,-4.641922721],[137.3904929,-4.642124281],[137.390339,-4.642160762]],[[137.390339,-4.642160762],[137.3900641,-4.642344936],[137.3899636,-4.642553239]],[[137.3899636,-4.642553239],[137.3895552,-4.642367577],[137.3892508,-4.642453178],[137.3891172,-4.642967647],[137.3887431,-4.643517963],[137.3884278,-4.643582836]],[[137.3884278,-4.643582836],[137.3884163,-4.643863767],[137.3878119,-4.644440387],[137.3873713,-4.645228701],[137.3873009,-4.645290303],[137.3872263,-4.645295742]],[[137.3872263,-4.645295742],[137.3870525,-4.645663335]],[[137.3870525,-4.645663335],[137.3870148,-4.645648337],[137.3865724,-4.646651929]],[[137.3865738,-4.646649203],[137.3862448,-4.646564264],[137.3851407,-4.647058615],[137.3848289,-4.647737138]],[[137.3848289,-4.647737138],[137.3848353,-4.648879601],[137.3846801,-4.649367378]],[[137.3846801,-4.649367378],[137.384049,-4.649496894]],[[137.384049,-4.649496894],[137.3840271,-4.650200226],[137.384475,-4.650538937],[137.3845882,-4.650588165],[137.3846818,-4.6507362],[137.384685,-4.650860297],[137.3848588,-4.650872202]],[[137.3848588,-4.650872202],[137.3842323,-4.651272552],[137.3838326,-4.65224098],[137.3838113,-4.652371965]],[[137.3838113,-4.652371965],[137.3840957,-4.652887534],[137.384183,-4.653535767]],[[137.384183,-4.653535767],[137.3841709,-4.653448023]],[[137.3841709,-4.653448023],[137.3838992,-4.653495547]],[[137.3838992,-4.653495547],[137.3838998,-4.653823445]],[[137.3838998,-4.653823445],[137.3838832,-4.65400935],[137.3840488,-4.654925905]],[[137.3840488,-4.654925905],[137.3840702,-4.654925922]],[[137.3840702,-4.654925922],[137.3844844,-4.655083475],[137.3846617,-4.655371395],[137.3846413,-4.6554715]],[[137.3846413,-4.6554715],[137.3845831,-4.655793681],[137.3843133,-4.655983766],[137.3842363,-4.656307658]],[[137.3842363,-4.656307658],[137.3841658,-4.656466375],[137.383866,-4.656778409],[137.3834563,-4.657404602]],[[137.3834563,-4.657404602],[137.3834559,-4.657559862]],[[137.3834559,-4.657559862],[137.3836105,-4.658035883]],[[137.3836105,-4.658035883],[137.3836465,-4.658191381],[137.3834543,-4.658330578]],[[137.3834543,-4.658330578],[137.3830464,-4.658483612]],[[137.3829746,-4.658823639],[137.3830464,-4.658483612]],[[137.3829746,-4.658823639],[137.3829531,-4.658898244],[137.3830031,-4.659145918]],[[137.3830031,-4.659145918],[137.3830145,-4.659361372]],[[137.3830145,-4.659361372],[137.3828237,-4.659771406],[137.3828289,-4.659818971]],[[137.3828289,-4.659818971],[137.3828142,-4.659858207],[137.382845,-4.659866158]],[[137.382845,-4.659866158],[137.3827913,-4.659837921],[137.3826703,-4.660075134]],[[137.3826673,-4.660075066],[137.3827045,-4.660274646]],[[137.3827045,-4.660274646],[137.3826681,-4.660157412]],[[137.3826681,-4.660157412],[137.3826634,-4.660138247]],[[137.3826634,-4.660138247],[137.3827051,-4.660103372],[137.3826938,-4.660020018]],[[137.3826938,-4.660020018],[137.3827167,-4.659893304],[137.3825594,-4.659675684],[137.3823935,-4.659548063]],[[137.3823935,-4.659548063],[137.3825756,-4.65964271],[137.3825907,-4.659739905],[137.3827347,-4.659935378]],[[137.3827347,-4.659935378],[137.3827698,-4.659937191],[137.3827496,-4.659958507]],[[137.3827496,-4.659958507],[137.3826163,-4.659757535],[137.3825237,-4.659545027],[137.3825153,-4.659407265],[137.3821049,-4.659190392]],[[137.3821049,-4.659190389],[137.3820023,-4.659117184],[137.3818427,-4.659284847]],[[137.3818427,-4.659284847],[137.3818423,-4.659326066],[137.381764,-4.659399569],[137.3815787,-4.659444312],[137.381299,-4.659385189],[137.3809408,-4.659364375]],[[137.3809408,-4.659364375],[137.3808336,-4.659358024],[137.3807201,-4.65928025],[137.3807274,-4.65913855],[137.3805527,-4.658964087]],[[137.3805527,-4.658964087],[137.3804841,-4.659094059],[137.3803184,-4.659056021],[137.3801014,-4.659144265]],[[137.3801014,-4.659144265],[137.3800079,-4.659123882],[137.3797354,-4.659232704]],[[137.3797354,-4.6592327],[137.3795958,-4.659319365]],[[137.3795958,-4.659319365],[137.3793172,-4.659449413],[137.3789905,-4.659486517],[137.3787608,-4.659416976],[137.3786784,-4.659345961],[137.3783403,-4.65930862],[137.378166,-4.659341954]],[[137.378166,-4.659341954],[137.3778022,-4.659377533],[137.3776437,-4.659468113]],[[137.3776437,-4.659468113],[137.3775281,-4.659534009]],[[137.3775281,-4.659534009],[137.377314,-4.65961033],[137.3772861,-4.660195437],[137.3771,-4.660690476],[137.377076,-4.660860697]],[[137.377076,-4.660860697],[137.376809,-4.660972903],[137.3767788,-4.66105395]],[[137.3767788,-4.66105395],[137.3763809,-4.661592802],[137.3767362,-4.661897357],[137.3769599,-4.662001472],[137.3772448,-4.66241259]],[[137.3772448,-4.66241259],[137.3774067,-4.66255059],[137.3774636,-4.662699323]],[[137.3774636,-4.662699323],[137.3774821,-4.662749963],[137.3774283,-4.662900194],[137.3774732,-4.662953274],[137.3775537,-4.662972711]],[[137.3775537,-4.662972711],[137.3776226,-4.66294862]],[[137.3776226,-4.66294862],[137.3775919,-4.662948847],[137.3777813,-4.663083687],[137.3778024,-4.663129624]],[[137.3778024,-4.663129624],[137.3778454,-4.663134859],[137.3778952,-4.663193834]],[[137.3778952,-4.663193834],[137.3777623,-4.663284422],[137.3777817,-4.663361983]],[[137.3777817,-4.663361983],[137.3777717,-4.663328355],[137.3775179,-4.663357319],[137.3774604,-4.663490208],[137.3775042,-4.663523081]],[[137.3775042,-4.663523081],[137.3774649,-4.663472238],[137.377449,-4.663352068],[137.3774487,-4.662649369]],[[137.3774487,-4.662649369],[137.3774572,-4.662558752],[137.3775185,-4.662573519]],[[137.3775185,-4.662573519],[137.3774927,-4.662559314],[137.377514,-4.662579072],[137.3774847,-4.66265993]],[[137.3774847,-4.66265993],[137.3774103,-4.66289129],[137.3774491,-4.662885912]],[[137.3774491,-4.662885912],[137.3775035,-4.662931555],[137.3776348,-4.662949514]],[[137.3776348,-4.662949514],[137.3775362,-4.662928869],[137.3776819,-4.663045465],[137.3778789,-4.663129766],[137.3778762,-4.663224285]],[[137.3778762,-4.663224285],[137.3778757,-4.663121942],[137.3777246,-4.66328079],[137.3777823,-4.663379056]],[[137.3777823,-4.663379056],[137.3777791,-4.663344991],[137.3775362,-4.663298366],[137.3774451,-4.663517497]],[[137.3774451,-4.663517497],[137.3774985,-4.663582296]],[[137.3774985,-4.663582296],[137.3774862,-4.663498423],[137.3776215,-4.663436739],[137.3776021,-4.663553262],[137.3776413,-4.663280692],[137.3775224,-4.663184739],[137.377382,-4.662840614]],[[137.377382,-4.662840614],[137.3774498,-4.662863727]],[[137.3774498,-4.662863727],[137.3774048,-4.662841712],[137.3774332,-4.663079485]],[[137.3774332,-4.663079485],[137.3775421,-4.663319041],[137.3774876,-4.663512773]],[[137.3774876,-4.663512773],[137.3774978,-4.663479246],[137.3774523,-4.663527332]],[[137.3774523,-4.663527332],[137.3773129,-4.663593617]],[[137.3773129,-4.663593617],[137.3772822,-4.663605704],[137.3772881,-4.663694047]],[[137.3772881,-4.663694047],[137.3773474,-4.663751694]],[[137.3773474,-4.663751694],[137.3773515,-4.663718768],[137.3772909,-4.663807188],[137.3772883,-4.663883234]],[[137.3772883,-4.663883234],[137.3772879,-4.663795413],[137.3773159,-4.663717936],[137.3773276,-4.663761361]],[[137.3773276,-4.663761361],[137.3773407,-4.663815533],[137.3773265,-4.663747657],[137.377203,-4.663987731]],[[137.377203,-4.663987731],[137.376845,-4.664210306],[137.3767823,-4.664403186]],[[137.3767823,-4.664403186],[137.3765496,-4.664607017]],[[137.3765496,-4.664607017],[137.3763709,-4.664571005],[137.3762191,-4.664670417],[137.3758491,-4.664744793],[137.3758075,-4.66493089],[137.3754274,-4.665340534]],[[137.3754274,-4.665340534],[137.3749917,-4.665984095],[137.3748542,-4.666106058],[137.374879,-4.666096975],[137.374831,-4.666001136]],[[137.374831,-4.666001136],[137.3746445,-4.665988016],[137.3744874,-4.666035207],[137.3739085,-4.666019724],[137.373767,-4.666046501]],[[137.373767,-4.666046501],[137.3736677,-4.665883248],[137.3735332,-4.665962233]],[[137.3735332,-4.665962233],[137.3732699,-4.666325111],[137.3726506,-4.666564802],[137.372081,-4.666651296]],[[137.372081,-4.666651296],[137.372067,-4.666666395]],[[137.372067,-4.666666395],[137.3718192,-4.666798947]],[[137.3718192,-4.666798947],[137.371702,-4.666893046],[137.3713306,-4.666798644]],[[137.3713306,-4.666798644],[137.3709696,-4.666661752],[137.3708945,-4.666570366],[137.3707891,-4.666592333],[137.3706664,-4.666791602],[137.3704278,-4.666902754],[137.3703816,-4.667099551],[137.3702442,-4.667237127]],[[137.3702442,-4.667237127],[137.3701894,-4.667310025]],[[137.3701894,-4.667310025],[137.3701975,-4.667288799],[137.3703821,-4.667481294],[137.370614,-4.667659409],[137.3709208,-4.667572596],[137.3712673,-4.667548626]],[[137.3712673,-4.667548626],[137.371281,-4.667573342]],[[137.371281,-4.667573342],[137.3712443,-4.66749681],[137.3712398,-4.667602378],[137.3713597,-4.667842681]],[[137.3713597,-4.667842681],[137.3714037,-4.667952596],[137.3713415,-4.668169886]],[[137.3713415,-4.668169886],[137.3712863,-4.66807668],[137.3712712,-4.668255201]],[[137.3712712,-4.668255201],[137.3712613,-4.66811445]],[[137.3712613,-4.66811445],[137.3713465,-4.667998473],[137.371358,-4.66784359],[137.3713022,-4.667672401],[137.3711796,-4.667661347],[137.3711941,-4.66755303]],[[137.3711941,-4.66755303],[137.3708903,-4.667586177],[137.3703225,-4.667566594]],[[137.3703225,-4.667566594],[137.3702731,-4.667633627],[137.3703365,-4.667755001],[137.370243,-4.667874634]],[[137.370243,-4.667874634],[137.3701766,-4.667950467]],[[137.3701766,-4.667950467],[137.3701071,-4.667985433],[137.3700448,-4.66793637],[137.3699935,-4.667939699],[137.3699281,-4.667986884],[137.3700161,-4.668250055]],[[137.3700161,-4.668250055],[137.3700203,-4.668293194]],[[137.3700203,-4.668293194],[137.3699948,-4.668259835],[137.3700253,-4.66827639]],[[137.3700253,-4.66827639],[137.3700038,-4.668161981],[137.369918,-4.667993966],[137.3699888,-4.667942069],[137.3701081,-4.667995338],[137.3701612,-4.667957637]],[[137.3701607,-4.667958515],[137.3702135,-4.667883997]],[[137.3702135,-4.667883997],[137.3702117,-4.66788948]],[[137.3702117,-4.66788948],[137.3701106,-4.667992964],[137.3699867,-4.667942066]],[[137.3699867,-4.667942066],[137.3699235,-4.667992058],[137.3699534,-4.668047895]],[[137.3699534,-4.668047895],[137.3699633,-4.668066318]],[[137.3699633,-4.668066318],[137.3699223,-4.667996848],[137.3700064,-4.667943085],[137.3701585,-4.667993825]],[[137.3701585,-4.667993825],[137.37024,-4.667983635]],[[137.37024,-4.667983635],[137.3702925,-4.668035175]],[[137.3702925,-4.668035175],[137.3702986,-4.668025052]],[[137.3702986,-4.668025052],[137.3701064,-4.667990611],[137.3700337,-4.667943132],[137.3699828,-4.667939704],[137.3699102,-4.667993656]],[[137.3699102,-4.667993656],[137.3700137,-4.668161286],[137.3700311,-4.668262624]],[[137.3700311,-4.668262624],[137.369616,-4.668681825]],[[137.369615,-4.668681715],[137.3694219,-4.668841746],[137.3693403,-4.6692591],[137.369373,-4.669374036]],[[137.3693722,-4.669374191],[137.3692918,-4.669718999]],[[137.369292,-4.669719688],[137.3691583,-4.670182954]],[[137.3691583,-4.670182954],[137.3691255,-4.670638562]],[[137.3691255,-4.670638562],[137.3692004,-4.67077694],[137.3691471,-4.670918813],[137.3691642,-4.670967657]],[[137.3691642,-4.670967657],[137.3692591,-4.671099566],[137.3693789,-4.671132729],[137.369314,-4.671401611],[137.3694007,-4.671413952]],[[137.3694007,-4.671413952],[137.3693617,-4.671424963],[137.3694005,-4.671474922]],[[137.3694005,-4.671474922],[137.3693769,-4.671444106],[137.3696,-4.671420514]],[[137.3696,-4.671420514],[137.3697503,-4.671446219],[137.3698519,-4.671506583],[137.3698746,-4.67165041]],[[137.3698746,-4.67165041],[137.3697941,-4.671731124],[137.3698245,-4.671825527]],[[137.3698245,-4.671825527],[137.36973,-4.67212412],[137.3695506,-4.672322839]],[[137.3695506,-4.672322839],[137.3694934,-4.672632008],[137.3693209,-4.672831504]],[[137.3693209,-4.672831504],[137.369351,-4.672790915],[137.3691731,-4.672816176],[137.3691309,-4.672927903]],[[137.3691309,-4.672927903],[137.3691376,-4.672907279],[137.3690492,-4.672916267],[137.3689979,-4.672959957]],[[137.3689979,-4.672959957],[137.3690828,-4.672900215],[137.3689147,-4.672853892]],[[137.3689147,-4.672853892],[137.3688797,-4.672880232],[137.3688618,-4.672846772]],[[137.3688618,-4.672846772],[137.3686603,-4.673002707]],[[137.3686603,-4.673002707],[137.3685302,-4.673069513],[137.368583,-4.673135799]],[[137.368583,-4.673135799],[137.368569,-4.673118603],[137.3686487,-4.673119739],[137.3686468,-4.673145905]],[[137.3686468,-4.673145905],[137.3686341,-4.673201116],[137.3688048,-4.67309045],[137.3688546,-4.673099443]],[[137.3688546,-4.673099443],[137.3686998,-4.673271026],[137.3685138,-4.673255822],[137.3684115,-4.673326522]],[[137.3684115,-4.673326522],[137.3685288,-4.67338869]],[[137.3685288,-4.67338869],[137.368692,-4.673726186],[137.3686385,-4.673808436],[137.3683014,-4.673802359],[137.3682519,-4.673886423]],[[137.3682519,-4.673886423],[137.3679648,-4.674312408],[137.3678366,-4.674394971]],[[137.3678366,-4.674394971],[137.3676145,-4.674510035],[137.367266,-4.674878128],[137.3671553,-4.675003281],[137.3671822,-4.675135233],[137.3671161,-4.675198163]],[[137.3671161,-4.675198163],[137.3670398,-4.675232574],[137.3668397,-4.675500906],[137.3664293,-4.675793595]],[[137.3664293,-4.675793595],[137.3661231,-4.676141493],[137.3660529,-4.676310004]],[[137.3660529,-4.676310004],[137.366081,-4.676370487],[137.3661084,-4.676958679]],[[137.3661084,-4.676958679],[137.3660666,-4.677376838],[137.3659996,-4.67756047]],[[137.3659996,-4.67756047],[137.3661537,-4.677925479],[137.3660851,-4.678126141],[137.366245,-4.678289769]],[[137.366245,-4.678289769],[137.366081,-4.678724041],[137.3660594,-4.679022443]],[[137.3660594,-4.679022443],[137.3660403,-4.679164868],[137.3657241,-4.679218412]],[[137.3657241,-4.679218412],[137.3657257,-4.67923783]],[[137.3657257,-4.67923783],[137.3657563,-4.679323482]],[[137.3657563,-4.679323482],[137.3656255,-4.679363195]],[[137.3656255,-4.679363195],[137.3656916,-4.679424188],[137.3658285,-4.679354271],[137.3659126,-4.679396825],[137.3661564,-4.679434693]],[[137.3661564,-4.679434693],[137.3664407,-4.679290451],[137.3666084,-4.679280529]],[[137.3666084,-4.679280529],[137.3668672,-4.679270415],[137.367101,-4.679441588],[137.3671676,-4.679588148]],[[137.3671676,-4.679588148],[137.3672953,-4.680048769],[137.3674047,-4.680173649],[137.3675464,-4.680219497]],[[137.3675464,-4.680219497],[137.3675854,-4.680115236],[137.3676747,-4.680074443],[137.3677606,-4.680090738],[137.3680176,-4.680045274]],[[137.3680176,-4.680045274],[137.368018,-4.680044548]],[[137.3680176,-4.680045274],[137.3679821,-4.680068714],[137.3676089,-4.680077726],[137.3674667,-4.680137106],[137.3672969,-4.680043059],[137.3672318,-4.679859012],[137.3672126,-4.679673176]],[[137.3672126,-4.679673176],[137.3669367,-4.679218105],[137.3670338,-4.679052523]],[[137.3670338,-4.679052523],[137.3670962,-4.678994707]],[[137.3670962,-4.678994707],[137.3670546,-4.678997061],[137.3670616,-4.67910825],[137.3671141,-4.679063691]],[[137.3671141,-4.679063691],[137.3670851,-4.679073848]],[[137.3670851,-4.679073848],[137.3669332,-4.679088884],[137.3663811,-4.679367632]],[[137.3663811,-4.679367632],[137.3662312,-4.679364127],[137.3660927,-4.679199161],[137.3658292,-4.679229961],[137.3655358,-4.678745073]],[[137.3655359,-4.678745068],[137.3656216,-4.678878032],[137.3655797,-4.678760108]],[[137.3655799,-4.678760223],[137.365453,-4.678543706]],[[137.365453,-4.678543706],[137.3651101,-4.67830168]],[[137.3651101,-4.67830168],[137.3650723,-4.678194265]],[[137.3650723,-4.678194265],[137.3641095,-4.677623279]],[[137.3641095,-4.677623279],[137.3640236,-4.677565502],[137.3637157,-4.677568956]],[[137.3637157,-4.677568956],[137.3633525,-4.677753605]],[[137.3633558,-4.677754178],[137.3631211,-4.677899984],[137.3629425,-4.678125095]],[[137.3629425,-4.678125095],[137.3625409,-4.67833946],[137.3625445,-4.678460871],[137.3624744,-4.678607072]],[[137.3624744,-4.678607072],[137.3624134,-4.678694689],[137.3623576,-4.678624988]],[[137.3623576,-4.678624988],[137.3622176,-4.678447273]],[[137.3622176,-4.678447273],[137.3621441,-4.678343963],[137.3620594,-4.678311166],[137.3619716,-4.678337845],[137.36189,-4.678444591]],[[137.36189,-4.678444591],[137.3616212,-4.678528045],[137.3613083,-4.678519731],[137.3612402,-4.678542643]],[[137.3612402,-4.678542643],[137.3608897,-4.678528782],[137.3608403,-4.67862735]],[[137.3608403,-4.67862735],[137.3607123,-4.678425375]],[[137.3607123,-4.678425375],[137.3606739,-4.678381613],[137.3603752,-4.67825402]],[[137.3603752,-4.67825402],[137.3603472,-4.678175368],[137.3603234,-4.678185931]],[[137.3603234,-4.678185931],[137.3602453,-4.678248122],[137.3600658,-4.678222236]],[[137.3600658,-4.678222236],[137.3600037,-4.678201705]],[[137.3600037,-4.678201705],[137.3597229,-4.678124785],[137.3594176,-4.678310335]],[[137.3594176,-4.678310335],[137.359359,-4.678357881]],[[137.3593589,-4.678358215],[137.359316,-4.678290793],[137.359273,-4.678284776]],[[137.359273,-4.678284776],[137.3589311,-4.678338576]],[[137.3589311,-4.678338576],[137.3588733,-4.678283627],[137.3588364,-4.678312968],[137.3589298,-4.678200844]],[[137.3589298,-4.678200844],[137.3589182,-4.67821672]],[[137.3589182,-4.67821672],[137.358871,-4.678280533],[137.3589145,-4.678339016],[137.3591256,-4.678358217],[137.35916,-4.678315548]],[[137.35916,-4.678315548],[137.3592342,-4.678260752]],[[137.3592342,-4.678260752],[137.3592146,-4.678284501],[137.3592333,-4.678259991],[137.3591295,-4.678267264],[137.3591733,-4.678240305]],[[137.3591733,-4.678240305],[137.359202,-4.678195749]],[[137.359202,-4.678195749],[137.3591167,-4.678360425],[137.3589729,-4.678359939],[137.3589176,-4.678336985],[137.3588857,-4.678276661]],[[137.3588857,-4.678276661],[137.3589208,-4.678230936],[137.3588526,-4.678166757],[137.358794,-4.678207289],[137.3587561,-4.678178491]],[[137.3587561,-4.678178491],[137.3587316,-4.678160468],[137.3587559,-4.678174828],[137.3586466,-4.678253818]],[[137.3586466,-4.678253818],[137.358531,-4.678326682]],[[137.358531,-4.678326682],[137.3584461,-4.678389999],[137.3583675,-4.678552951],[137.3579514,-4.678680781],[137.3578228,-4.678669864]],[[137.3578228,-4.678669864],[137.3577063,-4.678692385],[137.3577064,-4.678670471]],[[137.3577064,-4.678670471],[137.3576808,-4.679169571]],[[137.3576808,-4.679169571],[137.3578339,-4.679488495],[137.3579648,-4.679604732]],[[137.3579648,-4.679604732],[137.3579595,-4.679674723],[137.3580581,-4.679757552],[137.3581581,-4.68007086]],[[137.3581581,-4.68007085],[137.3581882,-4.680366305]],[[137.3581882,-4.680366305],[137.3582297,-4.680669505],[137.3580735,-4.681072304]],[[137.3580735,-4.681072329],[137.3580912,-4.681121298],[137.3579431,-4.681571392]],[[137.3579431,-4.681571392],[137.3578953,-4.68175116],[137.3576301,-4.682028909],[137.357494,-4.682090944],[137.3573449,-4.682395712]],[[137.3573449,-4.682395742],[137.3573926,-4.68255346],[137.357455,-4.683344024],[137.3574937,-4.683500053]],[[137.3574937,-4.68350005],[137.3574985,-4.683520585]],[[137.3574985,-4.683520613],[137.3574774,-4.683732582]],[[137.3574774,-4.683732582],[137.357471,-4.683865977],[137.3572951,-4.684077026],[137.356734,-4.684117004],[137.3566746,-4.684237315]],[[137.3566746,-4.684237315],[137.3565267,-4.684435747],[137.3562752,-4.68457822]],[[137.3562752,-4.68457822],[137.3562404,-4.684732943],[137.3561815,-4.684720166]],[[137.3561815,-4.684720147],[137.3562005,-4.684979889],[137.3561308,-4.685133296]],[[137.3561309,-4.685136363],[137.3557263,-4.685246431],[137.3556709,-4.685179545]],[[137.3556716,-4.685179414],[137.3557228,-4.685249898],[137.3555156,-4.685505928],[137.355233,-4.68557882],[137.3551053,-4.68571075],[137.3550704,-4.68596196]],[[137.3550701,-4.685965199],[137.3547977,-4.686436527],[137.3547297,-4.686642423]],[[137.3547297,-4.686642445],[137.3543971,-4.686836811],[137.3543125,-4.687027776],[137.3543902,-4.687163211]],[[137.3543902,-4.68716327],[137.3545153,-4.687259946],[137.3544745,-4.687184856]],[[137.3544744,-4.687184838],[137.3544504,-4.687368581]],[[137.3544504,-4.687368584],[137.3544111,-4.687433072],[137.3543862,-4.687685007],[137.3540271,-4.687932383]],[[137.3540271,-4.687932383],[137.3538771,-4.688163647],[137.3536453,-4.688389988],[137.353581,-4.688671366]],[[137.353581,-4.688671366],[137.3535755,-4.68862237],[137.3537284,-4.688851743],[137.3536993,-4.689011514],[137.353432,-4.689277037]],[[137.353432,-4.689277037],[137.3534359,-4.689608169],[137.3533725,-4.690159117]],[[137.3533725,-4.690159117],[137.3531203,-4.690461838],[137.352835,-4.691071766]],[[137.352835,-4.691071766],[137.3527136,-4.691677355],[137.3527569,-4.69174091]],[[137.3527609,-4.691745781],[137.3528973,-4.691885203],[137.3531027,-4.692200798]],[[137.3531027,-4.692200798],[137.3531826,-4.692565743],[137.3529998,-4.693054349]],[[137.3529998,-4.693054349],[137.3527271,-4.693414862],[137.3531285,-4.694173258]],[[137.3531285,-4.694173258],[137.3534192,-4.694773143]],[[137.3534192,-4.694773143],[137.3531382,-4.695388296]],[[137.3531382,-4.695388296],[137.3530923,-4.695448615],[137.3530238,-4.695341551],[137.3530826,-4.695226148],[137.3530064,-4.69520223]],[[137.3530064,-4.69520223],[137.3531841,-4.695258575],[137.3531023,-4.69569403],[137.3533154,-4.695971196],[137.3537174,-4.696268452]],[[137.3537174,-4.696268452],[137.3538629,-4.696297895],[137.353963,-4.696472234],[137.3541287,-4.696646]],[[137.3541287,-4.696646],[137.3545073,-4.696795767],[137.3545633,-4.697072168]],[[137.3545633,-4.69707217],[137.354695,-4.697312274]],[[137.354695,-4.697312279],[137.3545968,-4.697567588]],[[137.3545968,-4.697567545],[137.3546066,-4.69777896]],[[137.3546066,-4.697778965],[137.3546297,-4.698369231]],[[137.3546297,-4.698369232],[137.3548913,-4.698970855]],[[137.3548913,-4.69897086],[137.3551126,-4.699352724],[137.3551714,-4.699515978]],[[137.3551714,-4.699515978],[137.3549064,-4.699646904]],[[137.3549064,-4.699646906],[137.3549828,-4.699608964],[137.3549486,-4.69960318]],[[137.3549486,-4.699603172],[137.3548729,-4.699774844]],[[137.3548729,-4.699774873],[137.3548201,-4.699887312],[137.3550587,-4.700147219],[137.3550896,-4.700149113]],[[137.3550896,-4.700149125],[137.355204,-4.700258086],[137.355301,-4.700638614],[137.3554133,-4.700830267]],[[137.3554134,-4.700830299],[137.3554607,-4.700866519],[137.3557323,-4.700929564],[137.3557978,-4.700985042]],[[137.3557978,-4.700985018],[137.3560462,-4.701561756]],[[137.3560462,-4.701561756],[137.3560691,-4.701836457],[137.3560246,-4.702421906]],[[137.3560246,-4.702421904],[137.3560721,-4.702518834],[137.3558247,-4.70281531]],[[137.3558247,-4.70281531],[137.3557866,-4.702910808],[137.3556788,-4.703014867],[137.3556639,-4.703217512],[137.3554965,-4.703451028]],[[137.3554965,-4.703451028],[137.3554735,-4.703486514],[137.3555507,-4.703564522],[137.3555508,-4.704095418]],[[137.3555508,-4.704095418],[137.3557544,-4.704769196]],[[137.3557544,-4.704769196],[137.3559372,-4.704881952],[137.3559638,-4.704987928],[137.3561146,-4.705152221],[137.3561769,-4.705311974]],[[137.3561769,-4.705311974],[137.3562309,-4.705434367],[137.3561615,-4.705691697]],[[137.3561615,-4.705691697],[137.3563896,-4.70616067],[137.3564725,-4.706139342]],[[137.3564725,-4.706139342],[137.3566527,-4.706176154]],[[137.3566527,-4.706176154],[137.3566066,-4.706185459],[137.3567012,-4.706322591]],[[137.3567012,-4.706322591],[137.3567991,-4.70614756],[137.3567269,-4.706200818]],[[137.3567269,-4.706200818],[137.3567276,-4.706199975]],[[137.3567269,-4.706200818],[137.3569496,-4.706375193]],[[137.3569496,-4.706375193],[137.3572753,-4.706670176]],[[137.3572753,-4.706670176],[137.3574963,-4.706956276],[137.3576083,-4.707038765]],[[137.3576083,-4.707038765],[137.357697,-4.707276716],[137.3580139,-4.70767126]],[[137.3580139,-4.70767126],[137.3583534,-4.707752617],[137.3584178,-4.707794466]],[[137.3584178,-4.707794466],[137.3585502,-4.70798614],[137.3586632,-4.708481319]],[[137.3586632,-4.708481319],[137.3585251,-4.708712818]],[[137.3585251,-4.708712818],[137.3585079,-4.708759605],[137.3586313,-4.709221804]],[[137.3586313,-4.709221804],[137.3586211,-4.709447752]],[[137.3586211,-4.709447752],[137.3586829,-4.709607446],[137.3587087,-4.709900795]],[[137.3587087,-4.709900795],[137.3585932,-4.710078065],[137.3586245,-4.710380882]],[[137.3586245,-4.710380882],[137.3585631,-4.710380899],[137.3585665,-4.710432051]],[[137.3585665,-4.710432051],[137.3582374,-4.710716168]],[[137.3582374,-4.710716168],[137.3578956,-4.710789033]],[[137.3578956,-4.710789033],[137.3574724,-4.711008266]],[[137.3574724,-4.711008266],[137.3574253,-4.711102785],[137.3571864,-4.711185222]],[[137.3571864,-4.711185222],[137.3574673,-4.711085712],[137.3575238,-4.710987648],[137.3578547,-4.71081319],[137.3578926,-4.710724621]],[[137.3578926,-4.710724621],[137.3578209,-4.71036391]],[[137.3578209,-4.71036391],[137.3578133,-4.710309219],[137.3577158,-4.71033]],[[137.3577158,-4.71033],[137.3577991,-4.710308244],[137.3578687,-4.710666805]],[[137.3578687,-4.710666805],[137.3581438,-4.710953124]],[[137.3581432,-4.710950653],[137.358188,-4.711054363],[137.3584481,-4.711279162],[137.3585242,-4.711296214]],[[137.3585242,-4.711296214],[137.3585203,-4.711294898]],[[137.3585203,-4.711294898],[137.3584606,-4.711231623],[137.3584245,-4.711326382],[137.3585362,-4.711430723]],[[137.3585362,-4.711430723],[137.3588779,-4.711659488]],[[137.3588779,-4.711659488],[137.3590907,-4.711788054],[137.359241,-4.711957622],[137.3593452,-4.712144198]],[[137.3593452,-4.712144198],[137.3593125,-4.712378583],[137.3591973,-4.7125718]],[[137.3591973,-4.7125718],[137.3589506,-4.712751566],[137.3589039,-4.712916466]],[[137.3589039,-4.712916466],[137.3588314,-4.712933]],[[137.3588314,-4.712933],[137.3588814,-4.712932969],[137.359132,-4.713119452],[137.3592201,-4.71324708]],[[137.3592201,-4.71324708],[137.3592464,-4.713716234]],[[137.3592464,-4.713716234],[137.3593773,-4.713799845],[137.3598427,-4.713543935]],[[137.3598427,-4.713543935],[137.3601533,-4.713384845]],[[137.3601533,-4.713384845],[137.3603022,-4.713310869],[137.3606505,-4.7132943]],[[137.3606505,-4.7132943],[137.3607741,-4.713291584]],[[137.3607741,-4.713291584],[137.360522,-4.713304708],[137.3603575,-4.713454234]],[[137.3603575,-4.713454234],[137.3602468,-4.713637199],[137.3602055,-4.713832355]],[[137.3602055,-4.713832355],[137.3602131,-4.713856716]],[[137.3602131,-4.713856716],[137.3602074,-4.714011234]],[[137.3602074,-4.714011234],[137.3602054,-4.713977579],[137.360279,-4.714076599],[137.3602977,-4.714257042],[137.3604721,-4.714410814]],[[137.3604721,-4.714410814],[137.3604976,-4.714475985]],[[137.3604976,-4.714475985],[137.360532,-4.714673977],[137.3604828,-4.714858998]],[[137.3604828,-4.714858998],[137.3604387,-4.715000307]],[[137.3604387,-4.715000307],[137.3604523,-4.715155115],[137.3605087,-4.7152783]],[[137.3605087,-4.7152783],[137.3607307,-4.715792618]],[[137.3607307,-4.715792618],[137.3607435,-4.71581969],[137.360851,-4.715816918],[137.3609836,-4.71586063],[137.3609949,-4.716056187]],[[137.3609949,-4.716056187],[137.3611996,-4.716245268],[137.3612982,-4.716453018]],[[137.3612982,-4.716453018],[137.361391,-4.716688538],[137.3615356,-4.716865251]],[[137.3615356,-4.716865251],[137.3617499,-4.717079319],[137.3617305,-4.71722753]],[[137.3617305,-4.71722753],[137.3618142,-4.717341864],[137.3617673,-4.717506646],[137.3619352,-4.717578049],[137.3619536,-4.717636335],[137.3620073,-4.717672796]],[[137.3620073,-4.717672796],[137.3622483,-4.717866471]],[[137.3622483,-4.717866471],[137.3622315,-4.717922275],[137.3622621,-4.718007155]],[[137.3622621,-4.718007155],[137.3622255,-4.718128471],[137.3622516,-4.718193845]],[[137.3622516,-4.718193845],[137.3622688,-4.718221342],[137.3622147,-4.718292015]],[[137.3622147,-4.718292015],[137.3622625,-4.718177664],[137.3623922,-4.718300028]],[[137.3623922,-4.718300028],[137.3623601,-4.718256711],[137.3625056,-4.718244942],[137.3626638,-4.718348337],[137.3630759,-4.718344754],[137.3631509,-4.718407494]],[[137.3631509,-4.718407494],[137.3633694,-4.718654993],[137.3636596,-4.718880112],[137.3637667,-4.718872094]],[[137.3637667,-4.718872094],[137.3641931,-4.718951552],[137.3642502,-4.719019425]],[[137.3642502,-4.719019423],[137.3642772,-4.719058311]],[[137.3642772,-4.719058311],[137.3642388,-4.71902556],[137.3642762,-4.719142691],[137.3643417,-4.71916021]],[[137.3643417,-4.71916021],[137.3643527,-4.719204962],[137.3642826,-4.719271809],[137.3643346,-4.719392299]],[[137.3643346,-4.719392299],[137.3643751,-4.719397151],[137.3644294,-4.719536137]],[[137.3644294,-4.719536137],[137.3644592,-4.719587741],[137.3644488,-4.719654198]],[[137.3644488,-4.719654198],[137.3644978,-4.719726607],[137.3644267,-4.719923416],[137.3644282,-4.720093627]],[[137.3644282,-4.720093627],[137.3646153,-4.720193894],[137.3648371,-4.720235188]],[[137.3648371,-4.720235188],[137.3648076,-4.720218931],[137.3646172,-4.720341068]],[[137.3646172,-4.720341068],[137.3645401,-4.720403194],[137.3646057,-4.72047872],[137.3646389,-4.720705726]],[[137.3646389,-4.720705726],[137.3646634,-4.720694193],[137.3647651,-4.720799392]],[[137.3647651,-4.720799392],[137.3649942,-4.720859405],[137.3650704,-4.720836595],[137.365202,-4.72088754]],[[137.365202,-4.72088754],[137.3653006,-4.720920381],[137.3655117,-4.721069152]],[[137.3655117,-4.721069152],[137.3659423,-4.721237555]],[[137.3659423,-4.721237555],[137.3662631,-4.72118529]],[[137.3662631,-4.72118529],[137.3664004,-4.721048304],[137.3667055,-4.720891319]],[[137.3667055,-4.720891319],[137.3668141,-4.720957238],[137.3669212,-4.720941088]],[[137.3669212,-4.720941088],[137.3671642,-4.720812719]],[[137.3671642,-4.720812719],[137.367506,-4.720789758]],[[137.367506,-4.720789758],[137.3678636,-4.720646854],[137.3680058,-4.720661997]],[[137.3680058,-4.720661997],[137.3679712,-4.720652187],[137.3681945,-4.72059993]],[[137.3681945,-4.72059993],[137.368171,-4.720595132],[137.3682284,-4.720565865],[137.3685593,-4.72066856]],[[137.3685593,-4.72066856],[137.3687138,-4.720740058]],[[137.3687138,-4.720740058],[137.3687717,-4.720812989]],[[137.3687717,-4.720812989],[137.3687682,-4.720752334],[137.3688448,-4.720752964]],[[137.3688448,-4.720752964],[137.3690158,-4.720730627]],[[137.3690158,-4.720730627],[137.3691294,-4.720718704],[137.3694376,-4.720837958]],[[137.3694376,-4.720837958],[137.3695912,-4.720835503],[137.3697178,-4.720883456],[137.3698785,-4.7210754],[137.3698812,-4.72116739]],[[137.3698812,-4.72116739],[137.3699207,-4.721307281],[137.3700795,-4.721381289],[137.3700677,-4.721671433]],[[137.3700677,-4.721671433],[137.3702257,-4.721802737]],[[137.3702257,-4.721802737],[137.3706516,-4.721847311],[137.3707356,-4.721767781]],[[137.3707356,-4.721767781],[137.3709027,-4.721558434]],[[137.3709027,-4.721558434],[137.3710602,-4.7213902]],[[137.3710602,-4.7213902],[137.3711236,-4.721324813],[137.3712242,-4.721432537],[137.3713838,-4.721511162]],[[137.3713838,-4.721511162],[137.3715391,-4.721577182],[137.3716199,-4.721724441]],[[137.3716199,-4.721724441],[137.3719687,-4.721792969]],[[137.3719687,-4.721792969],[137.37217,-4.721941958],[137.3723066,-4.721947183]],[[137.3723066,-4.721947183],[137.3725065,-4.721951411],[137.3725334,-4.722026219],[137.3727123,-4.72211513]],[[137.3727123,-4.72211513],[137.3728794,-4.722350795]],[[137.3728794,-4.722350795],[137.372941,-4.722481995],[137.3729096,-4.722559389],[137.3727771,-4.722647904]],[[137.3727771,-4.722647904],[137.3727135,-4.722716181],[137.3727218,-4.722899902],[137.3726735,-4.723077261]],[[137.3726735,-4.723077261],[137.3726058,-4.723111807],[137.3725295,-4.723228624]],[[137.3725295,-4.723228624],[137.3724994,-4.723243848],[137.372584,-4.723254792],[137.3726493,-4.723371924],[137.3727121,-4.723408601],[137.3727459,-4.723536866]],[[137.3727459,-4.723536866],[137.3727522,-4.723678141]],[[137.3727522,-4.723678141],[137.3728324,-4.723716707]],[[137.3728324,-4.723716707],[137.372903,-4.723762899],[137.3728629,-4.723872001]],[[137.3728629,-4.723872001],[137.3726687,-4.724104917]],[[137.3726687,-4.724104917],[137.3724944,-4.724743536]],[[137.3724944,-4.724743536],[137.3725931,-4.724866135]],[[137.3725931,-4.724866135],[137.3728606,-4.725301059]],[[137.3728606,-4.725301059],[137.373074,-4.725332452],[137.3733348,-4.724985073]],[[137.3733348,-4.724985073],[137.3734953,-4.725076748]],[[137.3734953,-4.725076748],[137.3736174,-4.725269781]],[[137.3736174,-4.725269781],[137.3739451,-4.725475908],[137.3740503,-4.725487226]],[[137.3740503,-4.725487226],[137.3740498,-4.725486703]],[[137.3740503,-4.725487226],[137.3742355,-4.725800986]],[[137.3742355,-4.725800986],[137.3741159,-4.726014095]],[[137.3741159,-4.726014095],[137.3740862,-4.72636276]],[[137.3740862,-4.72636276],[137.3736716,-4.726457674]],[[137.3736716,-4.726457674],[137.3739913,-4.726644111]],[[137.3739913,-4.726644111],[137.3741311,-4.726662197],[137.3742571,-4.726765546]],[[137.3742571,-4.726765546],[137.3743818,-4.726887385]],[[137.3743818,-4.726887385],[137.3743902,-4.726891384]],[[137.3743902,-4.726891384],[137.3744679,-4.726954343],[137.3741832,-4.727165464]],[[137.3741832,-4.727165464],[137.3741485,-4.727368694],[137.3742291,-4.727594534]],[[137.3742291,-4.727594534],[137.3744138,-4.727862144],[137.3744374,-4.728133347]],[[137.3744374,-4.728133347],[137.3745784,-4.72831533]],[[137.3745784,-4.72831533],[137.3748702,-4.728254427],[137.3748789,-4.728286532]],[[137.3748789,-4.728286532],[137.3753044,-4.728258308]],[[137.3753044,-4.728258308],[137.3754971,-4.728620533],[137.3754786,-4.728672026]],[[137.3754786,-4.728672026],[137.3754971,-4.728614946],[137.3754217,-4.728612653],[137.375406,-4.72865944]],[[137.375406,-4.72865944],[137.3756381,-4.728628027]],[[137.375638,-4.72862828],[137.3753223,-4.728596445]],[[137.3753223,-4.728596445],[137.375377,-4.728668753]],[[137.375377,-4.728668753],[137.3755091,-4.728685028],[137.3755415,-4.72872758]],[[137.3755415,-4.72872758],[137.3755783,-4.72878024],[137.3758409,-4.72870428],[137.3759722,-4.728903995],[137.3759625,-4.728984537]],[[137.3759625,-4.728984537],[137.3758658,-4.729251072],[137.3760801,-4.72929008]],[[137.3760801,-4.72929008],[137.376072,-4.729378077]],[[137.376072,-4.729378077],[137.3760685,-4.729480764],[137.3763639,-4.729507746],[137.3763844,-4.729596265]],[[137.3763844,-4.729596265],[137.3764085,-4.729685876],[137.3762842,-4.729821319]],[[137.3762842,-4.729821319],[137.3768003,-4.729268165]],[[137.3768003,-4.729268165],[137.3771044,-4.729128207]],[[137.3771044,-4.729128207],[137.3772171,-4.729036093],[137.3772636,-4.728875551],[137.3772086,-4.728805]],[[137.3772086,-4.728805],[137.3773784,-4.728404313],[137.3775079,-4.728332356],[137.3776489,-4.728412667],[137.3776057,-4.728507098]],[[137.3776057,-4.728507098],[137.3777848,-4.728059133]],[[137.3777848,-4.728059133],[137.377645,-4.727958885],[137.3775902,-4.727678241],[137.3776848,-4.727465283],[137.3779811,-4.727333444],[137.3780812,-4.727352166],[137.3782727,-4.727474381]],[[137.3782727,-4.727474381],[137.3783156,-4.727362058],[137.3785344,-4.727253277],[137.3786895,-4.726919726]],[[137.3786895,-4.726919726],[137.3789228,-4.726826196]],[[137.3789228,-4.726826196],[137.3791286,-4.726705939],[137.3793356,-4.726439083]],[[137.3793356,-4.726439083],[137.3795095,-4.726168559],[137.3798024,-4.725999722]],[[137.3798024,-4.725999722],[137.3798526,-4.725827945]],[[137.3798528,-4.725828046],[137.379957,-4.725590626]],[[137.379957,-4.725590626],[137.379956,-4.725589024]],[[137.379956,-4.725589024],[137.3803629,-4.724767763]],[[137.3803629,-4.724767763],[137.3805215,-4.724938397],[137.3807853,-4.724956005],[137.3808212,-4.725043395]],[[137.3808212,-4.725043395],[137.3812602,-4.72504688],[137.3815881,-4.724950623]],[[137.3815881,-4.724950623],[137.3815503,-4.724895247],[137.3815042,-4.725030409],[137.3813854,-4.725201121],[137.3814041,-4.725263909],[137.381546,-4.725289402]],[[137.381546,-4.725289402],[137.3815621,-4.725502783],[137.3816492,-4.725488998]],[[137.3816492,-4.725488998],[137.3816769,-4.725435005],[137.3817294,-4.725463085]],[[137.3817294,-4.725463085],[137.3816327,-4.725363864],[137.3815634,-4.725394337]],[[137.3815634,-4.725394337],[137.3814946,-4.725195551]],[[137.3814946,-4.725195551],[137.3814787,-4.725163024],[137.3811451,-4.725069888],[137.3809009,-4.724837155],[137.3805454,-4.724707769],[137.3801666,-4.724632511]],[[137.3801672,-4.72462721],[137.3800689,-4.724625356],[137.3799413,-4.724680795]],[[137.3799413,-4.724680795],[137.3797153,-4.724686909],[137.3796582,-4.724634097]],[[137.3796582,-4.724634097],[137.3796058,-4.724414313],[137.379505,-4.724192677]],[[137.379505,-4.724192677],[137.3791857,-4.72405036],[137.3791327,-4.723921364]],[[137.3791327,-4.723921364],[137.3791459,-4.723950434],[137.378631,-4.724446681]],[[137.378631,-4.724446681],[137.3781992,-4.724734571],[137.3780043,-4.724775692]],[[137.3780043,-4.724775692],[137.3778429,-4.724745679],[137.3777735,-4.724768421]],[[137.3777735,-4.724768421],[137.3774205,-4.72483236]],[[137.3774205,-4.72483236],[137.3771977,-4.724824424],[137.3772939,-4.724660326],[137.3773183,-4.724538721],[137.3773805,-4.724478364]],[[137.3773805,-4.724478364],[137.3774489,-4.724442589],[137.377397,-4.724361756],[137.3773816,-4.72439887]],[[137.3773816,-4.72439887],[137.3773818,-4.724388916]],[[137.3773818,-4.724388916],[137.3772925,-4.72425358]],[[137.3772925,-4.72425358],[137.3772578,-4.72417371],[137.3772471,-4.724196136]],[[137.3772471,-4.724196136],[137.3772471,-4.724164752],[137.3772812,-4.724209683]],[[137.3772812,-4.724209683],[137.3772814,-4.724209886]],[[137.3772812,-4.724209683],[137.377257,-4.724130754],[137.3771604,-4.724181838],[137.3771723,-4.724226284]],[[137.3771723,-4.724226284],[137.3774133,-4.724419224],[137.3774514,-4.724493232],[137.3773982,-4.724545948]],[[137.3773982,-4.724545948],[137.3773081,-4.724610046],[137.3771984,-4.724820269],[137.3773076,-4.724871915],[137.3775892,-4.725101598]],[[137.3775892,-4.725101598],[137.3776836,-4.725119619],[137.3777237,-4.725203952],[137.3780375,-4.72551206]],[[137.3780375,-4.72551206],[137.3781237,-4.725587531],[137.3785058,-4.725695511]],[[137.3785028,-4.725693925],[137.3785086,-4.725757618],[137.3786216,-4.725789404],[137.3786793,-4.725781961],[137.3787762,-4.725690315]],[[137.3787762,-4.725690315],[137.3790379,-4.725523915],[137.3790411,-4.725312398],[137.3793577,-4.724996562]],[[137.3793577,-4.724996562],[137.380064,-4.725076515],[137.3803161,-4.724944837]],[[137.3803161,-4.724944837],[137.3803371,-4.724835397]],[[137.3803371,-4.724835397],[137.3803374,-4.724815405]],[[137.3803374,-4.724815405],[137.3801013,-4.725068878],[137.3802386,-4.725218284],[137.3801905,-4.725571293]],[[137.3801905,-4.725571293],[137.3801305,-4.725660305],[137.3799784,-4.725741165],[137.3799749,-4.72565686]],[[137.3799749,-4.72565686],[137.3799788,-4.725744427],[137.3800279,-4.725755415],[137.3800082,-4.725662057]],[[137.3800082,-4.725662057],[137.379901,-4.725590486],[137.3794186,-4.725444713],[137.3790272,-4.725671921],[137.3788459,-4.725677038]],[[137.3788459,-4.725677038],[137.3784971,-4.725901324],[137.3781807,-4.725773693],[137.3780885,-4.725650652]],[[137.3780885,-4.725650652],[137.378061,-4.725592499]],[[137.378061,-4.725592499],[137.3781732,-4.725758339],[137.3783611,-4.725887008],[137.3784766,-4.726099444]],[[137.3784766,-4.726099444],[137.3784528,-4.726702037],[137.3784008,-4.726753227],[137.3784023,-4.726821624]],[[137.3784023,-4.726821624],[137.3784837,-4.727136235],[137.378336,-4.727344495]],[[137.378336,-4.727344495],[137.3783984,-4.727458568],[137.3783249,-4.727604943]],[[137.3783249,-4.727604943],[137.3783039,-4.727645712],[137.378251,-4.727605584]],[[137.378251,-4.727605584],[137.3781838,-4.727553994]],[[137.3781839,-4.727553994],[137.3776402,-4.728401472]],[[137.3776402,-4.728401472],[137.3775433,-4.728486049],[137.3775706,-4.728513543]],[[137.3775706,-4.728513543],[137.3777572,-4.728562287],[137.3777569,-4.728476748]],[[137.3777569,-4.728476748],[137.3778347,-4.72849881],[137.3778348,-4.728448996]],[[137.3778348,-4.728448996],[137.3780825,-4.728497315],[137.3779641,-4.728572329],[137.3779663,-4.728509359]],[[137.3779663,-4.728509359],[137.3781244,-4.728492185]],[[137.3781244,-4.728492185],[137.3782015,-4.728493292],[137.3781769,-4.72839445],[137.3781597,-4.728414175]],[[137.3781597,-4.728414175],[137.378397,-4.728385234],[137.3787494,-4.728501278]],[[137.3787494,-4.728501278],[137.379179,-4.728830069]],[[137.379179,-4.728830069],[137.3791446,-4.729158036],[137.379298,-4.729267743]],[[137.379298,-4.729267743],[137.3794686,-4.729391348],[137.3795694,-4.729273547]],[[137.3795694,-4.729273547],[137.3798444,-4.729068564],[137.3799346,-4.72906104],[137.3799963,-4.729148047]],[[137.3799963,-4.729148047],[137.380018,-4.729246554]],[[137.380018,-4.729246554],[137.3800235,-4.729279504],[137.3801238,-4.729316803]],[[137.3801238,-4.729316803],[137.3802838,-4.729366558],[137.3804457,-4.729292375]],[[137.3804457,-4.729292375],[137.3808298,-4.729290819],[137.3810829,-4.729126874]],[[137.3810829,-4.729126874],[137.3811571,-4.728473172]],[[137.3811571,-4.728473172],[137.3812775,-4.728147989],[137.3813302,-4.728090479]],[[137.3813302,-4.728090479],[137.3813198,-4.727906124],[137.3815395,-4.727720304]],[[137.3815395,-4.727720304],[137.381518,-4.727801312],[137.3819254,-4.727865779],[137.3819132,-4.727896602]],[[137.3819132,-4.727896602],[137.3818886,-4.727940295],[137.3818425,-4.727937581]],[[137.3818425,-4.727937581],[137.3818938,-4.72794072],[137.381983,-4.727741107],[137.382002,-4.727495824]],[[137.382002,-4.727495824],[137.3822634,-4.727270731],[137.3822628,-4.727188188]],[[137.3822628,-4.727188188],[137.3825658,-4.727057333],[137.3827254,-4.727076012],[137.3827072,-4.726991258]],[[137.3827072,-4.726991258],[137.3829687,-4.726604904]],[[137.3829687,-4.726604904],[137.3832703,-4.726505511],[137.3832908,-4.726357007]],[[137.3832908,-4.726357007],[137.3836784,-4.726189894],[137.3836627,-4.726109482]],[[137.3836627,-4.726109482],[137.3836534,-4.726078895]],[[137.3836534,-4.726078895],[137.3836548,-4.726073767]],[[137.3836548,-4.726073767],[137.3836646,-4.726024218]],[[137.3836646,-4.726024218],[137.3836252,-4.726159456],[137.38358,-4.72609359]],[[137.38358,-4.72609359],[137.3836007,-4.726126471],[137.3838787,-4.725838253],[137.38403,-4.725761914],[137.3841015,-4.725675502]],[[137.3841015,-4.725675502],[137.3841417,-4.725818936]],[[137.3841417,-4.725818936],[137.3841651,-4.725723398]],[[137.3841651,-4.725723398],[137.3841621,-4.725775206],[137.3836811,-4.726183937],[137.3832644,-4.726310158]],[[137.3832644,-4.726310158],[137.3832638,-4.72651244],[137.3830601,-4.726844694],[137.3828645,-4.727032267],[137.3827144,-4.726959001]],[[137.3827144,-4.726959001],[137.3827843,-4.726928071],[137.3827261,-4.726928921]],[[137.3827261,-4.726928921],[137.3831806,-4.726973689],[137.3834994,-4.727085328]],[[137.3834994,-4.727085328],[137.3836224,-4.727058568],[137.3840514,-4.727260007]],[[137.3840514,-4.727260007],[137.384315,-4.727480637],[137.384265,-4.727707174],[137.3843076,-4.727807373]],[[137.3843076,-4.727807373],[137.3841865,-4.727929904]],[[137.3841865,-4.727929904],[137.3839238,-4.728111145]],[[137.3839238,-4.728111145],[137.3840668,-4.72833075]],[[137.3840668,-4.72833075],[137.3839862,-4.728192826],[137.3839416,-4.728235229]],[[137.3839416,-4.728235229],[137.3837053,-4.728500966],[137.3837268,-4.728700942]],[[137.3837268,-4.728700942],[137.3837393,-4.728800313],[137.3836581,-4.728854498]],[[137.3836581,-4.728854498],[137.3836078,-4.728796191],[137.3833924,-4.729044259]],[[137.3833924,-4.729044259],[137.3833755,-4.728990308],[137.3833421,-4.72904711]],[[137.3833421,-4.72904711],[137.3833664,-4.7290835]],[[137.3833664,-4.7290835],[137.3832859,-4.729125389]],[[137.3832859,-4.729125389],[137.3833952,-4.729182837],[137.3835349,-4.729396753],[137.3835852,-4.729775395],[137.383535,-4.729871036]],[[137.383535,-4.729871036],[137.3834585,-4.730023933],[137.3833836,-4.730028456]],[[137.3833836,-4.730028456],[137.3832833,-4.730114903],[137.3830559,-4.73009604]],[[137.3830559,-4.73009604],[137.3834612,-4.730140192],[137.3834604,-4.730212379]],[[137.3834604,-4.730212379],[137.3834492,-4.730153934],[137.3834275,-4.730231055]],[[137.3834275,-4.730231055],[137.3834326,-4.730186098],[137.3836571,-4.730165901],[137.3836848,-4.730267293]],[[137.3836848,-4.730267293],[137.3837005,-4.730322607],[137.3835294,-4.73040543]],[[137.3835294,-4.73040543],[137.3835111,-4.730329785],[137.3835412,-4.730309149]],[[137.3835412,-4.730309149],[137.3834916,-4.730377399],[137.3836128,-4.730690496],[137.3835013,-4.730906537]],[[137.3835013,-4.730906537],[137.3834764,-4.730925027]],[[137.3834764,-4.730925027],[137.3834969,-4.730910247],[137.3835483,-4.73096827],[137.3833964,-4.731231802]],[[137.3833964,-4.731231802],[137.3833542,-4.731298846]],[[137.3833542,-4.731298846],[137.3831598,-4.731640515],[137.3832387,-4.731804661]],[[137.3832387,-4.731804661],[137.3834562,-4.732034394],[137.3835111,-4.732217019],[137.3834478,-4.732367683]],[[137.3834478,-4.732367683],[137.3833843,-4.732508148]],[[137.3833843,-4.732508148],[137.3833705,-4.732566385]],[[137.3833705,-4.732566385],[137.3834288,-4.732353752],[137.3829944,-4.732322723]],[[137.3829944,-4.732322723],[137.3829349,-4.732325579],[137.3828266,-4.732509329]],[[137.3828266,-4.732509329],[137.3828314,-4.73257612]],[[137.3828314,-4.732576118],[137.3828465,-4.732322522],[137.3824359,-4.732499966]],[[137.3824358,-4.732499966],[137.3823583,-4.7325952]],[[137.3823583,-4.7325952],[137.3824732,-4.73247491],[137.382346,-4.732406508],[137.3821699,-4.732527465]],[[137.3821699,-4.732527465],[137.3817823,-4.73281466],[137.3817461,-4.732950765]],[[137.3817461,-4.732950765],[137.3813252,-4.73333582]],[[137.3813252,-4.73333582],[137.3814215,-4.733537748],[137.3814253,-4.733651604]],[[137.3814253,-4.733651604],[137.381531,-4.73370337],[137.3815789,-4.733794211]],[[137.3815789,-4.733794211],[137.3816135,-4.734018843]],[[137.3816135,-4.734018843],[137.3815476,-4.734132365]],[[137.3815476,-4.734132365],[137.3815638,-4.734107971],[137.38132,-4.734112831],[137.3812094,-4.734054447],[137.3810904,-4.734082946],[137.3811598,-4.734070366]],[[137.3811598,-4.734070366],[137.3811277,-4.734084445],[137.3810493,-4.734004927],[137.3809903,-4.734043322]],[[137.3809903,-4.734043322],[137.3808926,-4.734121135],[137.3807612,-4.734332176],[137.3806833,-4.734254964]],[[137.3806833,-4.734254964],[137.3805402,-4.734525201],[137.3804793,-4.734582321]],[[137.3804793,-4.734582321],[137.3802434,-4.734704971]],[[137.3802448,-4.73470438],[137.3802434,-4.734704971]],[[137.3802448,-4.73470438],[137.3807718,-4.734307022],[137.3808234,-4.7343379]],[[137.3808234,-4.7343379],[137.3809005,-4.734424273],[137.3808232,-4.73461696],[137.3807301,-4.734745055]],[[137.3807301,-4.734745055],[137.3807283,-4.735180229],[137.380635,-4.735400951]],[[137.380635,-4.735400951],[137.3805671,-4.735701968],[137.3803557,-4.736122523]],[[137.3803557,-4.736122523],[137.3803699,-4.736221426],[137.3805046,-4.73634878],[137.380514,-4.736402289]],[[137.380514,-4.736402289],[137.3805077,-4.736368309],[137.3806431,-4.736469481],[137.3807729,-4.736488683]],[[137.3807729,-4.736488683],[137.3808686,-4.736524675],[137.3808534,-4.736615719]],[[137.3808534,-4.736615719],[137.380899,-4.736584744]],[[137.380899,-4.736584744],[137.3808895,-4.736558455],[137.3806622,-4.73662746],[137.3807534,-4.736721396]],[[137.3807534,-4.736721396],[137.3807784,-4.736736225]],[[137.3807784,-4.736736225],[137.3807878,-4.736749806]],[[137.3807877,-4.736750059],[137.3808318,-4.736774471]],[[137.3808318,-4.736774471],[137.3809504,-4.736956336]],[[137.3809504,-4.736956334],[137.38091,-4.736870137],[137.3809051,-4.736993104],[137.3808393,-4.737047606]],[[137.3808393,-4.737047606],[137.3808044,-4.737083211],[137.3807898,-4.737060714]],[[137.3807898,-4.737060714],[137.3807031,-4.737023903]],[[137.3807031,-4.737023903],[137.3808775,-4.737047697],[137.3808835,-4.736820561]],[[137.3808835,-4.736820561],[137.3807454,-4.736704611],[137.3807001,-4.736590657],[137.3805497,-4.736416021]],[[137.3805497,-4.736416021],[137.3803186,-4.736184874],[137.3805272,-4.735634101],[137.3806257,-4.735650052],[137.3806949,-4.735710155]],[[137.3806949,-4.735710155],[137.3808822,-4.735539914],[137.3810582,-4.735271384]],[[137.3810582,-4.735271384],[137.3810583,-4.735236698]],[[137.3810583,-4.735236698],[137.3811912,-4.735176335],[137.381659,-4.735099287]],[[137.381659,-4.735099287],[137.3822949,-4.735168936],[137.3824595,-4.735235096],[137.382562,-4.735159448]],[[137.382562,-4.735159448],[137.3832308,-4.735166007],[137.3834156,-4.734988701]],[[137.3834156,-4.734988701],[137.3836329,-4.734871693],[137.3838005,-4.734566345],[137.3839483,-4.734387776],[137.3841159,-4.734310907]],[[137.3841159,-4.734310907],[137.3851825,-4.734227578],[137.3855097,-4.734079965]],[[137.3855097,-4.734079965],[137.3855714,-4.734043037],[137.3861298,-4.732619342]],[[137.3861298,-4.732619342],[137.3869108,-4.732442386]],[[137.3869108,-4.732442386],[137.3872063,-4.73272509],[137.3873276,-4.732898827],[137.388016,-4.733184592]],[[137.388016,-4.733184592],[137.3881905,-4.733662806]],[[137.3881905,-4.733662806],[137.3881969,-4.733624054]],[[137.3881969,-4.733624054],[137.3882592,-4.733388753],[137.3883417,-4.733241898],[137.3888032,-4.732993515]],[[137.3888032,-4.732993515],[137.3888338,-4.732958772],[137.3889595,-4.732979872],[137.3890218,-4.733032773]],[[137.3890218,-4.733032773],[137.3890081,-4.732981284],[137.3891588,-4.732674639],[137.389459,-4.732500742]],[[137.389459,-4.732500742],[137.3894228,-4.732619059],[137.3895822,-4.732661239],[137.389987,-4.732015509]],[[137.389987,-4.732015509],[137.3900231,-4.731904204],[137.3907521,-4.731636697],[137.3911091,-4.731421855],[137.391268,-4.731062168]],[[137.391268,-4.731062168],[137.3912351,-4.730813646],[137.3910685,-4.730572398]],[[137.3910685,-4.730572398],[137.3910483,-4.730576194]],[[137.3910483,-4.730576194],[137.3909842,-4.730446778],[137.3909975,-4.730281115],[137.3908655,-4.730318283],[137.3908027,-4.730247337],[137.3908586,-4.730021806],[137.3909995,-4.729947963],[137.3910277,-4.729712562],[137.3911498,-4.729529896]],[[137.3911498,-4.729529896],[137.391108,-4.729371523],[137.3911314,-4.729219645],[137.3911375,-4.729306563]],[[137.3911375,-4.729306563],[137.3911432,-4.729320177]],[[137.3911432,-4.729320177],[137.3912367,-4.729508642],[137.3914671,-4.729696486],[137.3915688,-4.729858458],[137.3915254,-4.730125968]],[[137.3915254,-4.730125968],[137.3915027,-4.730146719]],[[137.3915027,-4.730146719],[137.3915232,-4.730034055],[137.3917506,-4.730016481],[137.3918789,-4.730027267],[137.392011,-4.730149772]],[[137.392011,-4.730149772],[137.3918762,-4.730290456]],[[137.3918762,-4.730290456],[137.3920633,-4.730243625],[137.3922142,-4.730340665],[137.3922436,-4.730485278]],[[137.3922436,-4.730485278],[137.3923471,-4.730813757],[137.3925787,-4.730836777]],[[137.3925787,-4.730836777],[137.3927103,-4.730890395],[137.3930319,-4.730750015],[137.3931261,-4.730516219]],[[137.3931261,-4.730516219],[137.3933615,-4.730420471],[137.3935431,-4.730191612]],[[137.3935431,-4.730191612],[137.3935612,-4.730133133],[137.3936114,-4.730161261]],[[137.3936114,-4.730161261],[137.393536,-4.73012585],[137.3936312,-4.729931507],[137.3937984,-4.729847784],[137.3937897,-4.730155896]],[[137.3937897,-4.730155896],[137.3937015,-4.730525349],[137.3934345,-4.730835748],[137.393409,-4.73101628]],[[137.393409,-4.73101628],[137.3937117,-4.731297446]],[[137.3937117,-4.731297446],[137.3941446,-4.731556055]],[[137.3941446,-4.731556055],[137.3944932,-4.731734486],[137.3945685,-4.731976503],[137.3949895,-4.732287379]],[[137.3949895,-4.732287379],[137.3950835,-4.732293713],[137.3953735,-4.732560125],[137.3954513,-4.732583723],[137.3955209,-4.732671736],[137.3956946,-4.732687213]],[[137.3956946,-4.732687213],[137.3961264,-4.73288357]],[[137.3961264,-4.73288357],[137.3966922,-4.733069227],[137.3971817,-4.732984253]],[[137.3971817,-4.732984253],[137.3976155,-4.733096382],[137.3980613,-4.733315609]],[[137.3980613,-4.733315609],[137.3983225,-4.73354095]],[[137.3983225,-4.73354095],[137.3982832,-4.733629146],[137.3983384,-4.733651283]],[[137.3983384,-4.733651283],[137.3984262,-4.733687505],[137.3984143,-4.733791775],[137.3984672,-4.734014862]],[[137.3984672,-4.734014862],[137.3985033,-4.734286651],[137.3986492,-4.734410427]],[[137.3986492,-4.734410427],[137.3986292,-4.734434518]],[[137.3986292,-4.734434518],[137.3985946,-4.734352674],[137.3985057,-4.734285161],[137.3984591,-4.734068325]],[[137.3984591,-4.734068325],[137.3984325,-4.733218584],[137.3985082,-4.733104136]],[[137.3985082,-4.733104136],[137.3988928,-4.732845067],[137.3994169,-4.733176556],[137.3997793,-4.733262264]],[[137.3997793,-4.733262264],[137.4000333,-4.733226372],[137.4011643,-4.73350736]],[[137.4011643,-4.73350736],[137.4013608,-4.733354308],[137.4016119,-4.733420983],[137.4018954,-4.733549132]],[[137.4018954,-4.733549132],[137.4023862,-4.733719432],[137.4024143,-4.733914633]],[[137.4024143,-4.733914633],[137.4023827,-4.733883733],[137.4031756,-4.733522864]],[[137.4031756,-4.733522864],[137.403475,-4.733724301],[137.4044114,-4.733679206],[137.4045299,-4.733644857],[137.4048405,-4.733628053]],[[137.4048405,-4.733628053],[137.4050076,-4.733698774],[137.4052354,-4.73367475]],[[137.4052354,-4.73367475],[137.4053182,-4.733664834],[137.4056017,-4.733801398]],[[137.4056017,-4.733801398],[137.4056524,-4.733786869],[137.405921,-4.733517818],[137.4060989,-4.73349744]],[[137.4060989,-4.73349744],[137.4061776,-4.733495181],[137.4064166,-4.733577913]],[[137.4064166,-4.733577913],[137.4065808,-4.73365017],[137.4067713,-4.733858243],[137.4071223,-4.733886763]],[[137.4071223,-4.733886763],[137.4072772,-4.733917368],[137.4076481,-4.733754278]],[[137.4076481,-4.733754278],[137.4079027,-4.73359448],[137.4081163,-4.733650592]],[[137.4081163,-4.733650592],[137.4084276,-4.733648164],[137.4086349,-4.733823758],[137.4089277,-4.733787007]],[[137.4089277,-4.733787007],[137.4092906,-4.733894358],[137.4095972,-4.733835679]],[[137.4095972,-4.733835679],[137.4099184,-4.733870905]],[[137.4099184,-4.733870905],[137.4099685,-4.733918451],[137.4102255,-4.733971469],[137.4103474,-4.733906913],[137.4104638,-4.73391735]],[[137.4104638,-4.73391735],[137.4108377,-4.734011246],[137.4115752,-4.734075426],[137.4116618,-4.73428884]],[[137.4116618,-4.73428884],[137.4119228,-4.734483463],[137.4121752,-4.734597061],[137.4125027,-4.734860906]],[[137.4125027,-4.734860906],[137.4125563,-4.734876833],[137.41256,-4.735277508]],[[137.41256,-4.735277508],[137.412544,-4.735385565]],[[137.412544,-4.735385565],[137.4125303,-4.735450044]],[[137.4125303,-4.735450044],[137.4125509,-4.735403245],[137.4128104,-4.735369646],[137.4127829,-4.735467708]],[[137.4127829,-4.735467708],[137.412811,-4.735365188],[137.4125934,-4.735381745],[137.4123375,-4.735295985],[137.4123245,-4.735360377]],[[137.4123245,-4.735360377],[137.4123364,-4.73530106],[137.4121834,-4.73530178],[137.4121024,-4.735383849],[137.4121297,-4.735422359]],[[137.4121297,-4.735422359],[137.4120365,-4.735446123],[137.411968,-4.735521262],[137.4119841,-4.735648999]],[[137.4119841,-4.735648999],[137.4119192,-4.735709323],[137.4118928,-4.735846426],[137.4119538,-4.735979494]],[[137.4119538,-4.735979494],[137.4120288,-4.735996539],[137.4121544,-4.735941294],[137.4122262,-4.735949286],[137.4123551,-4.735865127],[137.4123619,-4.735793766]],[[137.4123619,-4.735793766],[137.4123814,-4.735727886]],[[137.4123814,-4.735727886],[137.4124099,-4.735785972],[137.4120985,-4.736084421],[137.411883,-4.73595984]],[[137.411883,-4.73595984],[137.4118801,-4.735957984]],[[137.4118801,-4.735957984],[137.4118998,-4.735991675]],[[137.4118998,-4.735991675],[137.4119354,-4.736013102],[137.4119367,-4.736244953]],[[137.4119367,-4.73624497],[137.4119618,-4.736288451],[137.4118377,-4.736844602]],[[137.4118377,-4.736844602],[137.4117811,-4.737270428],[137.4116568,-4.737287692],[137.4111704,-4.73764302]],[[137.4111704,-4.73764302],[137.4110642,-4.737667955],[137.4109245,-4.7375342],[137.4106554,-4.737737745],[137.4104616,-4.738001605]],[[137.4104616,-4.738001605],[137.4101689,-4.738224127],[137.4100841,-4.73823899],[137.4099639,-4.738202839],[137.4094635,-4.738521118]],[[137.4094635,-4.738521118],[137.4087705,-4.738888069],[137.4087069,-4.739068941]],[[137.4087069,-4.739068941],[137.4086597,-4.739316362],[137.4085584,-4.73936046],[137.4082316,-4.739748927]],[[137.4082316,-4.739748927],[137.4081498,-4.739879629],[137.4080957,-4.74019975],[137.4078478,-4.740213476],[137.4077555,-4.740178841]],[[137.4077555,-4.740178841],[137.4072244,-4.740073128],[137.4067844,-4.740225826]],[[137.4067844,-4.740225826],[137.4064233,-4.740436853],[137.4062847,-4.74046662]],[[137.4062847,-4.74046662],[137.4061153,-4.7406788],[137.4058828,-4.740741243],[137.4056047,-4.740949828]],[[137.4056047,-4.740949828],[137.4055513,-4.74099142],[137.4053959,-4.741297116],[137.4050286,-4.741427451]],[[137.4050286,-4.741427451],[137.4049731,-4.741513719],[137.4047343,-4.741604608],[137.4046952,-4.74151642],[137.404373,-4.741606904]],[[137.404373,-4.741606904],[137.4038925,-4.741758191],[137.4035221,-4.741805066]],[[137.4035221,-4.741805066],[137.4034682,-4.741806416],[137.4034965,-4.741918032]],[[137.4034965,-4.741918032],[137.4035018,-4.74192537]],[[137.4035018,-4.74192537],[137.4034999,-4.741862561]],[[137.4034999,-4.741862561],[137.4035055,-4.741740084],[137.4032299,-4.741785187],[137.4031626,-4.741874438],[137.4030554,-4.741888677]],[[137.4030554,-4.741888677],[137.4026229,-4.742130871]],[[137.4026229,-4.742130871],[137.4021333,-4.742429987]],[[137.4021333,-4.742429987],[137.4021066,-4.742450647],[137.4018922,-4.74238307],[137.401711,-4.742423981]],[[137.401711,-4.742423981],[137.4015794,-4.742419784],[137.401431,-4.74232681],[137.4013304,-4.742379746]],[[137.4013304,-4.742379746],[137.4010234,-4.742387233],[137.4008565,-4.742557976],[137.4007585,-4.742593143]],[[137.4007585,-4.742593143],[137.4006897,-4.742662003],[137.4005586,-4.742704691]],[[137.4005586,-4.742704691],[137.4004931,-4.742722387],[137.4003442,-4.742871344],[137.4001905,-4.742923064]],[[137.4001905,-4.742923064],[137.3999597,-4.743009577],[137.399926,-4.743259801]],[[137.399926,-4.743259801],[137.3999257,-4.743341963],[137.3997029,-4.743412575],[137.3995466,-4.743579962],[137.3994435,-4.743512152]],[[137.3994435,-4.743512152],[137.3993522,-4.743464762]],[[137.3993522,-4.743464762],[137.3990413,-4.74347426]],[[137.3990413,-4.74347426],[137.3986449,-4.743706687]],[[137.3986449,-4.743706687],[137.3985328,-4.743761289],[137.3984463,-4.743729474],[137.3983545,-4.743806881]],[[137.3983545,-4.743806881],[137.3983772,-4.743869901],[137.3983359,-4.743971383],[137.3981666,-4.74402478],[137.398062,-4.744151443],[137.3979684,-4.744157587]],[[137.3979684,-4.744157587],[137.39793,-4.744327257],[137.3976978,-4.744486458],[137.3976642,-4.744593305]],[[137.3976642,-4.744593305],[137.3976601,-4.744623346],[137.3975806,-4.744665794],[137.3974101,-4.744565331],[137.3972834,-4.744574959],[137.3969791,-4.744321975]],[[137.3969791,-4.744321975],[137.396744,-4.744278617],[137.3964874,-4.744159409]],[[137.3964874,-4.744159409],[137.3964322,-4.74398641],[137.3963954,-4.744040708]],[[137.3963954,-4.744040708],[137.3963492,-4.744180047],[137.3963165,-4.744156896]],[[137.3963165,-4.744156896],[137.396105,-4.7443751]],[[137.396105,-4.7443751],[137.3960406,-4.744496405],[137.3960683,-4.74457183],[137.3960541,-4.744688235]],[[137.3960541,-4.744688235],[137.3960289,-4.744889087],[137.3959089,-4.745029039]],[[137.3959089,-4.745029039],[137.3956763,-4.745277688],[137.3956462,-4.745433191]],[[137.3956462,-4.745433191],[137.3956072,-4.745601979],[137.3954124,-4.745882674]],[[137.3954124,-4.745882674],[137.3953781,-4.746412573],[137.3951453,-4.746558308]],[[137.3951453,-4.746558308],[137.3950521,-4.746587737],[137.3949959,-4.746652817]],[[137.3949959,-4.746652817],[137.3950663,-4.746687002],[137.3950252,-4.746753316]],[[137.3950252,-4.746753316],[137.3947959,-4.74666766],[137.3945835,-4.746478848]],[[137.3945835,-4.746478848],[137.3944953,-4.746417439]],[[137.3944953,-4.746417439],[137.3947391,-4.746632915],[137.3946587,-4.746732052],[137.3945979,-4.747147042]],[[137.3945979,-4.747147042],[137.394654,-4.747406657],[137.3946053,-4.747485635]],[[137.3946053,-4.747485635],[137.3944753,-4.747714459],[137.39433,-4.747676914]],[[137.39433,-4.747676914],[137.3943118,-4.747656247]],[[137.3943118,-4.747656247],[137.3943758,-4.747881581],[137.3944241,-4.747908412]],[[137.3944241,-4.747908412],[137.3945743,-4.748032234],[137.3946935,-4.748209485]],[[137.3946935,-4.748209485],[137.3946839,-4.748365356],[137.3947402,-4.748589733],[137.3946742,-4.748814396],[137.3946139,-4.748910577]],[[137.3946139,-4.748910577],[137.3946408,-4.749070498],[137.3943919,-4.749608272],[137.3943636,-4.749840231]],[[137.3943636,-4.749840231],[137.3944235,-4.749929959],[137.3944103,-4.750011353],[137.3941716,-4.750237062]],[[137.3941716,-4.750237062],[137.3941116,-4.75029346],[137.3940997,-4.750440943]],[[137.3940997,-4.750440943],[137.3939916,-4.750680499],[137.394024,-4.75091705],[137.3939876,-4.751090107]],[[137.3939876,-4.751090107],[137.3939845,-4.751104633]],[[137.3939845,-4.751104633],[137.3938911,-4.751158851],[137.3938386,-4.751143207],[137.3935919,-4.751186354]],[[137.3935919,-4.751186354],[137.3935825,-4.751202398]],[[137.3935824,-4.751202457],[137.3936073,-4.751158325],[137.3936434,-4.751179373],[137.3939312,-4.751392327],[137.3939087,-4.751422137]],[[137.3939087,-4.751422137],[137.3938624,-4.751422728]],[[137.3938624,-4.751422728],[137.3938633,-4.751419674]],[[137.3938633,-4.751419674],[137.3938942,-4.751368565],[137.393711,-4.751227451]],[[137.393711,-4.751227451],[137.3936839,-4.751248978]],[[137.3936839,-4.751248978],[137.3937093,-4.751223697],[137.393684,-4.751244726]],[[137.393684,-4.751244726],[137.3937147,-4.751227759],[137.3936867,-4.751182457]],[[137.3936867,-4.751182457],[137.3936165,-4.751107437],[137.3936227,-4.751193473]],[[137.3936227,-4.751193473],[137.3936132,-4.751128086],[137.393473,-4.751147804]],[[137.393473,-4.751147804],[137.3934519,-4.751127951],[137.3934838,-4.751127739],[137.3937933,-4.75114976],[137.3942015,-4.751013833],[137.3940901,-4.750531825]],[[137.3940901,-4.750531825],[137.394105,-4.750450679],[137.3940075,-4.75040582],[137.3939636,-4.750067008],[137.3936755,-4.749834327]],[[137.3936755,-4.749834327],[137.3934163,-4.749541014]],[[137.3934163,-4.749541014],[137.3933113,-4.749490431],[137.3931238,-4.749518981]],[[137.3931238,-4.749518981],[137.3930869,-4.749392594],[137.3930352,-4.749333557]],[[137.3930352,-4.749333557],[137.3928447,-4.74923303],[137.3925872,-4.749174703]],[[137.3925872,-4.749174703],[137.3925083,-4.74912679]],[[137.3925083,-4.74912679],[137.3925055,-4.749295223],[137.392386,-4.749295959],[137.3923103,-4.749165628],[137.3922721,-4.749157309]],[[137.3922721,-4.749157309],[137.3920606,-4.74904814]],[[137.3920606,-4.74904814],[137.3920363,-4.749038456]],[[137.3920363,-4.749038456],[137.3919768,-4.749003905]],[[137.3919768,-4.749003905],[137.3919219,-4.748960463]],[[137.3919219,-4.748960463],[137.3918808,-4.748831577],[137.3917869,-4.748704075],[137.3916377,-4.748579626]],[[137.3916377,-4.748579626],[137.3914944,-4.748555803],[137.3913907,-4.748604662]],[[137.3913907,-4.748604662],[137.3911598,-4.748700976]],[[137.3911598,-4.748700976],[137.3911901,-4.748660128],[137.3909346,-4.7486384],[137.3909543,-4.748673342]],[[137.3909543,-4.748673342],[137.3911391,-4.748667797],[137.3910768,-4.748718033]],[[137.3910768,-4.748718033],[137.3911754,-4.748651115],[137.3913021,-4.748651844],[137.3914004,-4.748606501]],[[137.3914004,-4.748606501],[137.3915119,-4.74855981],[137.3916187,-4.748584417],[137.3918486,-4.74880123],[137.3919424,-4.748985145]],[[137.3919424,-4.748985145],[137.3919421,-4.748977941]],[[137.3919421,-4.748977941],[137.3919711,-4.749087161]],[[137.3919711,-4.749087161],[137.3919448,-4.74901195],[137.3920364,-4.748994435],[137.3922169,-4.749114711]],[[137.3922169,-4.749114711],[137.3922282,-4.749127195]],[[137.3922282,-4.749127195],[137.3924109,-4.749277276]],[[137.3924109,-4.749277276],[137.3925172,-4.749246594],[137.3926495,-4.7493039],[137.3927928,-4.749270811],[137.3929979,-4.749349584]],[[137.3929979,-4.749349584],[137.3930904,-4.749408892],[137.3931026,-4.749465097]],[[137.3931026,-4.749465097],[137.3931126,-4.749524031],[137.3931673,-4.749569291],[137.3931893,-4.749802559]],[[137.3931893,-4.749802559],[137.393297,-4.749781749],[137.3934118,-4.749842993],[137.3933988,-4.750042863],[137.3936087,-4.750237247]],[[137.3936087,-4.750237247],[137.3937244,-4.750326931],[137.3939539,-4.750313106],[137.3940314,-4.750447178],[137.3941159,-4.750470941],[137.3941317,-4.750511158]],[[137.3941317,-4.750511158],[137.3941533,-4.750489173],[137.3943297,-4.750564436],[137.3943398,-4.750690614],[137.3946787,-4.751136822]],[[137.3946787,-4.751136822],[137.3946628,-4.751107634],[137.3946672,-4.75118849],[137.3947364,-4.751251778],[137.3949009,-4.751527073]],[[137.3949009,-4.751527073],[137.3949882,-4.751704653]],[[137.3949882,-4.751704653],[137.3950065,-4.751888338],[137.3950577,-4.752021601],[137.3953107,-4.752286823]],[[137.3953107,-4.752286823],[137.3953123,-4.752352732],[137.3955498,-4.752562486],[137.3955772,-4.752685881]],[[137.3955772,-4.752685881],[137.3955133,-4.752798559]],[[137.3955133,-4.752798559],[137.3955011,-4.752714247],[137.3954305,-4.752743831],[137.3954276,-4.75283077],[137.3953656,-4.752883351]],[[137.3953656,-4.752883351],[137.3952987,-4.752981597],[137.3952417,-4.753161375],[137.3952398,-4.753397196]],[[137.3952398,-4.753397196],[137.3952605,-4.753452812],[137.3954721,-4.75361125]],[[137.3954721,-4.75361125],[137.3957292,-4.753930796]],[[137.3957292,-4.753930796],[137.3960003,-4.754293349],[137.3958513,-4.754572234]],[[137.3958513,-4.754572234],[137.3959198,-4.754419345],[137.3961236,-4.754506848],[137.3962544,-4.754640897]],[[137.3962544,-4.754640897],[137.396428,-4.75491246],[137.3963909,-4.754954842]],[[137.3963909,-4.754954842],[137.3964124,-4.754928293],[137.3964999,-4.755487025]],[[137.3964999,-4.755487025],[137.3964989,-4.755486941]],[[137.3964989,-4.755486941],[137.3964981,-4.755465151],[137.3967387,-4.755509126]],[[137.3967387,-4.755509126],[137.3967327,-4.755630754],[137.3968249,-4.755616541]],[[137.3968249,-4.755616541],[137.3967853,-4.755618869],[137.3967286,-4.755681896],[137.3967809,-4.756008259]],[[137.3967809,-4.756008259],[137.3968729,-4.756372951],[137.397024,-4.756750769]],[[137.397024,-4.756750769],[137.3970754,-4.756816125],[137.3970942,-4.756916674]],[[137.3970942,-4.756916674],[137.3969619,-4.756967136],[137.396756,-4.757251488]],[[137.396756,-4.757251488],[137.3968554,-4.757355479]],[[137.3968554,-4.757355479],[137.396949,-4.757403399],[137.3970262,-4.757516492]],[[137.3970262,-4.757516492],[137.3971939,-4.757574059],[137.3972426,-4.757659099]],[[137.3972426,-4.757659099],[137.3971479,-4.75749277],[137.3973219,-4.757265626]],[[137.3973219,-4.757265626],[137.3975954,-4.757342505]],[[137.3975954,-4.757342505],[137.3976766,-4.757362863],[137.3976432,-4.757453782],[137.3976975,-4.757560526],[137.3978046,-4.757607254],[137.3978271,-4.757661208]],[[137.3978271,-4.757661208],[137.3978171,-4.757633822],[137.3978095,-4.757696848],[137.3978399,-4.75774772]],[[137.3978399,-4.75774772],[137.3978374,-4.757957992],[137.3980436,-4.757981614]],[[137.3980436,-4.757981614],[137.3980299,-4.758031393],[137.398255,-4.75827162]],[[137.398255,-4.75827162],[137.3982396,-4.758342746]],[[137.3982396,-4.758342746],[137.3983326,-4.758415174],[137.3984208,-4.758400781]],[[137.3984208,-4.758400781],[137.398632,-4.75836537]],[[137.398632,-4.75836537],[137.3986517,-4.758622157]],[[137.3986517,-4.758622157],[137.3987423,-4.758850848],[137.3988323,-4.758914351],[137.3988594,-4.759045441]],[[137.3988594,-4.759045441],[137.3988895,-4.759096525]],[[137.3988895,-4.759096525],[137.3988698,-4.759045353],[137.398838,-4.759165306]],[[137.398838,-4.759165306],[137.3988794,-4.759263832],[137.3991878,-4.759294704]],[[137.3991878,-4.759294704],[137.3994,-4.759573912]],[[137.3994,-4.759573912],[137.3994736,-4.759615001],[137.3994991,-4.759671357]],[[137.3994991,-4.759671357],[137.3995463,-4.759651811],[137.3996868,-4.759822907],[137.3996826,-4.759909229],[137.3997574,-4.760038935],[137.3997605,-4.760108474]],[[137.3997605,-4.760108474],[137.3998211,-4.760288821]],[[137.3998211,-4.760288821],[137.3997808,-4.760371318]],[[137.3997808,-4.760371318],[137.3997572,-4.760441195],[137.3996092,-4.760444132]],[[137.3996092,-4.760444132],[137.3996148,-4.760441686]],[[137.3996148,-4.760441686],[137.3995233,-4.760495216]],[[137.3995233,-4.760495216],[137.3994381,-4.760558265],[137.3993967,-4.760643914]],[[137.3993967,-4.760643914],[137.3993301,-4.760620636],[137.3992646,-4.760776348]],[[137.3992646,-4.760776348],[137.3992674,-4.760774003]],[[137.3992674,-4.760774003],[137.3992713,-4.760780667]],[[137.3992713,-4.760780667],[137.399277,-4.760777023]],[[137.399277,-4.760777023],[137.3990649,-4.760811624],[137.3989925,-4.760783704]],[[137.3989925,-4.760783704],[137.3988797,-4.760747406],[137.3986783,-4.760867449]],[[137.3986783,-4.760867449],[137.3984304,-4.761053569],[137.3982786,-4.761217622],[137.3978797,-4.761417043]],[[137.3978797,-4.761417043],[137.3975259,-4.76146973]],[[137.3975259,-4.76146973],[137.3973355,-4.761436949],[137.3970118,-4.76146062],[137.3968421,-4.761404964]],[[137.3968421,-4.761404964],[137.3966472,-4.761360067],[137.3965985,-4.761293567]],[[137.3965985,-4.761293567],[137.3965662,-4.761179314],[137.3965024,-4.76113964]],[[137.3965024,-4.76113964],[137.3965102,-4.761143688]],[[137.3965102,-4.761143688],[137.3965093,-4.761219807],[137.3964708,-4.761165435]],[[137.3964708,-4.761165435],[137.3963653,-4.761171643]],[[137.3963653,-4.761171643],[137.3960137,-4.760989845],[137.3954835,-4.7610357]],[[137.3954835,-4.7610357],[137.3954288,-4.76085952]],[[137.3954288,-4.76085952],[137.3954338,-4.760886754],[137.3953777,-4.760878936],[137.3949427,-4.760754172],[137.3947113,-4.760762851]],[[137.3947113,-4.760762851],[137.3947513,-4.7607444],[137.3947329,-4.760666539],[137.3947186,-4.760623969],[137.394683,-4.760671109]],[[137.394683,-4.760671109],[137.3946846,-4.760632524],[137.3946742,-4.76066706]],[[137.3946742,-4.76066706],[137.3947343,-4.760568163],[137.3948011,-4.76074468],[137.3952556,-4.760764876]],[[137.3952556,-4.760764876],[137.3953746,-4.760835473],[137.3955125,-4.761036999],[137.3960018,-4.761033608]],[[137.3960018,-4.761033608],[137.3960957,-4.76099681],[137.3962194,-4.761133561],[137.3963101,-4.761166042]],[[137.3963101,-4.761166042],[137.3964688,-4.761345697]],[[137.3964688,-4.761345697],[137.3965734,-4.761110155],[137.3965008,-4.761091069]],[[137.3965008,-4.761091069],[137.3965432,-4.761101299],[137.3965227,-4.761158297],[137.3965307,-4.76113335],[137.3965751,-4.761175743]],[[137.3965751,-4.761175743],[137.3966296,-4.761322657],[137.3967623,-4.761531932]],[[137.3967623,-4.761531932],[137.3970162,-4.761908716],[137.3971153,-4.761933248],[137.3971884,-4.762000985]],[[137.3971884,-4.762000985],[137.3974033,-4.76202266],[137.3975212,-4.762149894],[137.3977568,-4.762697179],[137.3977547,-4.762922981]],[[137.3977547,-4.762922981],[137.3977107,-4.763311915]],[[137.3977107,-4.763311915],[137.3977103,-4.763384918],[137.3977872,-4.763554144]],[[137.3977872,-4.763554144],[137.3977406,-4.763542368]],[[137.3977406,-4.763542368],[137.3979016,-4.763924234]],[[137.3979016,-4.763924234],[137.3979749,-4.764347374],[137.3980092,-4.764351786]],[[137.3980092,-4.764351786],[137.3980904,-4.764416451]],[[137.3980904,-4.764416451],[137.3981085,-4.764506089],[137.3980582,-4.764832868]],[[137.3980582,-4.764832868],[137.3981608,-4.764968358],[137.3981186,-4.764981329]],[[137.3981186,-4.764981329],[137.3981607,-4.764968789],[137.3980614,-4.76483314],[137.3977691,-4.763955042],[137.3976109,-4.763575839]],[[137.3976109,-4.763575839],[137.3977072,-4.763599171],[137.3977449,-4.763578066]],[[137.3977449,-4.763578066],[137.3976983,-4.763997321],[137.3979139,-4.764451776],[137.398032,-4.764793554],[137.3980977,-4.765142106]],[[137.3980977,-4.765142106],[137.3982158,-4.765555537]],[[137.3982158,-4.765555537],[137.3982103,-4.765514548],[137.3983205,-4.76558013],[137.3982946,-4.76564493],[137.3982095,-4.765699697]],[[137.3982095,-4.765699697],[137.3982565,-4.765724307],[137.3982318,-4.76575208]],[[137.3982318,-4.76575208],[137.398254,-4.765723921],[137.3981543,-4.765757375],[137.3980839,-4.765893658]],[[137.3980839,-4.765893658],[137.3979538,-4.765909562],[137.3980355,-4.766117042]],[[137.3980355,-4.766117042],[137.3981088,-4.766151805],[137.3979953,-4.766273483]],[[137.3979953,-4.766273483],[137.3978634,-4.766384061],[137.3978428,-4.766531763],[137.3978096,-4.766571603]],[[137.3978096,-4.766571603],[137.3977657,-4.766646667],[137.3978944,-4.766766928],[137.397907,-4.766826164]],[[137.397907,-4.766826164],[137.3979271,-4.766777037],[137.3980748,-4.76680598],[137.3981796,-4.767045515]],[[137.3981796,-4.767045515],[137.3982097,-4.767095705]],[[137.3982097,-4.767095705],[137.3982902,-4.767201756],[137.398292,-4.767249144]],[[137.398292,-4.767249144],[137.3983405,-4.767298979]],[[137.3983405,-4.767298979],[137.3983131,-4.767261847]],[[137.3983131,-4.767261847],[137.3983513,-4.767359325]],[[137.3983513,-4.767359325],[137.3983702,-4.76738287],[137.3982935,-4.767483942],[137.3983042,-4.76757095]],[[137.3983042,-4.76757095],[137.3984251,-4.767578345],[137.398486,-4.767814511]],[[137.398486,-4.767814511],[137.3985943,-4.76804655]],[[137.3985943,-4.76804655],[137.3986082,-4.76807474]],[[137.3986082,-4.76807474],[137.3985453,-4.768387623],[137.3983973,-4.76839815],[137.3983433,-4.768443852]],[[137.3983433,-4.768443852],[137.3983903,-4.768408439],[137.3983888,-4.76849163]],[[137.3983888,-4.76849163],[137.3983867,-4.768467567],[137.3984357,-4.768515552],[137.3984306,-4.768549547]],[[137.3984306,-4.768549547],[137.3984354,-4.768542022]],[[137.3984354,-4.768542022],[137.398441,-4.768523212]],[[137.398441,-4.768523212],[137.3984529,-4.768500959],[137.3984969,-4.768547522]],[[137.3984969,-4.768547522],[137.3984968,-4.768544283]],[[137.3984968,-4.768544283],[137.3984953,-4.768463117],[137.3985883,-4.768432026]],[[137.3985883,-4.768432026],[137.3988771,-4.768386205]],[[137.3988771,-4.768386205],[137.399054,-4.768404117],[137.39921,-4.768506459]],[[137.39921,-4.768506459],[137.3993646,-4.768507282],[137.399829,-4.768631841]],[[137.399829,-4.768631841],[137.3999062,-4.768673424],[137.4000878,-4.768694482]],[[137.4000878,-4.768694482],[137.4002827,-4.768480546]],[[137.4002827,-4.768480546],[137.4003509,-4.768399464],[137.400412,-4.768405094],[137.4005402,-4.76844506],[137.4007212,-4.768566974]],[[137.4007212,-4.768566974],[137.4008651,-4.768643351],[137.4008836,-4.768701902],[137.401032,-4.768786567],[137.4012284,-4.76883747],[137.4013523,-4.768922505]],[[137.4013523,-4.768922505],[137.4014219,-4.769095395]],[[137.4014219,-4.769095395],[137.401543,-4.769263646]],[[137.401543,-4.769263646],[137.401515,-4.76923792],[137.4012531,-4.769440854],[137.4009261,-4.769634495]],[[137.4009261,-4.769634495],[137.400893,-4.769633922]],[[137.400893,-4.769633922],[137.4008381,-4.769589449],[137.4006737,-4.76955657]],[[137.4006737,-4.76955657],[137.4004301,-4.769451947],[137.400226,-4.769468522]],[[137.400226,-4.769468522],[137.4001789,-4.769481474],[137.4001223,-4.769583185],[137.3998217,-4.769710497]],[[137.3998217,-4.769710497],[137.3994932,-4.769740847]],[[137.3994932,-4.769740847],[137.399307,-4.769868651],[137.3991534,-4.769907782]],[[137.3991534,-4.769907782],[137.3990518,-4.769947981],[137.3989734,-4.770039761]],[[137.3989734,-4.770039761],[137.3990196,-4.769982976],[137.399042,-4.770242765],[137.3991212,-4.770307482],[137.3991143,-4.770373765]],[[137.3991143,-4.770373765],[137.3991123,-4.770399336],[137.399184,-4.770414614],[137.3993482,-4.770525245],[137.3995018,-4.770667331]],[[137.3995018,-4.770667331],[137.3996341,-4.770770029],[137.3996528,-4.770905054]],[[137.3996528,-4.770905054],[137.3999756,-4.771131176],[137.4001402,-4.771187451]],[[137.4001402,-4.771187451],[137.4003568,-4.771217886]],[[137.4003568,-4.771217886],[137.4003963,-4.771233162],[137.4004102,-4.771339978],[137.4004909,-4.771396815],[137.4005394,-4.771490684]],[[137.4005394,-4.771490684],[137.4006897,-4.771718977]],[[137.4006897,-4.771718977],[137.4008348,-4.771873999],[137.4007881,-4.771980732],[137.4007888,-4.772125238]],[[137.4007888,-4.772125238],[137.400868,-4.772256722],[137.4009965,-4.772347737],[137.4010933,-4.772464905],[137.4011167,-4.77261462]],[[137.4011167,-4.77261462],[137.4011183,-4.772657773],[137.4010255,-4.772778486],[137.4008761,-4.772854729],[137.4008197,-4.772950025]],[[137.4008197,-4.772950025],[137.4006292,-4.773287875]],[[137.4006292,-4.773287875],[137.4006862,-4.773311646]],[[137.4006862,-4.773311646],[137.4006666,-4.773338369]],[[137.4006666,-4.773338369],[137.4006405,-4.773291577],[137.4006274,-4.773331047]],[[137.4006274,-4.773331047],[137.4008202,-4.773281522],[137.4010859,-4.773143937],[137.4015026,-4.77354166]],[[137.4015026,-4.77354166],[137.4016974,-4.773609164],[137.4018186,-4.773692507],[137.4018569,-4.773757857]],[[137.4018569,-4.773757857],[137.4021596,-4.773960565],[137.4022262,-4.774088284]],[[137.4022262,-4.774088284],[137.4023191,-4.774185764],[137.4023988,-4.774449248]],[[137.4023988,-4.774449248],[137.4025241,-4.774676367],[137.4026289,-4.774710759]],[[137.4026289,-4.774710759],[137.4029751,-4.77494936]],[[137.4029751,-4.77494936],[137.4033096,-4.775219003]],[[137.4033096,-4.775219003],[137.4034933,-4.775402204],[137.4037082,-4.775540489]],[[137.4037082,-4.775540489],[137.4038199,-4.775623309],[137.4040936,-4.775731566]],[[137.4040936,-4.775731566],[137.4041735,-4.775770149]],[[137.4041735,-4.775770149],[137.4045419,-4.776068927]],[[137.4045419,-4.776068927],[137.4046034,-4.776179868]],[[137.4046034,-4.776179868],[137.4045897,-4.776214286],[137.4046271,-4.776257824],[137.4045782,-4.776377389]],[[137.4045782,-4.776377389],[137.4045349,-4.776403672],[137.4045513,-4.776474007]],[[137.4045513,-4.776474007],[137.4045524,-4.776474817]],[[137.4045524,-4.776474817],[137.4046251,-4.776524467]],[[137.4046251,-4.776524467],[137.4048775,-4.776643641]],[[137.4048775,-4.776643641],[137.4050196,-4.776811726],[137.4050339,-4.776907835]],[[137.405035,-4.776905469],[137.4051003,-4.777055183]],[[137.4051003,-4.777055183],[137.4052035,-4.777133091]],[[137.4052035,-4.777133091],[137.4052035,-4.777132551]],[[137.4052035,-4.777132551],[137.4052568,-4.777199679]],[[137.4052568,-4.777199679],[137.4052651,-4.777221881]],[[137.4052651,-4.777221881],[137.4052944,-4.777276407]],[[137.4052944,-4.777276407],[137.4052922,-4.777274585]],[[137.4052922,-4.777274585],[137.4052538,-4.777488437]],[[137.4052538,-4.777488437],[137.4052548,-4.777492283]],[[137.4052548,-4.777492283],[137.4056549,-4.777541279],[137.4057315,-4.777579335]],[[137.4057315,-4.777579335],[137.4057998,-4.777580638],[137.4058514,-4.777528285]],[[137.4058514,-4.777528285],[137.405962,-4.777619703],[137.4060345,-4.777822373]],[[137.4060345,-4.777822373],[137.405975,-4.777924673],[137.4060507,-4.778069475],[137.4060123,-4.778125133]],[[137.4060123,-4.778125133],[137.4059542,-4.778309799],[137.405913,-4.778673074]],[[137.405913,-4.778673074],[137.4060601,-4.778902625],[137.4058362,-4.779252967]],[[137.4058362,-4.779252967],[137.4058471,-4.779233971],[137.4058852,-4.77927445],[137.4059675,-4.779407704]],[[137.4059675,-4.779407704],[137.4060687,-4.779535836]],[[137.4060687,-4.779535836],[137.4061684,-4.779736647]],[[137.4061684,-4.779736647],[137.4061688,-4.779737356]],[[137.4061688,-4.779737356],[137.4063498,-4.779766306]],[[137.4063498,-4.779766306],[137.4066413,-4.779842898]],[[137.4066413,-4.779842898],[137.4067651,-4.77992908],[137.406977,-4.77999028]],[[137.406977,-4.77999028],[137.4072838,-4.78000093],[137.4073539,-4.780117737]],[[137.4073539,-4.780117737],[137.407409,-4.780199307]],[[137.407409,-4.780199307],[137.4073869,-4.780402243]],[[137.4073869,-4.780402243],[137.4074251,-4.78067413]],[[137.4074251,-4.78067413],[137.4075015,-4.780712671],[137.4075114,-4.78100783]],[[137.4075114,-4.78100783],[137.4075061,-4.781220876],[137.4074486,-4.781253446],[137.4074258,-4.781434218]],[[137.4074258,-4.781434218],[137.4074744,-4.781565756],[137.4074254,-4.781677155]],[[137.4074254,-4.781677155],[137.4074026,-4.781727176]],[[137.407403,-4.78172641],[137.4074258,-4.78167535],[137.4074639,-4.781735426],[137.4074577,-4.782066545]],[[137.4074577,-4.782066545],[137.4074514,-4.7822255]],[[137.4074514,-4.782225804],[137.4075605,-4.782367149],[137.407545,-4.782463359]],[[137.407545,-4.782463359],[137.4075148,-4.782737523]],[[137.4075148,-4.782737523],[137.4074596,-4.782851518]],[[137.4074596,-4.782851518],[137.4072732,-4.7829433],[137.4073381,-4.783100865]],[[137.4073381,-4.783100865],[137.4074464,-4.783108877],[137.4075831,-4.78326483]],[[137.4075831,-4.78326483],[137.4076859,-4.783442006]],[[137.4076859,-4.783442006],[137.4077657,-4.783434714],[137.4078656,-4.783537628]],[[137.4078656,-4.783537628],[137.4079516,-4.783562079],[137.4080609,-4.78365638]],[[137.4080609,-4.78365638],[137.4083359,-4.783826687],[137.4083866,-4.783907466]],[[137.4083866,-4.783907466],[137.4084486,-4.783894872],[137.4084199,-4.783953404]],[[137.4084199,-4.783953404],[137.408421,-4.78395057]],[[137.408421,-4.783950572],[137.4084266,-4.783872645],[137.4087904,-4.78394823],[137.4088636,-4.784055574],[137.4088882,-4.784186235]],[[137.4088882,-4.784186235],[137.4091125,-4.784659591]],[[137.4091125,-4.784659591],[137.4089856,-4.784630086],[137.4089164,-4.784722913],[137.4088751,-4.784722913],[137.4087641,-4.784650768]],[[137.4087641,-4.784650768],[137.4085886,-4.784700323],[137.4084386,-4.784860688]],[[137.4084386,-4.784860688],[137.4084542,-4.784842515],[137.4085063,-4.784873335],[137.4086278,-4.785072178]],[[137.4086278,-4.785072178],[137.4087751,-4.785130416]],[[137.4087751,-4.785130416],[137.4089391,-4.785280301],[137.4090436,-4.785488123]],[[137.4090436,-4.785488123],[137.4091164,-4.785472989],[137.4091615,-4.785425373],[137.4093299,-4.785418026],[137.4093988,-4.785595656]],[[137.4093988,-4.785595656],[137.4094314,-4.785637015],[137.409434,-4.785747323]],[[137.409434,-4.785747323],[137.4092547,-4.785942233],[137.4090761,-4.785940179],[137.408931,-4.785831879]],[[137.408931,-4.785831879],[137.408864,-4.785706783]],[[137.408864,-4.785706783],[137.4088596,-4.785719014]],[[137.4088596,-4.785719014],[137.4088374,-4.785832007],[137.4087734,-4.785865519]],[[137.4087734,-4.785865519],[137.4087474,-4.785905316]],[[137.4087474,-4.785905316],[137.4088142,-4.785974027],[137.408777,-4.786236216]],[[137.408777,-4.786236216],[137.4088217,-4.786431381],[137.4087558,-4.786619027]],[[137.4087558,-4.786619027],[137.4088371,-4.786779386],[137.4088777,-4.787077233]],[[137.4088777,-4.787077233],[137.4089617,-4.78733149]],[[137.4089617,-4.78733149],[137.4089899,-4.787371288],[137.4091283,-4.787318719]],[[137.4091283,-4.787318719],[137.409195,-4.787268966],[137.4091068,-4.787302709]],[[137.4091068,-4.787302709],[137.4089706,-4.787330744],[137.4088731,-4.78707644]],[[137.4088731,-4.78707644],[137.4088149,-4.786973718],[137.4088222,-4.786734701],[137.4087504,-4.786642292]],[[137.4087504,-4.786642292],[137.408699,-4.78656794],[137.4086733,-4.786571874]],[[137.4086733,-4.786571874],[137.4086871,-4.786565986]],[[137.4086871,-4.786565986],[137.4084865,-4.78657611],[137.4084302,-4.786786426],[137.4085117,-4.787091075],[137.40866,-4.787413616]],[[137.40866,-4.787413616],[137.4086698,-4.787515499],[137.4085425,-4.787626371]],[[137.4085425,-4.787626371],[137.4086146,-4.787570808],[137.4085782,-4.787467666],[137.408417,-4.787563359]],[[137.408417,-4.787563359],[137.4083449,-4.787522325],[137.4082941,-4.787405057],[137.4082555,-4.787421393]],[[137.4082555,-4.787421393],[137.4083184,-4.787391507],[137.4082088,-4.787187611],[137.4081857,-4.786968746],[137.4081204,-4.787006596]],[[137.4081204,-4.787006596],[137.4078477,-4.787081258],[137.4076868,-4.786748956],[137.4076294,-4.786800909]],[[137.4076294,-4.786800909],[137.4076395,-4.786791462]],[[137.4076395,-4.786791462],[137.4075342,-4.786811909]],[[137.4075342,-4.786811909],[137.4076567,-4.786955709],[137.4081712,-4.786804624],[137.4081875,-4.786853748]],[[137.4081875,-4.786853748],[137.4081829,-4.786853866]],[[137.4081829,-4.786853866],[137.4076579,-4.786957182],[137.4075522,-4.786819631],[137.4073444,-4.786854777]],[[137.4073444,-4.786854777],[137.4073648,-4.786833925],[137.4072201,-4.786791519],[137.4071986,-4.786808687]],[[137.4071986,-4.786808687],[137.4070222,-4.786601431]],[[137.4070222,-4.786601431],[137.4070171,-4.786187697]],[[137.4070171,-4.786187697],[137.4069442,-4.785774367]],[[137.4069442,-4.785774367],[137.4067931,-4.78544801],[137.4068078,-4.785280459],[137.4067725,-4.785192888]],[[137.4067725,-4.785192888],[137.4061933,-4.784903983],[137.4060988,-4.784735964]],[[137.4060988,-4.784735964],[137.4061959,-4.784459809],[137.4061167,-4.784271064],[137.4058834,-4.784077116]],[[137.4058834,-4.784077116],[137.4054693,-4.783937293]],[[137.4054693,-4.783937293],[137.405185,-4.78365859]],[[137.405185,-4.78365859],[137.40515,-4.783504172],[137.4049039,-4.783229385]],[[137.4049039,-4.783229385],[137.4047805,-4.782946516]],[[137.4047805,-4.782946516],[137.4048416,-4.782841415],[137.4046622,-4.782622044]],[[137.4046622,-4.782622044],[137.4046484,-4.782600989]],[[137.4046484,-4.782600989],[137.404523,-4.782303881]],[[137.404523,-4.782303881],[137.40455,-4.782190038],[137.404514,-4.782151202]],[[137.404514,-4.782151202],[137.4044314,-4.782129827],[137.4043347,-4.782208172],[137.40419,-4.782236483]],[[137.40419,-4.782236483],[137.4039222,-4.782300847],[137.4038062,-4.782290182]],[[137.4038062,-4.782290182],[137.40357,-4.782482962]],[[137.40357,-4.782482962],[137.403301,-4.782697421]],[[137.403301,-4.782697421],[137.4031956,-4.78275422],[137.4028123,-4.782765106]],[[137.4028123,-4.782765106],[137.4024565,-4.78297302]],[[137.4024565,-4.78297302],[137.4019363,-4.783311731]],[[137.4019363,-4.783311731],[137.4017506,-4.78337815],[137.4011335,-4.783441567]],[[137.4011335,-4.783441567],[137.4010027,-4.783487534],[137.4008231,-4.783464114],[137.4003076,-4.783310972]],[[137.4003076,-4.783310972],[137.4001946,-4.783333421],[137.3995931,-4.783276741]],[[137.3995931,-4.783276741],[137.3994539,-4.783326054],[137.3993071,-4.783326881]],[[137.3993071,-4.783326881],[137.3991274,-4.783316124],[137.3989756,-4.783387244]],[[137.3989756,-4.783387244],[137.3989331,-4.783380505],[137.3988263,-4.783193179],[137.398673,-4.783192135]],[[137.398673,-4.783192135],[137.3981763,-4.783210811]],[[137.3981763,-4.783210811],[137.3981089,-4.783244392],[137.3979424,-4.783251401]],[[137.3979424,-4.783251401],[137.3976741,-4.783299948],[137.3975851,-4.783407792]],[[137.3975851,-4.783407792],[137.3969765,-4.783553875]],[[137.3969765,-4.783553875],[137.3968849,-4.783591582],[137.3969025,-4.783754402],[137.3968786,-4.783936162]],[[137.3968786,-4.783936162],[137.3969232,-4.784008569],[137.3969244,-4.784122492],[137.3968066,-4.784223643],[137.3966703,-4.784540079]],[[137.3966703,-4.784540079],[137.3965944,-4.784627533],[137.396431,-4.784637742],[137.3961286,-4.784847664]],[[137.3961286,-4.784847664],[137.3959647,-4.784571415],[137.395826,-4.784487561]],[[137.395826,-4.784487561],[137.3956512,-4.784667609],[137.3954754,-4.784953915]],[[137.3954754,-4.784953915],[137.3954805,-4.785039019],[137.3953399,-4.785107758],[137.3951961,-4.785289134]],[[137.3951961,-4.785289134],[137.3951385,-4.785392914],[137.3948049,-4.785632957]],[[137.3948049,-4.785632957],[137.3947341,-4.785843011],[137.3945925,-4.785920416]],[[137.3945925,-4.785920416],[137.3945262,-4.785930538]],[[137.3945262,-4.785930538],[137.3943178,-4.785938816],[137.3942079,-4.786040973],[137.3939502,-4.786095313]],[[137.3939502,-4.786095313],[137.3938253,-4.786494777],[137.3936866,-4.786604519]],[[137.3936866,-4.786604519],[137.3933315,-4.786839241],[137.3931242,-4.786924166]],[[137.3931242,-4.786924166],[137.3929949,-4.786990945],[137.3929206,-4.787072678],[137.3927821,-4.787120687],[137.3926205,-4.787226099]],[[137.3926205,-4.787226099],[137.392239,-4.787705663]],[[137.392239,-4.787705663],[137.3922123,-4.787871631],[137.3921068,-4.787997432],[137.3918033,-4.788178394]],[[137.3918033,-4.788178394],[137.3917386,-4.788416121],[137.3914852,-4.788901097]],[[137.3914852,-4.788901097],[137.3912982,-4.789298366]],[[137.3912982,-4.789298366],[137.3914152,-4.789616293]],[[137.3914152,-4.789616293],[137.3914966,-4.789775502],[137.3915683,-4.790085709],[137.3915168,-4.790186705]],[[137.3915168,-4.790186705],[137.391338,-4.790456668]],[[137.391338,-4.790456668],[137.3914835,-4.790531115],[137.3912526,-4.790831752]],[[137.3912526,-4.790831752],[137.3912709,-4.790803507],[137.3912625,-4.790832866]],[[137.3912625,-4.790832866],[137.3911545,-4.790940099],[137.3909043,-4.790955852]],[[137.3909043,-4.790955852],[137.390859,-4.791019358],[137.3907728,-4.79099109],[137.3908268,-4.791091602],[137.3906581,-4.791291038]],[[137.3906581,-4.791291038],[137.3906869,-4.79158597]],[[137.3906869,-4.79158597],[137.3907173,-4.79179286],[137.3908506,-4.792006098],[137.3908026,-4.792100304]],[[137.3908026,-4.792100304],[137.3908124,-4.79217378],[137.3906985,-4.792271377],[137.3907299,-4.792409643]],[[137.3907299,-4.792409643],[137.3908721,-4.792795204]],[[137.3908721,-4.792795204],[137.3908875,-4.792827874],[137.3907608,-4.792835049],[137.390641,-4.793046082],[137.3905481,-4.793117517]],[[137.3905481,-4.793117517],[137.390559,-4.793201866],[137.3904035,-4.793361294],[137.3902822,-4.793374726],[137.3900308,-4.793595107]],[[137.3900308,-4.793595107],[137.3899052,-4.793607675]],[[137.3899052,-4.793607675],[137.3896974,-4.793634857],[137.3895793,-4.79356808]],[[137.3895793,-4.79356808],[137.3893851,-4.793550759],[137.3892714,-4.79342608],[137.3890767,-4.793364671]],[[137.3890767,-4.793364671],[137.3890177,-4.793343876],[137.3890381,-4.793296188],[137.3889821,-4.79317049],[137.3888686,-4.793210018]],[[137.3888686,-4.793210018],[137.3887944,-4.793238791],[137.3886634,-4.793510165],[137.3885085,-4.793696565],[137.3882757,-4.793845011]],[[137.3882757,-4.793845011],[137.3882799,-4.794165117],[137.3881792,-4.794277609],[137.3882151,-4.794472456],[137.3881889,-4.794732337]],[[137.3881889,-4.794732337],[137.3882468,-4.794982414],[137.3882287,-4.795043566]],[[137.3882287,-4.795043566],[137.3879085,-4.795393795],[137.3879432,-4.795542761],[137.3879134,-4.795735244]],[[137.3879134,-4.795735244],[137.3878938,-4.79593534],[137.3879162,-4.796017827]],[[137.3879162,-4.796017827],[137.3878307,-4.795983887],[137.3878713,-4.796099481]],[[137.3878713,-4.796099481],[137.3877473,-4.796410473]],[[137.3877473,-4.796410473],[137.3877136,-4.79649761],[137.3877169,-4.796885178]],[[137.3877169,-4.796885178],[137.3877866,-4.79695994],[137.387699,-4.797111484],[137.3875065,-4.797213683]],[[137.3875065,-4.797213683],[137.3873933,-4.797297189],[137.3870676,-4.797408926]],[[137.3870676,-4.797408926],[137.3868618,-4.797514298],[137.3866495,-4.797497025]],[[137.3866495,-4.797497025],[137.3866147,-4.797418733],[137.3864961,-4.797407132],[137.3864361,-4.797617633]],[[137.3864361,-4.797617633],[137.3862505,-4.797685115],[137.3861999,-4.797786339]],[[137.3862,-4.797786811],[137.3860949,-4.797729063],[137.3859488,-4.797738079],[137.3859207,-4.797815997]],[[137.3859207,-4.797815997],[137.3859258,-4.797815845]],[[137.3859258,-4.797815845],[137.3857929,-4.797826047],[137.3857422,-4.797911566],[137.3856636,-4.797960038]],[[137.3856636,-4.797960038],[137.3854342,-4.798060083],[137.3851243,-4.798102967],[137.3850097,-4.798265244]],[[137.3850097,-4.798265244],[137.3844008,-4.798399724],[137.3840451,-4.79879294]],[[137.3840451,-4.79879294],[137.3839035,-4.798865683],[137.3836464,-4.799140693],[137.3836473,-4.799228727],[137.3835727,-4.79926999]],[[137.3835727,-4.79926999],[137.383467,-4.799374868],[137.3834371,-4.799714143]],[[137.3834371,-4.799714143],[137.3834991,-4.799811655]],[[137.3834991,-4.799811655],[137.3835414,-4.799847235]],[[137.3835414,-4.799847235],[137.3835165,-4.799912488],[137.3832517,-4.80013072],[137.382987,-4.800406883]],[[137.382987,-4.800406883],[137.3827104,-4.800726291],[137.382517,-4.801163834]],[[137.382517,-4.801163834],[137.3822823,-4.801344633],[137.3822158,-4.801468744],[137.3822223,-4.801565474],[137.382185,-4.801639342],[137.3821951,-4.801851375],[137.3821132,-4.801908384]],[[137.3821132,-4.801908384],[137.3817054,-4.801930603]],[[137.3817054,-4.801930603],[137.3816065,-4.801948478],[137.3814162,-4.802204816],[137.3812512,-4.80232637]],[[137.3812512,-4.80232637],[137.3812712,-4.802311074],[137.3812526,-4.802346261]],[[137.3812526,-4.802346261],[137.3812646,-4.802447268],[137.3810913,-4.802503644],[137.381053,-4.802567721]],[[137.381053,-4.802567721],[137.3807901,-4.802736174]],[[137.3807901,-4.802736174],[137.3805951,-4.802429652]],[[137.3805951,-4.802429652],[137.380541,-4.802484086],[137.3804498,-4.802509737]],[[137.3804498,-4.802509737],[137.3804868,-4.802488835],[137.3805426,-4.80258163],[137.3804802,-4.80272655],[137.3804308,-4.802756395],[137.3804319,-4.802962999]],[[137.3804319,-4.802962999],[137.3803328,-4.803171625],[137.3802611,-4.803214383],[137.3802048,-4.803237246],[137.3800475,-4.80318409],[137.3800192,-4.803198724],[137.3799684,-4.803392341],[137.3800743,-4.803605786]],[[137.3800743,-4.803605786],[137.3800346,-4.803759905],[137.3799044,-4.803793079],[137.3797769,-4.803904632],[137.3797556,-4.804016012]],[[137.3797556,-4.804016012],[137.3797729,-4.803981953],[137.3796575,-4.804011746],[137.3796484,-4.804092087],[137.3796858,-4.804189003]],[[137.3796858,-4.804189003],[137.3797003,-4.804310495],[137.3796237,-4.804366785]],[[137.3796237,-4.804366785],[137.3795572,-4.804433441]],[[137.3795572,-4.804433441],[137.3794148,-4.80468419],[137.3793204,-4.804740149]],[[137.3793204,-4.804740149],[137.3792631,-4.804859674],[137.3792959,-4.804945093]],[[137.3792959,-4.804945093],[137.3793073,-4.805039229],[137.3792478,-4.805132117],[137.3793301,-4.805213746],[137.3794477,-4.805206031]],[[137.3794477,-4.805206031],[137.3794581,-4.805356427],[137.3795247,-4.805452763]],[[137.3795247,-4.805452763],[137.3795358,-4.805495075]],[[137.3795358,-4.805495075],[137.3794268,-4.805465086],[137.3795125,-4.80541391]],[[137.3795125,-4.80541391],[137.3799173,-4.805483906]],[[137.3799173,-4.805483906],[137.3799253,-4.805592014],[137.3797583,-4.805859125]],[[137.3797583,-4.805859125],[137.3795226,-4.805989206],[137.3794602,-4.805990159]],[[137.3794602,-4.805990159],[137.3796636,-4.805938235],[137.3797814,-4.806063952],[137.3797856,-4.806162894],[137.379723,-4.806166795]],[[137.379723,-4.806166795],[137.3796739,-4.806457964]],[[137.3796739,-4.806457964],[137.3795608,-4.806469178],[137.3794285,-4.806393496],[137.3792174,-4.806338209],[137.3791167,-4.806356167]],[[137.3791167,-4.806356167],[137.3791961,-4.806379693],[137.3793381,-4.806538235]],[[137.3793381,-4.806538235],[137.3793171,-4.806553317]],[[137.3793171,-4.806553317],[137.3793805,-4.80652592],[137.3794196,-4.806597883],[137.3793537,-4.806690509]],[[137.3793537,-4.806690509],[137.3794121,-4.806796507]],[[137.3794121,-4.806796507],[137.3796394,-4.806762427],[137.3798122,-4.806890628]],[[137.3798122,-4.806890628],[137.3798418,-4.806892804]],[[137.3798418,-4.806892804],[137.3799685,-4.806970445],[137.3798962,-4.807080254]],[[137.3798962,-4.807080254],[137.3798956,-4.807168318]],[[137.3798956,-4.807168318],[137.3799793,-4.807220175],[137.3800632,-4.807367294],[137.3800604,-4.807452115]],[[137.3800604,-4.807452115],[137.3801893,-4.807627587]],[[137.3801893,-4.807627587],[137.3802114,-4.807714064],[137.3800677,-4.807804219],[137.3800566,-4.807926596],[137.3801302,-4.807961208],[137.3802489,-4.807925201]],[[137.3802489,-4.807925201],[137.3804005,-4.807934627],[137.3805074,-4.80802327]],[[137.3805074,-4.80802327],[137.3807309,-4.808156633],[137.380883,-4.80805222]],[[137.380883,-4.80805222],[137.3809829,-4.808031594],[137.3811222,-4.808283648],[137.3812161,-4.808241035],[137.3812695,-4.808271031]],[[137.3812695,-4.808271031],[137.3812436,-4.808391972],[137.3813967,-4.808622626],[137.3814354,-4.80867624],[137.3815696,-4.808716061]],[[137.3815696,-4.808716061],[137.3816688,-4.808753562],[137.3816902,-4.808712333]],[[137.3816902,-4.808712333],[137.3816737,-4.808742283],[137.3814356,-4.80867633],[137.3812396,-4.808381725],[137.3812465,-4.80827147]],[[137.3812465,-4.80827147],[137.3811139,-4.808260271],[137.3810178,-4.808010971]],[[137.3810178,-4.808010971],[137.3810783,-4.80791105],[137.3810655,-4.80780588],[137.3810354,-4.807839161]],[[137.3810354,-4.807839161],[137.3810495,-4.807999314]],[[137.3810495,-4.807999314],[137.3810041,-4.808007546]],[[137.3810041,-4.808007546],[137.3810487,-4.808001667],[137.3810137,-4.807762754]],[[137.3810137,-4.807762754],[137.3811194,-4.807907993]],[[137.3811194,-4.807907993],[137.3811,-4.807875966],[137.3809802,-4.80801261],[137.3809687,-4.807987064],[137.3809929,-4.808031688]],[[137.3809929,-4.808031688],[137.3809924,-4.808005387]],[[137.3809924,-4.808005387],[137.3812104,-4.807950746],[137.38142,-4.807836698]],[[137.38142,-4.807836698],[137.3816212,-4.807691864],[137.3815435,-4.80763149],[137.3815047,-4.807537902]],[[137.3815047,-4.807537902],[137.3816319,-4.807571384],[137.3816738,-4.807510957],[137.3816484,-4.807412752],[137.381668,-4.807349981]],[[137.381668,-4.807349981],[137.3818458,-4.807395117],[137.3818749,-4.807508376],[137.3819583,-4.807491678],[137.38194,-4.807525722]],[[137.38194,-4.807525722],[137.3819096,-4.807650347],[137.3824059,-4.807840844],[137.3825189,-4.807963726],[137.3825624,-4.80790359]],[[137.3825624,-4.80790359],[137.382671,-4.807784821]],[[137.382671,-4.807784821],[137.3826218,-4.80783749],[137.3826281,-4.807882586]],[[137.3826281,-4.807882586],[137.3826901,-4.807987834],[137.3827796,-4.80803165],[137.3828539,-4.808133064]],[[137.3828539,-4.808133064],[137.3828718,-4.808272142],[137.3826697,-4.80844013],[137.3826516,-4.808822009]],[[137.3826516,-4.808822009],[137.3827008,-4.809102849],[137.3826368,-4.809240517],[137.3826398,-4.809403027],[137.3826917,-4.809453173],[137.3826974,-4.809543143]],[[137.3826974,-4.809543143],[137.3823585,-4.809716353]],[[137.3823585,-4.809716353],[137.3820969,-4.809834786],[137.3819801,-4.809835568],[137.3818621,-4.809912727]],[[137.3818621,-4.809912727],[137.3818429,-4.810016752],[137.3819684,-4.810214529],[137.3818866,-4.810284255],[137.3818568,-4.810381278],[137.3817563,-4.810421207]],[[137.3817563,-4.810421207],[137.3817033,-4.810458698],[137.3816768,-4.810535809]],[[137.3816768,-4.810535809],[137.3816452,-4.810600288]],[[137.3816452,-4.810600288],[137.3816597,-4.810793595],[137.381621,-4.811261753],[137.3818117,-4.811552448]],[[137.3818117,-4.811552448],[137.3820289,-4.811914897],[137.3820371,-4.812015226]],[[137.3820371,-4.812015226],[137.3820149,-4.812266397],[137.3820602,-4.812507111],[137.3821387,-4.812711409],[137.382148,-4.812848938]],[[137.382148,-4.812848938],[137.3821278,-4.812888075],[137.3818999,-4.813024018],[137.3818456,-4.813169057]],[[137.3818456,-4.813169057],[137.3815474,-4.813245131],[137.381467,-4.81321197],[137.3813703,-4.813226907]],[[137.3813703,-4.813226907],[137.3812201,-4.813454882],[137.3810419,-4.813626552],[137.3810006,-4.813789524]],[[137.3810006,-4.813789524],[137.3812893,-4.813927961],[137.3814379,-4.814049046],[137.3815058,-4.814039574],[137.3816296,-4.814104465],[137.3816991,-4.814188504],[137.3817063,-4.814267199]],[[137.3817063,-4.814267199],[137.3817699,-4.814310437],[137.3818334,-4.814445605]],[[137.3818334,-4.814445605],[137.3817767,-4.814309468],[137.3815949,-4.81434343],[137.3816021,-4.814279734]],[[137.3816021,-4.814279734],[137.3815567,-4.814331514],[137.3815812,-4.814397035]],[[137.3815812,-4.814397035],[137.3816117,-4.814494868],[137.3817,-4.814564122],[137.3818215,-4.814857434]],[[137.3818215,-4.814857434],[137.3818905,-4.814827085],[137.3820779,-4.814937716],[137.3821546,-4.815237647]],[[137.3821546,-4.815237647],[137.3823168,-4.815313141],[137.3823833,-4.81540705],[137.382361,-4.815516102],[137.3824116,-4.815632655]],[[137.3824116,-4.815632655],[137.3824385,-4.81572078],[137.382337,-4.815820982],[137.3823211,-4.815975319],[137.382387,-4.816108811]],[[137.382387,-4.816108811],[137.382388,-4.816161516],[137.3825049,-4.816351258],[137.382569,-4.816384426]],[[137.382569,-4.816384426],[137.3827084,-4.816574267],[137.3829029,-4.816718345],[137.3829616,-4.816858338]],[[137.3829616,-4.816858338],[137.3830139,-4.817089703],[137.3830786,-4.817213949],[137.3830614,-4.817427923]],[[137.3830614,-4.817427923],[137.3831264,-4.817503143],[137.3830992,-4.817917306]],[[137.3830992,-4.817917306],[137.3829299,-4.818178146],[137.3828736,-4.818380955],[137.3829211,-4.818549026]],[[137.3829211,-4.818549026],[137.3832132,-4.818634679],[137.383195,-4.819176899]],[[137.383195,-4.819176899],[137.3832216,-4.819226386],[137.3831921,-4.819347191]],[[137.3831921,-4.819347191],[137.3832806,-4.819620022]],[[137.3833045,-4.82020356],[137.3831352,-4.819912433],[137.3832806,-4.819620022]],[[137.3833045,-4.82020356],[137.3833251,-4.820525743],[137.3834941,-4.82081085],[137.3836601,-4.821028272],[137.3837946,-4.821045809],[137.3838646,-4.821150836],[137.3839674,-4.821185311]],[[137.3839674,-4.821185311],[137.384129,-4.821329861],[137.3842025,-4.821514777]],[[137.3842025,-4.821514777],[137.3846485,-4.821599417]],[[137.3846485,-4.821599417],[137.3847222,-4.820880592],[137.3847756,-4.820811188]],[[137.3847756,-4.820811188],[137.3847526,-4.820749955],[137.3848041,-4.820702061],[137.3848854,-4.820500035],[137.3850737,-4.819911057]],[[137.3850737,-4.819911057],[137.3853222,-4.820044288],[137.3854043,-4.820183281]],[[137.3854043,-4.820183281],[137.3853876,-4.820330844],[137.3855089,-4.820733263]],[[137.3855089,-4.820733263],[137.3856237,-4.820838505],[137.3856038,-4.820964238]],[[137.3856038,-4.820964238],[137.3856372,-4.821143432],[137.3857036,-4.821229647]],[[137.3857036,-4.821229647],[137.3858154,-4.821429968]],[[137.3858154,-4.821429968],[137.3858005,-4.821325153],[137.3858952,-4.821300251],[137.3860323,-4.821404231],[137.3860993,-4.821496438]],[[137.3860993,-4.821496438],[137.3862455,-4.821633074],[137.386445,-4.821942661],[137.3866196,-4.822075623]],[[137.3866196,-4.822075623],[137.3866684,-4.822221584],[137.3866647,-4.822488413]],[[137.3866647,-4.822488413],[137.3867044,-4.822556723],[137.3867203,-4.823011571]],[[137.3867203,-4.823011571],[137.386478,-4.823330275],[137.3864856,-4.823401609],[137.386686,-4.823514433],[137.3866964,-4.823597284]],[[137.3866964,-4.823597284],[137.3866745,-4.823673877]],[[137.3866745,-4.823673877],[137.3866207,-4.823812789]],[[137.3866207,-4.823812789],[137.386699,-4.82394378],[137.3868054,-4.824019841],[137.3871122,-4.824141277]],[[137.3871122,-4.824141277],[137.387067,-4.824494081],[137.3873158,-4.824575919],[137.3873962,-4.824529159],[137.3875927,-4.824602688]],[[137.3875927,-4.824602688],[137.3875755,-4.824562855],[137.3880289,-4.824650831],[137.3881211,-4.824628702]],[[137.3881211,-4.824628702],[137.3882237,-4.8245806],[137.3884273,-4.824551952],[137.3884767,-4.824603903]],[[137.3884767,-4.824603903],[137.3884978,-4.82466299],[137.3888154,-4.824801358],[137.388798,-4.824959168],[137.3888373,-4.825125829]],[[137.3888373,-4.825125829],[137.3888471,-4.825139713]]]},"properties":{"rover":"Curiosity"}}]}